age,gpa,years_experience,python,java,c_cpp,sql,machine_learning,data_analysis,cloud_computing,cybersecurity,web_development,devops,networking,communication,leadership,problem_solving,teamwork,adaptability,recommended_job_1,recommended_job_2,recommended_job_3,gender_Male,degree_level_Master,degree_level_PhD,field_of_study_Computer Science,field_of_study_Cybersecurity,field_of_study_Data Science,field_of_study_Software Engineering,experience_level_Experienced,experience_level_Expert,experience_level_Intermediate
34,3.46,3,1,0,1,1,0,1,1,1,0,1,0,5,3,2,4,4,2,12,3,1,0,0,0,0,1,0,0,0,1
30,3.72,4,1,0,0,1,0,1,0,0,0,1,0,2,1,1,5,1,2,7,0,0,0,1,0,0,1,0,1,0,0
31,2.7,8,1,0,0,1,1,1,0,0,0,0,0,4,2,1,3,2,2,10,6,0,0,1,0,1,0,0,0,1,0
25,2.5,1,0,1,0,0,1,1,1,0,1,0,0,2,5,5,1,5,11,3,1,0,0,0,0,0,1,0,0,0,0
24,3.95,7,0,0,0,0,0,1,1,0,0,0,1,2,3,3,1,5,3,0,11,0,0,0,0,0,0,1,0,1,0
29,2.57,2,1,1,1,0,0,1,0,0,1,0,1,1,3,3,4,1,11,1,8,0,0,1,0,0,1,0,0,0,1
34,2.73,1,0,0,1,0,0,0,1,1,1,1,1,3,1,4,4,3,11,3,7,0,0,0,1,0,0,0,0,0,0
33,3.37,0,0,1,1,1,0,0,0,0,0,0,1,3,1,1,2,5,11,1,11,1,0,1,0,0,0,0,0,0,0
21,3.26,3,1,1,0,1,1,0,1,1,0,1,1,2,2,2,2,1,9,12,3,0,1,0,0,1,0,0,0,0,1
34,3.99,1,1,1,0,1,1,1,0,0,0,1,0,4,1,4,5,3,0,2,10,1,1,0,0,1,0,0,0,0,0
33,2.92,8,0,1,0,1,1,1,1,0,1,0,0,4,3,5,3,2,2,12,3,0,1,0,0,0,1,0,0,1,0
30,2.51,2,1,1,1,0,0,0,0,0,0,1,0,2,4,4,5,3,11,7,1,1,0,0,0,0,0,0,0,0,1
29,3.49,5,0,1,1,0,1,1,1,1,1,1,0,1,3,5,5,2,11,3,7,1,0,0,0,0,0,0,1,0,0
28,3.33,8,1,1,0,0,1,1,1,1,0,1,0,1,5,4,4,2,9,12,3,1,1,0,0,1,0,0,0,1,0
21,3.46,4,1,0,1,1,0,1,1,0,1,1,0,1,3,1,1,5,2,12,3,0,0,0,1,0,0,0,1,0,0
34,2.93,0,0,1,1,1,1,1,0,1,0,1,0,5,3,4,1,1,2,12,7,1,0,1,0,1,0,0,0,0,0
24,2.86,2,1,1,1,0,0,1,1,0,1,1,1,4,2,5,2,3,11,3,7,1,0,0,0,0,0,1,0,0,1
21,3.56,6,1,0,1,1,0,1,0,1,1,0,0,1,5,4,3,5,2,12,4,1,0,1,0,1,0,0,0,1,0
24,3.51,2,0,0,0,0,0,0,1,0,1,1,0,3,2,1,2,5,3,7,8,1,1,0,0,0,1,0,0,0,1
26,2.9,0,1,0,1,0,1,0,1,1,1,1,1,4,1,3,4,4,9,12,3,1,0,1,0,0,0,0,0,0,0
26,3.91,4,1,0,0,1,0,1,0,1,1,1,0,1,2,3,1,1,2,7,4,0,1,0,0,0,1,0,1,0,0
26,3.97,4,1,0,0,0,0,0,1,1,0,0,0,5,2,3,2,3,3,4,0,1,1,0,1,0,0,0,1,0,0
21,3.98,2,0,1,1,0,1,1,0,1,1,0,0,1,1,4,3,5,11,4,0,0,0,1,1,0,0,0,0,0,1
28,3.09,0,0,0,0,1,0,1,0,0,0,0,0,5,2,5,4,3,2,5,6,0,0,1,0,1,0,0,0,0,0
26,3.71,0,0,1,1,1,1,0,0,1,0,1,0,2,2,5,3,5,11,7,4,0,0,0,1,0,0,0,0,0,0
30,2.7,0,0,0,1,1,1,1,0,0,0,1,0,3,2,1,1,5,2,12,7,1,0,1,0,1,0,0,0,0,0
21,3.32,3,0,1,0,1,0,1,0,0,0,1,0,2,2,1,2,5,1,2,12,0,0,0,0,0,0,0,0,0,1
21,3.22,5,1,1,0,0,0,1,0,1,1,1,1,2,4,5,3,5,11,7,4,0,1,0,1,0,0,0,1,0,0
24,2.85,6,0,0,0,0,1,0,1,1,1,0,1,2,2,5,3,1,3,4,8,1,0,0,1,0,0,0,0,1,0
35,3.32,2,1,0,0,0,0,0,0,1,0,1,0,4,1,1,1,5,6,4,2,0,0,0,0,0,1,0,0,0,1
27,2.52,4,1,0,1,1,0,0,0,1,1,1,1,1,3,5,2,5,11,7,4,1,1,0,0,0,0,1,1,0,0
22,2.84,7,1,0,0,0,1,1,1,1,0,0,0,1,2,1,4,1,9,3,4,1,1,0,0,0,0,0,0,1,0
28,2.56,2,0,1,1,1,0,1,1,0,0,0,1,1,2,3,4,4,3,2,12,1,0,1,0,0,0,0,0,0,1
31,3.08,0,0,0,0,1,0,0,0,0,0,1,1,3,2,5,3,1,6,11,10,0,0,0,0,0,0,0,0,0,0
32,3.53,1,0,1,1,1,0,1,0,1,1,0,0,4,4,3,2,2,2,12,4,1,0,1,0,1,0,0,0,0,0
28,2.64,1,0,0,0,1,0,0,1,1,1,0,1,1,2,1,4,3,3,4,8,1,0,0,0,1,0,0,0,0,0
35,3.72,1,1,1,1,0,1,0,0,0,1,1,1,5,2,2,5,4,0,10,12,1,0,1,0,0,1,0,0,0,0
34,2.57,1,0,0,1,1,1,0,1,1,0,1,1,4,4,4,5,5,11,3,7,1,1,0,0,0,1,0,0,0,0
25,2.57,0,1,0,1,0,1,0,1,1,1,0,1,5,5,5,2,2,9,12,3,0,0,0,0,1,0,0,0,0,0
22,3.71,3,0,1,1,1,0,1,1,1,1,0,0,2,5,1,3,3,2,12,3,1,0,1,0,1,0,0,0,0,1
28,3.52,6,0,1,1,0,0,1,1,1,1,1,0,4,2,3,4,1,11,3,7,0,1,0,0,0,0,1,0,1,0
24,3.03,1,1,1,0,1,1,1,1,1,0,1,1,2,4,4,2,5,9,6,2,0,0,1,0,1,0,0,0,0,0
32,3.09,4,1,0,1,1,1,0,0,0,1,1,1,3,5,2,2,3,9,12,7,1,0,0,0,0,0,1,1,0,0
31,2.83,5,1,0,1,1,0,0,1,1,1,1,0,2,4,3,3,2,11,3,7,1,0,0,0,0,1,0,1,0,0
31,3.12,4,0,1,1,1,0,0,1,0,1,0,1,5,3,1,2,5,11,3,1,0,0,1,1,0,0,0,1,0,0
34,2.86,7,1,0,0,1,0,1,0,0,0,1,1,1,5,4,3,2,2,7,5,0,0,1,0,1,0,0,0,1,0
22,3.71,0,0,0,0,1,1,0,1,0,0,1,1,4,2,2,5,4,3,7,0,0,0,1,1,0,0,0,0,0,0
26,3.42,5,1,1,1,0,1,1,0,1,1,1,1,2,5,5,4,1,9,12,7,1,1,0,0,0,1,0,1,0,0
30,2.96,6,1,0,0,0,1,0,1,0,1,1,1,3,2,1,2,5,9,3,7,1,0,0,0,0,0,1,0,1,0
21,3.78,1,1,0,0,1,0,0,1,0,1,0,1,3,4,2,1,4,3,0,8,1,1,0,1,0,0,0,0,0,0
23,3.08,7,1,1,1,0,0,1,0,1,0,1,1,2,5,5,4,3,11,7,4,1,0,0,0,0,1,0,0,1,0
32,2.7,4,1,1,1,0,1,0,1,1,1,0,0,5,1,3,1,1,9,12,3,0,0,0,0,0,0,0,1,0,0
29,3.24,0,0,1,0,1,0,0,0,0,0,0,1,3,5,2,4,5,11,1,11,0,1,0,1,0,0,0,0,0,0
22,2.78,0,0,1,0,0,1,0,0,1,0,1,1,1,2,1,1,1,11,7,4,0,1,0,0,1,0,0,0,0,0
33,3.71,3,0,1,1,1,0,0,1,1,1,0,0,1,5,3,5,3,11,3,4,1,0,1,0,0,1,0,0,0,1
25,3.02,8,1,1,1,1,0,0,0,1,1,0,1,3,3,2,5,3,11,4,1,0,0,1,0,0,1,0,0,1,0
35,3.02,7,1,0,1,0,0,1,1,1,0,1,1,1,2,5,2,2,11,3,7,1,0,0,0,0,0,0,0,1,0
33,2.59,7,1,0,1,0,1,1,1,1,1,0,0,4,4,4,1,2,9,12,3,1,0,0,0,0,0,1,0,1,0
27,2.8,8,0,1,0,1,0,0,0,1,0,1,1,3,3,1,1,2,11,7,4,1,1,0,0,0,0,1,0,1,0
25,2.8,4,0,1,0,1,1,0,1,0,0,0,1,3,4,5,4,3,11,3,1,0,0,1,0,1,0,0,1,0,0
27,2.67,8,0,1,1,0,1,1,0,1,0,1,1,3,5,3,5,2,11,7,4,1,1,0,0,0,1,0,0,1,0
26,2.69,3,1,1,0,1,1,1,1,1,0,1,0,5,2,4,1,5,2,10,6,0,0,0,0,0,0,0,0,0,1
32,2.78,4,1,0,0,0,0,1,0,0,0,0,1,1,5,4,2,2,10,10,6,0,0,1,0,0,0,1,1,0,0
22,3.22,2,0,0,1,1,0,1,0,1,1,0,1,1,2,2,3,5,2,12,4,1,0,0,1,0,0,0,0,0,1
34,2.66,0,0,1,0,0,0,1,1,0,0,0,1,5,4,4,4,4,11,3,1,0,1,0,1,0,0,0,0,0,0
35,3.65,7,1,1,0,0,0,0,1,1,1,0,1,3,2,2,4,4,11,3,4,1,0,1,0,1,0,0,0,1,0
35,2.87,2,1,1,0,1,0,1,1,1,1,1,1,1,3,2,3,5,2,12,3,1,0,0,0,0,1,0,0,0,1
24,3.3,7,1,1,0,0,0,0,1,0,1,0,1,5,2,1,2,4,11,3,1,0,1,0,0,0,1,0,0,1,0
23,2.84,1,0,0,1,1,0,1,0,1,0,0,0,4,5,3,1,3,2,12,4,0,0,1,1,0,0,0,0,0,0
33,2.76,8,1,1,1,1,1,0,1,0,0,1,1,4,2,2,2,2,9,12,3,0,0,1,1,0,0,0,0,1,0
34,3.27,6,1,1,1,1,0,1,1,0,1,0,1,5,2,3,1,1,2,12,3,0,0,0,0,0,1,0,0,1,0
29,2.72,1,0,0,0,1,1,1,1,0,0,1,1,5,5,4,3,3,2,5,3,1,0,1,0,0,1,0,0,0,0
33,2.56,7,1,1,0,0,1,1,1,0,1,1,1,4,2,5,4,2,9,12,3,1,1,0,0,0,1,0,0,1,0
26,2.72,2,1,1,1,0,0,1,0,0,1,1,1,2,4,4,3,5,11,7,1,1,1,0,0,0,0,0,0,0,1
23,2.64,3,0,1,0,1,1,0,1,1,1,1,0,3,1,2,4,4,11,3,7,0,0,1,1,0,0,0,0,0,1
32,2.84,5,0,1,1,0,1,1,1,0,0,1,0,5,3,2,2,3,11,3,7,0,0,1,1,0,0,0,1,0,0
28,2.64,8,0,1,0,1,1,0,1,1,0,0,0,2,3,4,4,2,11,3,4,0,0,1,0,0,0,0,0,1,0
23,2.91,7,0,0,1,0,0,1,0,1,1,1,1,3,5,5,4,5,11,7,4,1,0,1,0,0,0,0,0,1,0
35,2.81,8,1,0,1,0,1,0,0,1,1,1,1,3,3,5,4,4,9,12,7,0,0,0,1,0,0,0,0,1,0
31,3.09,8,1,1,1,0,0,1,0,0,0,1,1,2,1,4,4,2,11,7,1,1,0,0,1,0,0,0,0,1,0
35,2.57,2,0,0,1,0,1,1,1,1,0,1,0,1,3,3,3,3,11,3,7,1,1,0,1,0,0,0,0,0,1
26,3.02,2,0,1,0,1,0,1,0,0,1,0,0,4,2,5,1,5,2,12,5,1,0,1,0,0,1,0,0,0,1
32,3.18,4,0,1,1,0,1,0,1,1,1,1,1,2,3,2,3,3,11,3,7,1,0,0,0,1,0,0,1,0,0
33,3.59,3,1,0,0,0,0,1,1,0,0,1,1,3,2,2,5,4,3,7,11,1,0,0,0,0,0,0,0,0,1
34,2.87,0,0,0,0,0,0,0,0,1,0,0,1,1,1,2,1,5,4,11,10,1,0,1,0,0,0,1,0,0,0
26,3.13,5,1,0,1,0,0,0,0,1,1,1,1,3,4,1,2,4,11,7,4,0,0,0,0,1,0,0,1,0,0
23,2.57,7,1,1,0,1,1,0,1,0,0,0,1,5,5,5,5,2,9,12,3,0,0,0,0,0,1,0,0,1,0
24,3.97,1,1,1,1,0,1,1,1,1,1,1,0,4,5,3,2,5,0,10,12,1,1,0,1,0,0,0,0,0,0
27,3.41,2,0,0,1,0,0,0,1,0,1,1,1,4,3,2,3,2,11,3,7,0,1,0,1,0,0,0,0,0,1
21,4.0,1,0,1,0,1,0,1,1,1,0,0,0,1,1,3,3,2,2,12,3,1,1,0,0,1,0,0,0,0,0
28,3.28,1,0,1,0,1,0,1,0,0,0,1,0,3,2,4,4,3,2,12,7,0,0,1,1,0,0,0,0,0,0
23,3.53,2,1,1,1,0,1,0,1,0,0,1,1,4,5,3,1,1,9,12,3,0,1,0,0,0,0,1,0,0,1
28,3.56,1,0,1,0,0,0,1,0,1,0,0,1,1,5,1,5,3,11,4,6,1,1,0,0,0,0,0,0,0,0
21,3.71,8,1,1,1,1,0,1,1,1,0,1,1,3,3,1,1,2,2,12,3,0,0,1,0,1,0,0,0,1,0
32,3.85,5,0,1,0,1,1,0,1,0,1,1,0,4,5,2,5,1,11,3,7,0,0,1,1,0,0,0,1,0,0
24,3.75,3,1,1,1,0,0,0,1,0,1,1,0,4,1,1,2,4,11,3,7,0,1,0,1,0,0,0,0,0,1
29,3.12,2,1,1,1,1,0,1,1,1,0,1,1,1,5,1,4,4,2,12,3,1,1,0,0,1,0,0,0,0,1
34,3.68,1,1,0,1,0,0,0,1,1,0,1,1,5,2,4,5,1,11,3,7,1,0,1,0,1,0,0,0,0,0
27,3.53,7,0,1,0,1,1,0,1,1,1,1,0,5,4,5,5,5,4,12,3,0,1,0,0,0,0,1,0,1,0
33,3.02,8,1,0,1,1,0,0,0,1,0,0,0,3,1,1,2,1,11,4,1,0,0,0,1,0,0,0,0,1,0
24,2.89,4,0,0,1,0,0,0,0,0,1,1,1,4,4,2,4,1,11,7,1,1,1,0,0,1,0,0,1,0,0
27,2.86,4,1,1,0,0,0,1,1,1,0,0,0,3,2,2,3,5,11,3,4,0,0,0,0,1,0,0,1,0,0
27,3.04,7,1,0,0,0,1,0,0,0,1,1,1,1,5,3,1,2,9,7,6,0,1,0,0,1,0,0,0,1,0
23,2.9,1,0,1,0,1,1,0,0,0,0,1,1,2,3,4,5,5,11,7,1,1,0,0,0,0,0,1,0,0,0
25,2.79,0,0,1,1,1,1,1,0,0,0,0,0,4,2,3,3,1,2,12,5,0,1,0,0,0,0,1,0,0,0
22,3.96,0,1,0,0,0,0,0,0,0,1,0,0,3,3,3,3,4,0,8,9,0,1,0,0,1,0,0,0,0,0
21,3.23,1,0,0,0,1,1,0,0,0,0,1,1,5,5,2,2,5,6,11,2,1,1,0,0,0,1,0,0,0,0
28,2.99,0,0,0,0,1,0,0,0,0,0,0,0,3,2,3,4,1,9,6,0,1,1,0,0,0,0,0,0,0,0
29,2.54,4,0,1,1,0,1,1,1,1,0,0,0,2,5,2,5,5,11,3,4,0,0,1,1,0,0,0,1,0,0
33,3.25,8,0,1,1,1,1,0,1,1,1,1,1,1,3,1,5,2,11,3,7,1,0,1,0,0,1,0,0,1,0
33,3.49,2,1,1,0,0,1,1,1,0,0,1,0,1,2,5,1,5,9,12,3,1,0,1,0,0,0,0,0,0,1
29,3.24,7,0,0,0,0,0,0,1,1,1,1,0,5,4,3,5,1,3,7,4,1,0,0,0,0,1,0,0,1,0
35,2.57,4,0,1,0,1,0,0,1,0,0,1,1,5,2,4,2,5,11,3,7,0,1,0,0,0,0,0,1,0,0
26,2.53,1,0,1,1,1,0,1,1,0,0,1,0,3,3,3,3,5,2,12,3,1,1,0,0,0,0,0,0,0,0
32,3.74,8,1,0,0,1,1,1,0,0,0,0,1,1,1,1,3,2,0,10,6,1,0,0,0,1,0,0,0,1,0
23,3.58,2,1,0,1,0,1,1,1,0,1,1,0,5,5,3,5,2,9,12,3,0,0,0,0,0,1,0,0,0,1
32,3.08,1,0,0,0,1,1,0,1,0,1,0,1,5,2,2,3,1,3,8,11,0,1,0,0,0,0,0,0,0,0
27,3.62,2,0,0,0,1,1,0,1,0,0,0,1,1,2,2,2,5,3,11,10,1,0,0,0,1,0,0,0,0,1
34,3.81,8,1,0,1,1,1,0,1,0,1,1,0,3,1,3,1,1,0,10,12,1,1,0,1,0,0,0,0,1,0
28,3.49,8,0,0,1,0,1,0,1,1,0,0,1,5,3,1,2,4,11,3,4,1,0,1,0,0,0,1,0,1,0
26,3.7,1,0,1,0,0,1,0,0,1,1,0,0,4,5,4,4,5,11,4,1,1,0,0,0,1,0,0,0,0,0
28,3.16,2,1,0,1,0,1,1,1,0,0,0,1,4,4,3,3,2,9,12,3,1,1,0,1,0,0,0,0,0,1
28,2.63,1,1,1,1,1,1,0,0,1,1,1,0,2,3,3,2,2,9,12,7,1,1,0,0,0,0,0,0,0,0
26,2.9,6,1,1,1,0,1,0,0,1,1,1,0,1,1,4,4,1,9,12,7,1,0,1,0,0,1,0,0,1,0
30,3.46,7,1,0,0,0,0,1,0,0,1,0,1,1,4,4,4,5,7,11,9,0,0,1,0,1,0,0,0,1,0
30,2.94,5,0,0,1,1,0,1,0,1,0,1,1,2,3,1,4,2,2,12,7,1,1,0,0,0,1,0,1,0,0
22,2.85,2,0,0,0,1,0,1,0,0,1,0,0,5,3,1,5,1,2,5,8,1,1,0,0,0,1,0,0,0,1
26,3.62,5,1,1,1,1,0,1,1,0,0,0,1,5,5,2,4,4,2,12,3,0,0,1,0,0,1,0,1,0,0
21,3.9,5,0,0,0,0,1,0,0,0,0,0,1,5,5,5,2,5,0,11,2,1,0,1,0,0,0,1,1,0,0
22,3.83,4,0,0,1,1,1,1,0,1,0,1,0,2,4,4,4,1,2,12,7,1,0,0,0,0,0,1,1,0,0
23,3.33,5,1,0,1,1,0,1,0,0,1,1,1,2,2,5,5,1,2,12,7,1,1,0,0,0,1,0,1,0,0
25,3.03,2,1,1,1,1,0,1,1,0,1,1,0,4,4,2,2,2,2,12,3,1,0,1,0,1,0,0,0,0,1
22,2.91,0,1,0,1,1,1,1,1,0,0,0,0,4,3,1,4,1,2,10,6,1,0,0,0,0,0,0,0,0,0
23,2.62,0,0,0,0,0,1,0,0,0,1,1,1,5,3,1,1,1,6,8,11,0,0,1,0,0,0,0,0,0,0
22,3.02,6,0,1,0,1,1,1,1,1,0,0,1,3,5,5,4,5,2,12,3,0,0,1,0,0,1,0,0,1,0
31,2.85,3,0,0,0,1,1,1,0,1,0,0,0,3,2,5,4,2,2,4,5,0,1,0,0,1,0,0,0,0,1
33,2.88,8,1,0,0,1,0,1,0,0,0,0,0,3,2,4,5,1,2,5,6,1,1,0,0,0,0,0,0,1,0
23,3.53,5,0,1,0,1,1,0,1,0,0,0,1,4,5,4,5,1,11,3,1,0,0,0,0,1,0,0,1,0,0
21,3.41,4,0,0,0,0,1,0,0,1,1,0,0,3,1,3,4,5,4,8,9,1,0,0,0,0,1,0,1,0,0
27,2.81,4,1,0,0,0,1,0,1,1,0,0,0,1,2,5,3,2,9,3,4,1,0,1,0,0,0,1,1,0,0
27,3.1,8,1,0,0,0,1,1,1,0,1,0,1,3,4,4,2,2,9,3,6,1,0,1,0,0,1,0,0,1,0
31,3.23,6,0,0,1,0,0,0,0,0,1,1,0,2,2,2,5,5,11,7,1,1,0,0,0,0,0,0,0,1,0
24,3.28,6,0,0,0,1,1,0,1,0,0,1,0,1,4,4,5,1,3,7,10,0,0,0,1,0,0,0,0,1,0
25,2.78,2,1,0,1,0,1,1,1,1,1,0,0,5,2,1,1,4,9,12,3,1,0,0,0,0,0,1,0,0,1
32,2.98,5,1,1,1,0,1,1,1,1,0,1,1,2,3,3,5,3,9,12,3,1,0,0,1,0,0,0,1,0,0
27,3.03,0,0,1,0,1,1,1,1,0,1,0,0,3,4,5,5,4,2,12,3,0,0,1,0,0,0,0,0,0,0
22,3.68,7,1,1,0,1,1,0,0,1,0,1,0,1,1,1,5,2,9,12,7,1,0,0,0,0,0,0,0,1,0
22,2.57,8,0,1,1,1,0,0,1,1,1,0,1,2,3,5,1,5,11,3,4,1,0,0,0,0,0,1,0,1,0
25,3.24,1,1,1,0,0,1,0,1,1,1,0,0,1,3,3,2,2,9,12,3,1,0,0,0,0,1,0,0,0,0
32,3.3,1,0,1,1,1,0,1,1,1,1,0,0,2,5,4,5,1,2,12,3,1,0,0,0,0,1,0,0,0,0
30,3.37,5,1,0,0,1,0,1,1,0,1,1,0,2,3,1,5,1,2,3,7,0,1,0,0,0,0,0,1,0,0
27,3.68,3,1,1,0,1,0,1,1,0,0,1,0,5,4,2,3,1,2,12,3,1,0,0,0,0,0,1,0,0,1
30,3.73,5,1,1,0,0,0,0,0,0,1,1,0,4,3,5,3,2,11,7,0,0,0,0,0,0,0,0,1,0,0
27,3.08,1,1,1,0,1,0,1,0,0,1,0,0,3,2,4,5,2,2,12,5,0,0,1,0,0,0,1,0,0,0
27,3.94,4,0,0,1,1,0,1,0,0,0,1,1,3,1,3,5,2,2,12,7,1,0,0,1,0,0,0,1,0,0
30,3.71,4,0,0,1,1,0,1,0,0,0,0,1,2,4,3,1,3,2,12,0,0,0,1,0,0,1,0,1,0,0
28,3.5,6,1,0,1,1,0,1,1,0,1,0,1,4,4,5,4,1,2,12,3,0,0,0,0,0,0,1,0,1,0
24,3.84,0,0,0,1,0,0,1,0,1,1,1,1,3,2,4,2,1,11,7,4,1,1,0,0,0,1,0,0,0,0
32,2.77,2,0,1,0,0,1,1,1,0,0,0,1,4,4,3,4,2,11,3,1,0,1,0,0,0,0,0,0,0,1
35,2.93,5,1,0,1,1,0,1,1,0,0,1,0,4,1,1,2,2,2,12,3,0,0,1,0,0,0,1,1,0,0
28,3.1,0,0,1,0,0,1,1,0,0,1,0,1,2,4,1,5,3,11,1,8,1,1,0,1,0,0,0,0,0,0
33,3.35,7,0,1,0,0,0,0,1,0,0,1,0,3,5,5,3,4,11,3,7,0,1,0,0,0,1,0,0,1,0
26,3.73,5,1,0,0,0,0,1,0,1,0,0,1,4,5,4,2,4,4,0,11,1,0,1,0,0,0,1,1,0,0
30,3.01,2,1,0,1,0,0,1,0,0,0,0,0,2,5,3,1,3,11,1,10,0,0,1,1,0,0,0,0,0,1
30,3.77,6,1,1,1,0,0,0,0,1,0,0,0,4,5,4,1,2,11,4,0,0,0,0,0,0,0,1,0,1,0
27,2.69,0,1,0,1,1,1,1,0,0,0,1,1,1,3,1,4,2,9,6,2,1,0,0,1,0,0,0,0,0,0
29,2.75,8,1,1,0,1,0,1,1,0,1,1,1,3,1,3,2,2,3,2,12,1,0,1,0,1,0,0,0,1,0
35,3.86,1,0,0,1,1,0,1,1,1,0,0,0,2,5,5,4,4,2,12,3,0,1,0,0,0,1,0,0,0,0
21,3.67,4,1,0,1,1,1,1,1,0,0,0,1,3,2,3,3,2,9,6,2,1,0,0,0,0,1,0,1,0,0
30,3.93,2,0,0,1,0,1,0,0,1,1,0,1,5,2,2,5,5,11,4,0,0,0,1,0,0,0,0,0,0,1
31,3.2,5,1,0,1,0,1,1,1,1,1,0,0,1,1,3,5,3,9,12,3,0,0,0,0,1,0,0,1,0,0
22,3.94,0,1,0,0,1,0,1,1,1,0,1,1,3,2,2,3,3,2,3,7,0,0,0,0,0,0,1,0,0,0
34,3.44,2,0,0,1,1,0,0,0,1,1,1,1,2,5,1,1,3,11,7,4,0,0,0,0,1,0,0,0,0,1
33,2.95,6,0,1,1,0,0,1,0,1,1,1,0,2,5,2,4,3,11,7,4,0,1,0,0,0,1,0,0,1,0
22,3.06,5,1,0,0,1,0,1,1,0,1,1,0,5,5,4,4,5,2,3,7,0,0,0,1,0,0,0,1,0,0
27,3.37,6,0,0,1,1,1,0,1,1,1,1,0,1,3,1,5,3,11,3,7,1,1,0,0,0,1,0,0,1,0
22,2.95,3,0,0,0,1,0,1,0,0,0,0,0,3,1,4,4,2,2,5,6,0,0,1,1,0,0,0,0,0,1
31,3.65,6,1,1,1,0,1,0,0,1,1,0,1,1,5,2,3,5,9,12,4,0,1,0,0,0,0,0,0,1,0
32,3.74,5,1,0,0,1,0,1,1,1,1,0,0,2,2,5,1,5,2,3,4,1,0,1,0,0,0,1,1,0,0
28,3.44,3,0,0,0,0,1,0,0,1,0,0,0,2,5,4,4,2,4,10,6,1,0,0,1,0,0,0,0,0,1
35,3.64,3,0,1,1,1,1,1,0,1,1,0,0,3,5,1,2,4,2,12,4,0,1,0,0,0,0,1,0,0,1
27,3.47,5,0,0,0,1,0,1,1,1,0,0,0,4,4,4,2,3,2,3,4,0,0,0,0,0,0,0,1,0,0
32,2.67,8,0,1,1,1,1,1,1,1,1,1,0,5,3,3,1,5,2,12,3,0,1,0,0,0,0,1,0,1,0
34,3.47,8,1,0,0,1,0,0,0,0,1,1,0,2,4,5,2,5,6,8,9,1,0,1,0,0,0,0,0,1,0
34,3.31,5,0,1,0,0,0,1,1,0,0,1,1,5,3,4,2,5,11,3,7,0,0,0,0,0,0,0,1,0,0
31,2.6,1,0,1,1,0,1,0,0,0,1,0,1,5,4,5,4,2,11,1,8,1,0,1,1,0,0,0,0,0,0
33,3.29,4,1,1,1,0,1,1,0,0,1,0,1,3,3,2,3,4,9,12,6,1,1,0,0,1,0,0,1,0,0
32,3.47,3,1,1,0,0,1,0,1,1,1,0,1,4,2,4,4,1,7,10,12,1,0,0,0,0,1,0,0,0,1
35,2.7,0,0,1,0,1,0,0,0,0,1,0,1,4,5,4,3,4,11,1,8,1,0,0,0,0,0,1,0,0,0
35,3.88,7,1,1,0,1,1,1,1,1,1,1,1,1,3,1,5,1,0,10,6,1,1,0,0,1,0,0,0,1,0
23,2.93,6,1,1,0,0,0,0,0,1,1,0,0,2,2,4,1,5,11,4,1,0,0,0,0,0,0,1,0,1,0
30,3.63,1,1,0,1,1,1,1,1,0,1,1,0,4,1,5,1,4,2,10,6,1,0,1,1,0,0,0,0,0,0
30,3.66,6,1,1,1,0,1,0,1,0,0,1,0,1,2,2,3,5,9,12,3,1,0,0,0,0,0,1,0,1,0
27,3.33,8,1,0,1,0,0,1,0,1,1,1,0,4,4,1,1,2,11,7,4,1,0,1,0,1,0,0,0,1,0
32,3.19,2,0,0,1,0,1,0,1,0,0,0,0,3,1,2,2,3,11,3,1,1,0,0,0,1,0,0,0,0,1
32,2.83,8,1,1,0,1,0,1,0,1,1,0,1,1,2,4,4,1,2,12,4,0,0,1,0,0,1,0,0,1,0
27,2.56,4,0,1,0,1,1,0,0,1,1,1,0,1,2,2,2,5,11,7,4,0,0,1,0,0,0,0,1,0,0
30,2.85,7,0,1,0,0,0,0,0,0,1,0,1,3,4,3,2,4,11,1,8,0,0,0,0,0,0,0,0,1,0
35,3.71,8,0,1,1,0,0,0,0,1,0,1,0,1,3,2,1,2,11,7,4,0,0,1,0,0,1,0,0,1,0
25,3.18,2,1,0,0,0,1,0,1,1,0,1,1,2,5,4,3,5,9,3,7,0,0,0,1,0,0,0,0,0,1
30,2.73,1,1,1,1,1,0,0,0,1,0,1,1,5,4,1,1,4,11,7,4,1,0,1,0,0,1,0,0,0,0
26,3.0,7,0,0,0,0,0,0,0,0,1,1,0,4,4,4,3,1,6,12,8,0,0,1,1,0,0,0,0,1,0
32,3.0,1,0,0,1,1,1,0,1,0,0,1,0,2,4,1,1,2,11,3,7,1,0,0,0,1,0,0,0,0,0
31,2.7,1,1,1,1,1,0,1,0,1,1,0,0,4,1,5,2,2,2,12,4,1,0,1,0,0,1,0,0,0,0
33,3.54,3,0,0,1,1,1,1,1,1,1,0,0,5,1,5,3,4,2,12,3,1,0,1,0,0,0,1,0,0,1
25,3.12,0,0,0,0,1,0,0,1,0,1,1,1,5,5,3,4,3,3,7,8,1,0,0,1,0,0,0,0,0,0
29,3.3,8,1,0,0,0,0,1,1,0,1,1,1,3,3,2,1,2,3,7,6,1,0,1,0,0,1,0,0,1,0
32,2.82,1,1,0,1,0,0,1,0,0,0,1,1,1,1,4,2,3,11,7,1,0,0,0,1,0,0,0,0,0,0
34,3.99,1,0,0,0,1,1,0,0,1,1,0,1,2,5,4,1,4,4,0,8,1,0,1,1,0,0,0,0,0,0
34,2.56,1,1,1,0,1,1,0,1,0,0,0,1,4,2,2,5,5,9,12,3,1,0,0,0,0,1,0,0,0,0
23,3.24,1,0,1,0,1,0,1,0,1,0,1,0,4,1,1,3,3,2,12,7,1,0,0,0,0,0,0,0,0,0
21,3.19,7,1,0,1,1,0,0,0,1,0,0,0,4,1,2,2,2,11,4,1,1,1,0,0,0,0,1,0,1,0
29,3.16,2,1,0,0,1,0,0,1,0,0,0,1,3,2,4,5,1,3,11,10,1,0,1,0,0,1,0,0,0,1
35,3.2,2,1,1,0,1,1,1,1,0,1,1,0,1,2,1,5,2,9,6,2,1,0,1,0,0,0,0,0,0,1
24,2.5,4,0,1,1,1,0,1,1,1,0,0,0,3,5,5,5,4,2,12,3,1,1,0,0,0,1,0,1,0,0
22,2.63,3,1,1,0,0,0,0,1,1,1,0,0,3,3,3,2,1,11,3,4,1,0,0,0,0,0,1,0,0,1
21,2.59,6,0,0,1,1,1,1,1,1,1,1,0,5,2,3,1,2,2,12,3,1,1,0,0,0,1,0,0,1,0
32,3.43,8,0,1,1,0,1,1,0,0,1,1,1,3,5,2,3,5,11,7,1,0,1,0,1,0,0,0,0,1,0
24,2.56,8,1,0,1,0,1,1,0,0,0,0,1,3,1,4,5,2,9,12,6,0,0,0,0,0,1,0,0,1,0
27,3.69,8,1,1,0,0,1,0,0,1,0,1,1,1,2,2,1,5,9,12,7,1,1,0,0,1,0,0,0,1,0
22,3.19,8,1,1,1,0,0,0,0,0,1,1,0,4,2,4,2,2,11,7,1,0,1,0,0,0,0,1,0,1,0
32,3.44,7,0,1,0,0,0,1,0,1,1,1,1,4,5,4,4,1,11,7,4,0,0,1,0,0,0,1,0,1,0
30,3.1,1,0,0,1,0,0,1,0,0,0,0,1,5,5,3,1,4,11,1,11,1,0,1,0,0,1,0,0,0,0
23,3.65,7,0,0,1,1,0,1,0,1,1,0,0,4,2,1,1,2,2,12,4,0,0,1,0,0,1,0,0,1,0
26,3.95,2,0,0,1,1,1,0,1,0,1,0,0,5,3,2,2,5,11,3,0,0,0,1,0,0,0,1,0,0,1
34,3.84,7,0,0,0,0,1,0,1,0,0,1,1,4,1,5,2,5,3,7,0,0,1,0,0,0,0,1,0,1,0
22,2.94,0,1,0,1,0,0,0,0,1,1,0,1,3,5,3,5,4,11,4,1,0,0,0,0,0,0,1,0,0,0
30,3.0,0,0,0,0,1,0,1,1,0,0,0,0,3,1,3,3,1,2,3,5,1,0,1,0,0,0,1,0,0,0
34,3.66,6,1,0,1,1,0,0,0,1,0,1,0,5,3,1,2,1,11,7,4,0,0,1,0,0,1,0,0,1,0
23,2.57,7,1,1,0,1,0,0,0,0,0,1,1,4,4,5,4,4,11,7,1,1,1,0,0,0,0,1,0,1,0
25,2.92,3,0,1,0,0,0,0,0,1,0,1,0,3,5,4,1,2,11,7,4,1,0,1,1,0,0,0,0,0,1
29,3.57,1,0,0,0,0,0,1,0,0,0,1,0,3,2,2,2,5,6,10,6,1,0,1,1,0,0,0,0,0,0
31,2.68,1,1,0,0,1,1,0,1,1,1,0,0,1,5,4,4,5,9,3,4,0,1,0,1,0,0,0,0,0,0
27,3.45,7,0,0,0,0,0,0,1,1,0,0,1,2,1,4,5,5,3,4,11,0,0,0,0,0,0,1,0,1,0
33,2.59,1,1,1,1,0,0,1,1,0,0,0,1,1,4,5,3,4,11,3,1,1,0,1,0,0,1,0,0,0,0
30,3.91,8,1,0,0,1,0,1,1,1,1,0,0,3,4,1,2,2,2,3,4,1,0,0,0,0,1,0,0,1,0
23,2.98,4,0,0,1,1,0,0,1,0,0,0,1,5,5,5,2,5,11,3,1,0,0,1,1,0,0,0,1,0,0
32,2.89,3,0,1,1,0,0,0,0,0,0,1,0,3,4,5,1,1,11,7,1,1,1,0,0,0,1,0,0,0,1
32,3.64,1,1,0,1,1,1,1,0,1,1,0,1,5,5,2,4,1,2,10,6,1,0,1,0,1,0,0,0,0,0
30,3.7,1,1,0,1,1,1,0,1,0,1,1,1,4,4,2,2,1,9,12,3,1,0,0,0,0,0,0,0,0,0
24,3.61,1,1,0,0,1,0,1,1,1,1,1,1,5,3,4,2,1,2,3,7,0,0,0,0,0,1,0,0,0,0
24,3.63,7,1,1,0,0,0,0,0,1,1,0,1,4,1,1,3,4,11,4,1,1,0,0,1,0,0,0,0,1,0
25,3.97,0,1,0,1,0,0,1,1,0,0,0,1,4,5,5,4,3,11,3,0,1,0,1,0,0,1,0,0,0,0
28,3.62,0,0,1,1,0,1,1,0,1,1,0,0,1,3,4,4,3,11,4,1,0,0,1,1,0,0,0,0,0,0
31,3.49,3,0,1,1,1,1,1,0,0,0,0,0,3,2,5,2,3,2,12,5,0,0,0,0,0,0,1,0,0,1
27,3.37,3,0,1,0,1,1,0,0,0,0,1,1,4,2,4,4,2,11,7,1,1,1,0,0,0,1,0,0,0,1
31,3.95,5,0,1,1,1,0,1,1,0,0,1,1,3,5,1,5,5,2,12,3,1,1,0,1,0,0,0,1,0,0
23,3.36,4,0,0,0,0,0,0,0,0,0,1,0,4,5,1,1,5,6,2,10,1,0,0,0,0,1,0,1,0,0
34,3.15,5,1,1,1,1,1,0,1,0,1,0,1,5,2,3,5,5,9,12,3,1,0,1,0,0,1,0,1,0,0
29,3.87,1,0,1,1,1,1,0,0,1,1,1,0,1,3,1,1,4,11,7,4,1,0,0,0,0,0,0,0,0,0
27,3.15,0,0,0,1,0,1,1,1,0,1,1,0,5,5,5,4,4,11,3,7,0,1,0,0,0,0,1,0,0,0
27,3.91,2,1,0,0,1,0,1,0,0,0,1,0,4,3,2,3,5,2,7,0,1,1,0,0,1,0,0,0,0,1
34,3.94,6,1,1,1,0,0,0,0,0,1,1,1,1,3,4,4,4,11,7,0,1,0,0,0,0,0,1,0,1,0
35,3.42,1,1,0,0,0,1,0,0,1,1,0,1,3,3,5,3,3,9,4,6,1,1,0,0,1,0,0,0,0,0
27,3.78,5,0,0,1,0,1,0,0,1,1,0,0,1,5,5,1,5,11,4,0,1,0,1,0,1,0,0,1,0,0
25,2.93,6,0,1,0,1,1,0,1,1,1,1,0,4,5,1,1,3,11,3,7,0,0,0,0,1,0,0,0,1,0
21,2.67,6,1,1,0,1,0,0,0,1,1,1,0,4,2,2,2,5,11,7,4,1,1,0,1,0,0,0,0,1,0
35,2.7,6,1,1,0,1,1,1,1,0,1,1,0,3,4,3,4,2,9,6,2,1,0,0,0,0,0,1,0,1,0
22,3.17,3,0,1,0,1,1,0,0,0,1,0,0,4,1,3,4,3,11,1,8,0,1,0,1,0,0,0,0,0,1
22,3.3,7,1,0,0,1,1,1,1,0,0,0,1,1,2,5,3,3,9,6,2,0,0,0,0,0,0,0,0,1,0
33,3.44,3,1,0,1,0,1,0,0,0,1,1,1,1,5,3,5,3,9,12,7,1,0,0,0,1,0,0,0,0,1
26,3.18,2,1,0,0,1,0,1,1,1,0,0,1,5,4,2,4,5,2,3,4,1,0,1,0,0,0,1,0,0,1
27,3.91,8,1,1,1,0,1,1,1,1,1,0,1,3,2,2,1,1,0,10,12,1,0,0,1,0,0,0,0,1,0
26,3.89,5,1,0,0,0,1,0,0,0,0,1,1,1,3,3,2,4,0,11,10,0,1,0,0,0,0,0,1,0,0
28,3.38,7,1,1,1,0,1,0,0,1,1,1,0,3,5,3,1,2,9,12,7,1,0,1,1,0,0,0,0,1,0
24,3.79,3,1,0,1,1,1,1,0,0,1,1,1,3,4,4,3,2,0,10,6,1,1,0,0,0,0,1,0,0,1
33,3.62,2,0,1,0,1,0,0,1,0,1,0,0,1,4,4,1,5,11,3,1,1,0,0,0,0,1,0,0,0,1
35,2.78,7,1,1,1,1,1,0,0,1,0,0,0,4,2,3,1,5,9,12,4,0,0,0,1,0,0,0,0,1,0
32,3.32,7,1,0,0,0,1,1,1,1,0,1,0,3,1,1,4,3,9,3,7,0,0,0,1,0,0,0,0,1,0
21,3.9,3,1,1,0,0,1,1,1,0,1,1,1,3,4,5,1,5,0,10,12,1,0,0,1,0,0,0,0,0,1
28,3.44,7,1,1,0,0,1,1,1,1,0,1,0,3,2,2,1,1,9,12,3,0,0,1,0,0,0,1,0,1,0
35,3.61,8,1,1,0,1,0,1,1,1,0,1,1,4,5,4,2,2,2,12,3,1,0,0,0,0,1,0,0,1,0
25,2.66,7,0,1,0,1,1,0,0,0,1,1,0,2,2,1,1,1,8,12,7,0,1,0,1,0,0,0,0,1,0
33,2.53,6,0,1,0,0,0,1,1,1,1,1,0,2,2,4,3,4,11,3,7,1,0,1,0,0,1,0,0,1,0
33,2.66,3,0,0,1,0,0,1,1,0,1,0,0,2,2,5,1,5,11,3,1,0,0,0,0,0,0,1,0,0,1
26,3.53,0,0,1,0,0,0,0,1,0,0,0,0,1,1,2,1,2,11,3,1,1,1,0,0,0,0,0,0,0,0
29,2.76,6,1,0,0,1,1,1,0,1,1,0,1,3,2,2,1,2,9,6,2,0,1,0,1,0,0,0,0,1,0
23,2.8,5,1,1,0,0,0,0,1,1,1,1,0,2,2,4,5,4,11,3,7,0,1,0,0,0,0,1,1,0,0
22,2.75,1,0,1,1,1,0,0,1,1,1,0,0,1,1,4,2,3,11,3,4,0,1,0,1,0,0,0,0,0,0
25,3.42,6,0,1,1,0,1,0,0,1,1,0,0,1,3,5,4,2,11,4,1,1,0,0,0,0,0,1,0,1,0
34,3.8,3,1,1,0,0,1,1,0,1,1,1,1,3,3,3,3,4,0,10,12,1,0,0,1,0,0,0,0,0,1
28,2.91,3,0,0,1,1,0,1,0,0,0,1,0,3,1,2,4,3,2,12,7,1,0,0,0,0,0,1,0,0,1
34,3.12,2,0,0,1,0,1,1,1,1,1,1,1,3,2,5,2,2,11,3,7,0,1,0,1,0,0,0,0,0,1
29,3.63,1,1,1,0,1,1,0,1,1,0,1,0,3,4,2,1,2,9,12,3,0,0,0,0,0,0,0,0,0,0
26,3.86,5,0,1,0,0,1,0,0,1,1,0,1,5,3,4,5,2,11,4,0,1,1,0,0,0,0,0,1,0,0
35,3.76,3,1,1,0,1,1,0,1,0,1,0,1,2,1,2,1,1,0,10,12,1,1,0,0,0,0,0,0,0,1
31,2.62,1,0,1,1,1,1,1,0,1,0,0,1,4,3,1,4,3,2,12,4,0,0,1,0,1,0,0,0,0,0
24,3.42,4,1,1,0,0,1,0,0,1,1,1,0,4,5,4,3,1,9,12,7,1,0,1,0,0,0,1,1,0,0
35,2.75,4,1,0,1,0,1,1,0,0,0,1,0,1,3,3,2,1,9,12,7,0,0,1,0,0,0,1,1,0,0
29,3.37,3,1,1,1,1,0,0,1,0,1,1,1,4,2,2,5,2,10,12,3,0,0,1,1,0,0,0,0,0,1
33,2.94,5,0,1,1,0,0,0,0,0,0,0,1,2,4,4,2,5,11,1,11,0,1,0,0,0,0,1,1,0,0
23,3.35,0,0,1,1,1,0,1,1,1,1,0,1,4,4,1,3,4,2,12,3,1,0,1,0,0,0,1,0,0,0
31,3.33,8,0,0,1,0,1,0,1,1,0,0,0,4,5,1,5,2,11,3,4,1,0,1,1,0,0,0,0,1,0
30,2.87,3,1,1,1,1,0,0,1,1,0,1,1,5,2,1,4,3,11,3,7,1,0,1,1,0,0,0,0,0,1
34,2.63,0,0,1,0,1,1,0,0,1,0,0,1,2,3,5,1,5,11,4,1,1,0,1,0,1,0,0,0,0,0
31,3.12,3,1,1,0,1,0,0,0,0,1,1,0,3,4,3,5,3,11,7,1,0,1,0,0,0,0,0,0,0,1
34,2.9,8,1,1,0,0,1,0,0,1,1,1,1,2,1,5,5,5,9,12,7,0,1,0,0,0,0,0,0,1,0
34,3.45,0,1,1,0,0,1,0,1,0,0,0,0,2,1,5,3,5,9,12,3,0,0,1,1,0,0,0,0,0,0
24,2.93,7,0,1,0,0,0,1,0,0,1,1,0,1,1,1,1,5,11,7,1,0,0,0,0,1,0,0,0,1,0
21,2.92,2,1,0,1,0,0,1,0,0,1,0,1,2,4,3,4,4,11,1,8,1,0,1,0,1,0,0,0,0,1
32,3.34,0,1,1,1,1,1,1,1,1,1,1,0,1,2,1,4,1,9,6,2,1,0,0,0,1,0,0,0,0,0
34,3.68,4,1,0,0,0,0,0,0,1,0,0,1,1,4,2,2,3,4,11,10,0,0,1,0,0,0,1,1,0,0
27,3.12,1,0,0,0,0,1,0,0,0,0,0,1,3,5,3,5,3,10,10,6,1,0,0,0,0,0,1,0,0,0
28,2.8,1,0,0,0,0,1,1,1,1,0,1,1,4,4,2,2,1,3,7,4,0,0,0,0,1,0,0,0,0,0
30,2.65,2,0,0,0,1,0,1,0,0,1,0,1,5,4,1,1,4,2,5,8,0,0,0,0,0,0,0,0,0,1
31,2.98,5,1,0,0,1,1,0,1,0,0,1,0,5,5,1,4,2,9,3,7,0,0,0,1,0,0,0,1,0,0
30,2.88,3,1,1,1,1,1,0,0,1,1,1,0,4,3,2,4,5,9,12,7,0,0,0,0,0,1,0,0,0,1
27,3.92,2,0,0,0,1,1,1,0,0,1,1,0,5,4,3,4,4,2,7,0,0,0,0,0,0,0,0,0,0,1
23,2.58,5,0,1,1,0,1,1,0,1,0,0,0,2,4,3,2,1,11,4,1,0,0,1,1,0,0,0,1,0,0
25,3.83,3,1,1,1,1,0,1,1,0,0,0,1,2,5,1,3,1,2,12,3,1,0,0,0,1,0,0,0,0,1
27,3.88,2,1,0,1,0,1,0,1,0,1,1,1,1,4,1,4,3,0,10,12,1,1,0,0,0,0,1,0,0,1
23,3.9,1,0,1,1,1,0,1,0,1,0,0,1,4,1,4,1,3,2,12,4,1,0,1,0,0,0,1,0,0,0
32,3.74,5,0,1,1,1,1,0,0,1,0,1,0,4,1,2,1,4,11,7,4,0,0,0,0,0,1,0,1,0,0
33,3.85,4,0,1,1,0,0,1,0,0,0,1,1,1,3,5,3,4,11,7,0,1,0,0,1,0,0,0,1,0,0
26,2.65,4,1,1,0,1,0,1,0,0,1,0,1,5,1,1,3,2,2,12,5,0,0,0,0,0,1,0,1,0,0
23,3.34,4,1,1,0,0,0,0,1,0,0,0,1,3,1,3,3,3,11,3,1,0,0,1,0,1,0,0,1,0,0
26,2.59,5,1,1,0,1,1,1,0,0,1,1,1,1,3,1,1,3,9,6,2,1,0,1,0,1,0,0,1,0,0
25,2.73,4,0,0,1,1,0,1,0,0,1,0,0,2,5,4,4,3,2,12,5,1,0,1,0,0,0,0,1,0,0
28,2.75,8,1,0,0,0,0,1,0,0,1,1,1,3,1,1,2,5,6,8,11,0,0,0,0,0,1,0,0,1,0
35,2.66,7,0,1,1,1,0,1,0,1,1,0,0,2,5,1,4,3,2,12,4,0,0,1,1,0,0,0,0,1,0
35,2.82,6,0,0,1,0,0,0,0,1,0,0,0,2,1,4,1,2,11,4,1,1,0,0,0,0,0,0,0,1,0
32,2.8,0,0,1,1,0,0,0,1,1,0,1,0,4,3,5,5,2,11,3,7,0,0,1,0,0,0,0,0,0,0
35,2.85,4,0,1,0,1,1,1,0,0,0,0,0,5,3,4,2,2,2,12,5,0,1,0,0,0,1,0,1,0,0
28,2.58,0,1,1,1,1,0,1,1,0,1,1,0,5,4,2,4,3,2,12,3,1,1,0,1,0,0,0,0,0,0
29,3.02,2,1,1,1,0,1,1,1,0,0,1,1,1,4,1,2,4,9,12,3,0,0,1,0,0,0,0,0,0,1
32,3.73,3,1,1,1,1,1,0,0,0,1,1,1,2,5,2,3,1,0,10,12,1,1,0,0,0,1,0,0,0,1
27,2.83,4,1,1,0,1,1,1,0,1,0,1,0,1,2,5,3,4,9,6,2,1,0,0,0,0,1,0,1,0,0
22,3.75,2,0,0,0,0,1,0,0,1,1,1,0,2,4,5,2,2,6,4,0,0,0,1,0,0,0,1,0,0,1
24,2.75,6,0,1,1,0,0,0,1,0,1,0,1,3,2,4,4,4,11,3,1,0,0,0,1,0,0,0,0,1,0
35,3.51,0,0,1,0,0,1,1,1,0,1,0,1,1,2,1,1,2,11,3,1,0,0,1,1,0,0,0,0,0,0
27,3.56,7,1,0,0,1,0,0,1,0,1,1,1,2,3,2,1,3,3,7,8,0,0,0,0,1,0,0,0,1,0
26,3.82,0,1,1,1,1,1,1,1,0,0,1,1,2,3,4,3,2,0,10,6,0,1,0,0,1,0,0,0,0,0
34,3.21,1,0,0,0,0,0,1,1,1,1,1,1,3,2,2,3,4,3,7,4,0,1,0,0,0,0,1,0,0,0
21,2.81,8,0,1,0,1,1,1,0,1,0,1,0,4,3,2,5,4,2,12,7,0,1,0,0,1,0,0,0,1,0
34,2.78,5,0,1,0,0,1,0,0,0,0,1,1,4,1,1,5,3,11,7,1,0,0,1,0,1,0,0,1,0,0
26,3.06,6,0,0,1,0,0,0,1,0,1,1,0,2,5,2,3,2,11,3,7,0,0,0,0,0,0,1,0,1,0
35,3.55,1,0,1,0,0,1,0,0,0,0,1,0,4,3,3,2,4,11,7,1,1,0,0,0,0,0,1,0,0,0
34,2.93,5,0,1,0,0,1,1,1,0,1,0,0,4,3,3,3,3,11,3,1,1,0,0,1,0,0,0,1,0,0
26,2.73,4,0,0,1,0,1,0,0,1,1,1,0,5,5,2,5,3,11,7,4,1,0,1,0,0,0,1,1,0,0
30,2.72,4,1,0,1,0,0,0,0,0,0,0,1,1,3,4,1,5,11,1,11,1,0,1,0,0,1,0,1,0,0
24,3.08,0,0,0,1,0,0,1,0,0,0,1,1,1,4,4,5,4,11,7,1,0,0,1,0,0,0,1,0,0,0
27,3.1,0,0,0,0,0,1,0,0,1,1,1,1,2,5,4,3,2,6,4,8,1,1,0,0,1,0,0,0,0,0
34,3.69,0,0,0,0,1,1,0,0,1,0,0,1,1,5,5,2,5,4,11,10,1,0,0,0,1,0,0,0,0,0
22,3.92,8,1,1,0,0,1,1,0,1,0,0,1,5,2,1,3,4,0,10,12,1,0,1,0,1,0,0,0,1,0
21,2.73,4,1,0,1,0,1,1,0,1,1,0,1,4,1,4,3,5,9,12,4,0,0,1,0,1,0,0,1,0,0
25,3.61,4,0,0,0,1,0,0,0,0,1,1,1,4,5,3,3,4,6,8,11,0,0,0,0,0,0,1,1,0,0
24,3.19,4,1,0,1,1,1,1,0,1,0,1,1,4,3,1,3,5,2,5,10,0,0,0,0,0,0,0,1,0,0
35,2.74,6,1,1,0,0,0,1,0,1,0,0,0,2,2,3,1,5,11,4,1,1,0,1,0,0,0,0,0,1,0
21,3.26,8,1,0,1,0,1,1,0,1,0,1,1,2,2,1,3,1,9,12,7,0,0,0,0,0,0,0,0,1,0
23,2.72,8,0,1,0,0,1,0,1,1,0,1,1,1,1,4,2,1,11,3,7,0,1,0,0,0,0,1,0,1,0
30,3.54,6,0,1,0,1,1,0,1,1,1,1,1,5,2,5,2,5,11,3,7,0,0,1,0,0,1,0,0,1,0
26,3.79,7,1,0,0,0,0,1,0,1,1,0,1,5,3,1,1,5,4,0,8,1,0,1,0,0,0,0,0,1,0
29,3.57,0,1,1,1,1,1,0,0,1,0,1,1,5,4,2,4,3,9,12,7,1,1,0,0,0,0,1,0,0,0
29,3.25,0,0,1,0,0,0,1,1,1,0,1,0,2,2,2,1,1,11,3,7,0,1,0,0,0,0,1,0,0,0
26,3.54,0,0,0,0,1,1,0,1,1,1,0,1,5,5,4,1,4,3,4,8,1,0,0,1,0,0,0,0,0,0
32,3.85,6,1,1,1,1,0,1,1,0,0,0,1,4,5,1,5,2,2,12,3,1,1,0,0,0,0,1,0,1,0
23,3.36,6,1,0,1,0,0,0,1,0,0,1,0,2,3,4,4,5,11,3,7,0,1,0,0,1,0,0,0,1,0
32,3.66,5,1,1,0,1,0,0,1,1,1,0,0,3,3,4,4,2,11,3,4,0,1,0,0,0,0,1,1,0,0
26,3.07,0,1,0,1,1,0,0,1,1,0,0,1,2,2,3,2,5,11,3,4,0,0,1,0,0,0,0,0,0,0
25,3.2,2,1,0,1,0,0,1,1,1,0,1,1,2,1,5,5,3,11,3,7,0,1,0,0,0,0,0,0,0,1
31,2.91,6,0,1,0,0,0,0,0,0,0,1,0,5,1,5,3,3,11,7,1,1,0,1,0,0,1,0,0,1,0
30,2.9,4,1,0,1,1,0,0,0,1,1,0,0,1,1,5,4,2,11,4,1,0,0,1,1,0,0,0,1,0,0
26,2.71,1,1,0,0,1,1,0,1,0,1,1,1,4,3,3,2,4,9,3,7,1,0,1,0,0,0,0,0,0,0
33,3.71,8,1,1,0,0,1,1,0,1,1,0,1,2,1,4,5,1,0,10,12,0,0,0,1,0,0,0,0,1,0
22,3.11,7,0,1,1,0,0,1,0,0,1,1,1,1,5,1,3,1,11,7,1,1,0,0,0,0,0,1,0,1,0
23,2.75,5,1,1,0,1,0,1,0,1,0,0,0,4,4,2,2,2,2,12,4,1,1,0,0,0,1,0,1,0,0
22,2.79,4,1,0,0,1,1,0,0,1,1,1,1,5,2,5,1,1,9,7,4,0,0,0,0,1,0,0,1,0,0
21,3.87,8,1,0,1,1,0,1,0,0,1,0,0,5,1,5,4,5,2,12,0,0,1,0,0,1,0,0,0,1,0
31,3.16,4,0,0,0,1,0,1,0,0,1,0,1,5,1,2,1,4,2,5,8,0,1,0,0,0,1,0,1,0,0
30,3.48,8,1,0,0,0,0,0,0,1,0,1,0,4,1,5,1,1,6,4,2,1,0,1,0,0,0,1,0,1,0
35,2.76,3,1,1,0,0,0,0,0,0,0,0,0,2,2,4,2,2,11,1,10,0,1,0,0,0,1,0,0,0,1
22,2.8,8,0,0,0,1,1,1,1,0,0,1,1,4,5,4,1,4,2,3,7,0,0,0,0,1,0,0,0,1,0
24,2.74,2,0,0,1,1,0,0,0,0,1,0,0,2,5,3,2,2,11,5,1,0,1,0,0,1,0,0,0,0,1
27,3.12,5,0,1,1,0,0,0,1,0,0,0,1,2,5,3,3,4,11,3,1,0,1,0,0,0,0,1,1,0,0
22,3.58,7,1,0,0,1,1,0,1,0,1,0,1,2,3,2,1,4,9,3,6,0,0,1,0,1,0,0,0,1,0
24,3.02,2,0,1,1,0,1,1,0,1,0,1,1,3,4,5,1,4,11,7,4,0,0,0,0,1,0,0,0,0,1
32,2.86,6,1,1,1,1,1,1,0,1,0,0,1,1,5,4,3,3,9,6,2,1,1,0,0,0,0,1,0,1,0
23,2.91,0,0,1,0,0,1,0,0,0,1,0,1,4,1,1,5,5,11,1,8,1,1,0,0,0,0,1,0,0,0
23,3.06,6,1,1,1,0,0,1,0,1,1,1,0,3,3,1,3,5,11,7,4,1,0,1,0,0,0,0,0,1,0
33,2.97,7,1,0,1,0,0,0,0,1,0,0,0,3,4,1,2,1,11,4,1,1,1,0,0,1,0,0,0,1,0
31,2.82,4,0,1,0,0,0,0,0,0,1,0,1,5,5,2,3,3,11,1,8,0,0,0,0,0,0,1,1,0,0
34,3.31,8,1,1,0,1,0,1,1,1,0,1,0,4,2,4,2,4,2,12,3,1,0,1,0,1,0,0,0,1,0
25,2.6,5,0,0,1,1,1,0,0,0,1,0,1,4,2,2,5,2,11,1,8,1,1,0,1,0,0,0,1,0,0
33,3.65,2,1,1,1,0,1,0,0,1,0,0,1,2,5,2,1,2,9,12,4,0,1,0,0,0,0,0,0,0,1
28,3.93,7,0,0,1,1,1,0,0,0,1,1,0,1,1,4,5,3,11,7,0,1,0,0,0,1,0,0,0,1,0
30,2.81,3,0,0,1,1,1,0,1,0,0,0,0,2,5,2,5,5,11,3,1,1,0,0,1,0,0,0,0,0,1
29,3.16,0,1,0,0,0,1,0,0,0,0,1,0,4,3,2,1,5,9,7,6,1,1,0,1,0,0,0,0,0,0
34,3.03,6,1,0,0,0,0,0,1,1,1,1,0,2,1,4,3,3,3,7,4,0,1,0,0,0,0,0,0,1,0
22,3.28,4,1,0,0,1,0,1,1,1,1,0,0,3,5,3,1,3,2,3,4,0,0,0,0,1,0,0,1,0,0
23,3.45,4,0,1,0,1,0,0,0,1,0,1,1,1,1,4,1,3,11,7,4,1,0,0,0,1,0,0,1,0,0
30,3.05,8,1,1,0,0,0,0,0,0,1,1,0,4,2,1,2,3,8,12,7,0,1,0,0,0,0,0,0,1,0
26,2.73,1,0,1,1,1,1,1,0,0,1,1,1,5,3,1,2,1,2,12,7,0,1,0,0,0,0,1,0,0,0
33,2.51,7,0,1,0,0,1,0,1,0,1,0,0,3,3,1,1,4,11,3,1,1,0,1,0,0,0,1,0,1,0
35,3.62,7,1,1,1,1,0,1,1,0,1,1,0,2,3,1,2,1,2,12,3,0,0,1,1,0,0,0,0,1,0
34,3.63,5,0,1,1,0,1,0,1,1,1,1,0,2,5,5,3,2,11,3,7,1,1,0,0,0,0,1,1,0,0
27,2.98,6,1,0,1,0,1,1,1,0,0,0,1,4,4,1,1,3,9,12,3,1,0,1,0,0,0,1,0,1,0
21,3.39,0,0,1,0,0,1,1,1,1,0,0,1,3,1,5,1,4,11,3,4,1,1,0,0,1,0,0,0,0,0
23,2.71,8,0,1,1,1,0,1,0,0,0,1,1,2,2,1,5,5,2,12,7,0,0,1,0,0,1,0,0,1,0
31,2.83,7,0,1,0,0,1,1,1,0,0,1,1,4,3,4,1,4,11,3,7,0,0,1,0,0,1,0,0,1,0
21,3.26,2,1,1,1,0,1,0,1,1,1,1,0,5,4,5,1,4,9,12,3,0,0,1,0,0,0,0,0,0,1
26,2.62,5,0,0,0,0,0,1,1,0,1,0,0,3,1,1,1,2,3,8,9,0,1,0,0,1,0,0,1,0,0
33,3.67,1,0,1,0,1,0,1,1,1,1,0,0,3,4,1,4,4,2,12,3,0,0,0,0,0,1,0,0,0,0
23,3.78,3,1,0,0,1,0,1,1,1,0,1,0,4,1,2,2,4,2,3,7,0,0,1,0,0,1,0,0,0,1
34,3.65,2,0,0,0,1,1,1,0,0,1,0,0,4,2,2,2,3,2,5,8,1,0,0,0,1,0,0,0,0,1
33,2.84,1,1,0,0,0,1,1,0,0,1,0,0,1,1,5,1,1,9,6,0,1,0,0,0,0,0,1,0,0,0
32,3.3,1,1,0,1,0,1,1,0,1,0,0,0,2,4,4,1,4,9,12,4,0,1,0,1,0,0,0,0,0,0
28,3.49,4,1,0,0,1,1,1,1,0,0,1,1,4,3,5,2,4,2,10,6,1,0,1,0,0,1,0,1,0,0
23,2.58,0,1,0,1,1,1,0,1,1,0,1,0,3,2,1,3,2,9,12,3,1,1,0,0,0,0,0,0,0,0
28,2.69,4,1,1,1,1,0,0,1,1,1,0,1,5,3,3,3,2,11,3,4,1,1,0,0,0,1,0,1,0,0
31,2.77,0,0,1,0,0,1,1,0,0,1,0,0,3,4,3,3,1,11,1,8,1,0,0,0,1,0,0,0,0,0
24,3.09,8,0,0,0,0,0,0,0,0,1,0,1,3,1,1,2,3,7,11,9,1,1,0,0,0,0,1,0,1,0
28,2.9,6,0,1,1,0,1,0,1,1,0,1,0,1,4,1,5,1,11,3,7,1,0,0,1,0,0,0,0,1,0
21,2.52,0,0,0,1,1,0,1,1,1,0,0,0,1,4,1,3,3,2,12,3,0,0,0,0,0,1,0,0,0,0
27,3.34,6,0,1,1,0,1,1,1,0,1,1,0,2,2,1,2,3,11,3,7,0,0,0,0,1,0,0,0,1,0
28,3.9,6,0,1,1,0,1,0,1,1,1,1,0,3,4,3,4,1,11,3,7,1,1,0,0,0,1,0,0,1,0
29,3.4,7,1,1,0,0,0,1,1,0,0,0,1,4,2,2,3,1,11,3,1,0,0,0,0,0,0,0,0,1,0
26,3.83,4,1,0,0,0,0,0,1,1,1,0,1,2,1,4,1,3,3,4,0,0,1,0,0,1,0,0,1,0,0
31,3.52,7,0,1,0,0,1,1,0,1,0,1,1,2,2,4,4,4,11,7,4,0,1,0,0,0,0,1,0,1,0
30,3.8,2,0,1,0,0,1,0,1,0,0,0,0,1,2,5,4,4,11,3,0,1,0,0,0,0,0,1,0,0,1
33,2.82,0,1,1,0,1,1,0,0,0,1,0,1,1,4,2,2,5,9,12,6,0,0,0,0,0,0,1,0,0,0
34,2.91,5,1,1,0,0,1,1,0,1,1,0,0,1,4,3,4,2,9,12,4,0,0,1,0,0,1,0,1,0,0
32,2.75,3,1,1,0,0,0,0,1,1,0,1,0,1,2,3,4,3,11,3,7,1,1,0,1,0,0,0,0,0,1
30,2.94,2,0,0,1,1,1,1,0,0,1,1,1,4,2,4,4,1,2,12,7,0,0,1,0,0,0,1,0,0,1
32,2.65,6,1,0,1,1,0,1,0,1,1,1,1,4,5,3,1,5,2,12,7,1,1,0,0,0,0,0,0,1,0
25,3.98,8,1,0,1,1,0,0,0,0,1,1,1,3,3,3,2,1,11,7,0,0,0,1,0,1,0,0,0,1,0
25,2.6,5,0,1,1,0,0,1,1,1,1,0,1,2,5,4,3,2,11,3,4,0,1,0,0,1,0,0,1,0,0
24,2.72,7,1,1,1,0,0,1,1,0,0,0,1,3,4,2,2,3,11,3,1,0,1,0,0,0,0,0,0,1,0
31,3.22,6,0,1,1,1,0,0,0,1,0,1,0,1,5,3,5,3,11,7,4,1,0,1,1,0,0,0,0,1,0
35,3.68,2,1,1,0,0,0,0,1,1,0,1,0,3,5,3,2,4,11,3,7,1,0,1,0,0,0,0,0,0,1
24,3.15,7,1,0,0,0,1,1,0,1,0,1,0,4,1,3,3,2,9,7,4,1,1,0,0,1,0,0,0,1,0
27,3.43,6,1,0,1,1,1,1,0,0,1,1,0,3,4,4,1,1,9,6,2,0,0,1,1,0,0,0,0,1,0
27,2.52,4,1,0,0,0,0,0,0,1,1,0,1,1,5,1,1,2,4,8,11,0,1,0,1,0,0,0,1,0,0
25,3.09,7,1,1,1,1,1,1,0,1,1,0,1,5,2,4,2,2,2,10,6,1,1,0,0,0,0,1,0,1,0
30,2.52,5,1,1,0,0,1,1,0,0,1,0,1,2,1,1,2,3,9,12,6,0,0,0,0,0,1,0,1,0,0
21,2.59,1,1,0,0,1,0,1,0,0,1,1,1,2,3,1,4,3,2,7,5,1,0,0,0,1,0,0,0,0,0
30,3.64,2,1,1,0,1,1,0,0,0,1,1,0,3,3,3,4,2,9,12,7,0,1,0,0,1,0,0,0,0,1
24,2.99,5,0,0,1,0,0,0,1,0,1,1,0,2,5,3,4,4,11,3,7,1,0,0,1,0,0,0,1,0,0
35,3.33,7,0,1,1,1,0,1,1,0,1,0,0,3,1,5,5,5,2,12,3,1,0,1,0,0,1,0,0,1,0
22,3.58,5,1,1,0,1,0,0,0,1,0,1,0,3,2,5,5,2,11,7,4,0,1,0,0,0,0,1,1,0,0
21,2.77,2,1,0,1,0,0,1,0,0,0,0,1,1,1,5,2,5,11,1,11,0,1,0,0,1,0,0,0,0,1
35,3.12,5,0,0,1,1,0,0,1,0,1,1,1,2,3,4,2,2,11,3,7,0,0,0,0,0,1,0,1,0,0
33,2.69,6,0,1,1,0,0,0,1,0,1,1,1,3,3,4,3,2,11,3,7,1,1,0,0,0,1,0,0,1,0
27,3.41,3,0,1,0,1,0,1,0,1,1,1,0,2,3,4,5,1,2,12,7,0,1,0,0,0,0,0,0,0,1
31,2.66,1,0,1,1,1,1,0,1,0,1,0,0,5,5,3,3,1,11,3,1,1,0,0,0,0,0,1,0,0,0
30,2.59,8,1,1,1,1,1,0,1,1,0,0,0,3,2,1,1,4,9,12,3,1,0,1,0,0,0,0,0,1,0
23,2.95,5,0,1,0,1,1,0,1,1,1,0,0,2,5,1,1,2,11,3,4,0,0,0,0,1,0,0,1,0,0
33,2.53,6,1,1,1,0,0,0,1,0,0,1,1,5,3,5,3,5,11,3,7,1,1,0,0,1,0,0,0,1,0
27,2.64,0,1,0,1,1,0,1,0,1,1,0,0,1,3,1,5,1,2,12,4,1,0,1,0,0,0,1,0,0,0
35,2.62,8,1,1,1,0,1,0,1,0,0,0,0,2,2,5,1,4,9,12,3,0,1,0,0,1,0,0,0,1,0
34,3.45,7,1,1,1,1,0,0,1,0,0,1,1,5,4,5,5,4,11,3,7,1,0,0,0,0,1,0,0,1,0
29,2.79,7,1,0,0,0,0,0,1,0,0,1,1,1,3,4,4,4,3,7,11,1,1,0,0,0,1,0,0,1,0
29,3.74,2,1,1,0,1,0,0,1,0,1,0,1,3,3,5,1,3,11,3,0,0,0,0,1,0,0,0,0,0,1
21,3.52,8,1,0,1,0,0,1,0,1,0,0,1,3,1,2,1,2,11,4,1,0,1,0,1,0,0,0,0,1,0
34,3.85,1,1,1,1,1,1,0,1,0,1,1,1,3,3,1,3,4,0,10,12,0,0,0,0,0,0,1,0,0,0
34,3.57,2,1,0,0,1,0,0,0,0,1,1,0,4,4,2,2,1,6,8,9,0,0,0,0,0,1,0,0,0,1
22,3.59,8,1,1,0,0,1,1,1,1,0,0,1,4,1,5,5,1,9,12,3,1,1,0,0,0,0,1,0,1,0
23,2.82,7,1,0,0,1,1,1,1,0,0,1,1,1,3,1,5,1,9,6,2,1,0,1,0,0,0,0,0,1,0
22,3.57,2,1,0,0,1,0,1,0,1,1,1,1,1,4,2,1,3,6,2,4,0,0,1,0,0,0,0,0,0,1
32,2.87,2,0,0,0,1,0,1,1,1,0,0,0,1,2,4,5,3,2,3,4,1,1,0,1,0,0,0,0,0,1
33,2.91,2,1,0,0,0,1,1,1,1,1,0,0,2,3,4,2,1,9,3,4,0,1,0,1,0,0,0,0,0,1
23,2.86,6,0,0,1,1,0,1,0,0,0,1,0,1,5,3,4,3,2,12,7,1,0,0,0,0,0,0,0,1,0
29,2.7,1,0,1,1,1,1,0,0,0,0,0,0,4,5,5,5,1,11,1,2,0,1,0,0,0,1,0,0,0,0
22,3.45,5,1,0,1,0,0,0,0,1,1,1,0,1,1,5,4,2,11,7,4,0,0,1,0,0,0,1,1,0,0
33,3.46,3,0,0,0,1,1,1,1,1,0,1,0,3,2,2,2,5,2,3,7,0,1,0,0,0,0,0,0,0,1
35,3.95,3,0,1,1,1,0,1,0,1,1,1,0,1,3,2,3,4,2,12,7,1,0,0,0,0,0,1,0,0,1
23,3.13,3,1,0,1,1,1,0,1,1,0,0,0,5,5,2,5,3,9,12,3,0,0,0,0,0,1,0,0,0,1
28,2.6,1,1,1,0,0,1,1,0,0,0,1,0,1,5,4,2,1,9,12,7,0,0,0,0,1,0,0,0,0,0
35,3.26,5,1,0,1,0,1,1,1,1,1,1,1,2,5,5,4,5,9,12,3,0,1,0,0,0,1,0,1,0,0
28,2.78,1,1,0,1,1,1,0,1,0,0,0,1,1,3,5,1,1,9,12,3,0,0,1,0,0,0,1,0,0,0
24,3.08,4,1,0,1,1,1,1,0,1,0,0,0,4,4,4,3,1,2,10,6,0,0,0,1,0,0,0,1,0,0
28,3.11,1,0,1,0,0,0,1,0,0,0,0,1,5,5,1,5,4,11,1,11,0,0,0,1,0,0,0,0,0,0
28,2.73,2,1,1,1,0,1,0,0,1,0,0,0,1,4,5,3,5,9,12,4,1,0,0,0,0,1,0,0,0,1
23,2.76,3,0,1,1,0,0,0,0,0,0,1,0,5,4,1,5,5,11,7,1,1,1,0,0,0,0,0,0,0,1
32,2.55,0,0,1,0,0,0,0,1,1,0,0,1,4,5,3,3,1,11,3,4,1,0,0,0,0,0,1,0,0,0
33,2.66,2,0,1,1,1,0,0,1,1,1,1,0,1,2,4,4,3,11,3,7,1,0,0,0,1,0,0,0,0,1
23,3.02,6,0,1,1,0,1,0,0,1,1,1,1,4,3,3,3,3,11,7,4,0,0,1,0,1,0,0,0,1,0
21,3.37,0,0,1,0,0,1,1,1,1,0,1,1,2,2,1,2,5,11,3,7,1,1,0,0,0,1,0,0,0,0
27,2.8,7,1,0,1,0,0,1,0,1,0,0,1,5,5,1,2,3,11,4,1,0,0,0,0,1,0,0,0,1,0
29,2.6,2,1,1,1,1,0,0,1,0,0,0,1,4,2,3,2,2,11,3,1,0,1,0,0,0,0,1,0,0,1
25,2.8,6,1,1,1,1,0,1,1,1,1,1,0,2,4,1,4,2,2,12,3,1,0,1,1,0,0,0,0,1,0
24,2.51,1,1,0,1,1,1,1,0,0,1,0,0,4,2,2,2,3,2,10,6,0,0,0,0,0,1,0,0,0,0
25,3.84,0,1,0,1,0,0,0,1,1,1,1,1,5,2,1,5,3,11,3,7,1,1,0,0,0,0,0,0,0,0
25,3.11,3,1,0,0,1,1,0,0,0,1,1,1,2,1,1,5,1,0,10,7,1,0,0,0,1,0,0,0,0,1
28,2.9,5,1,0,1,0,1,1,0,1,1,1,1,2,1,3,2,2,9,12,7,0,0,1,0,1,0,0,1,0,0
35,3.52,2,0,1,0,1,1,0,0,0,1,0,1,2,3,5,2,2,11,1,8,1,1,0,0,1,0,0,0,0,1
25,2.8,4,0,0,0,1,0,1,1,1,0,1,0,5,5,5,4,4,2,3,7,0,0,1,0,0,0,0,1,0,0
24,4.0,6,0,1,0,0,0,0,1,1,1,1,0,3,4,2,1,3,11,3,7,0,0,1,1,0,0,0,0,1,0
29,2.93,3,0,1,0,0,0,0,0,0,1,1,0,4,2,4,3,2,11,7,1,1,1,0,0,0,0,0,0,0,1
26,3.19,0,1,1,0,1,0,1,1,0,1,0,0,5,3,5,5,2,2,6,12,0,1,0,0,0,0,1,0,0,0
21,2.72,7,1,0,1,1,1,0,0,1,1,0,1,5,1,1,2,4,9,12,4,1,0,1,0,0,0,0,0,1,0
24,3.7,2,0,0,1,1,0,0,1,1,0,1,0,2,3,5,3,4,11,3,7,0,0,0,0,0,1,0,0,0,1
28,3.27,2,0,1,0,1,1,1,1,1,1,1,1,2,5,3,3,4,2,12,3,0,1,0,1,0,0,0,0,0,1
21,3.91,3,1,0,1,1,0,1,0,1,0,1,0,3,2,3,4,4,2,12,7,1,0,0,0,1,0,0,0,0,1
34,3.89,8,0,0,1,1,0,0,1,1,1,0,1,4,2,1,3,4,11,3,4,0,0,1,0,1,0,0,0,1,0
23,3.44,5,1,0,1,0,1,1,0,0,0,0,1,3,1,3,3,2,9,12,6,1,0,1,0,0,0,0,1,0,0
30,3.2,7,0,0,0,1,1,0,0,1,0,1,1,5,2,4,2,5,6,4,11,1,0,0,1,0,0,0,0,1,0
26,3.91,5,1,1,1,1,0,1,1,1,0,1,0,1,4,1,4,5,2,12,3,0,0,1,0,0,0,1,1,0,0
28,3.26,7,0,0,1,1,0,1,1,1,0,1,1,3,4,4,3,4,2,12,3,1,0,0,0,1,0,0,0,1,0
25,2.94,1,1,1,0,1,0,1,1,0,1,0,0,1,4,2,1,1,2,12,3,0,0,1,0,0,0,1,0,0,0
26,2.92,8,1,1,1,0,0,0,1,1,0,0,0,5,1,1,1,2,11,3,4,1,1,0,0,1,0,0,0,1,0
27,3.7,7,1,0,1,1,1,0,0,0,0,0,1,2,3,3,5,5,9,12,6,0,0,1,0,0,0,1,0,1,0
30,3.58,6,1,0,1,1,1,1,1,0,1,1,0,3,4,4,3,1,9,6,2,1,0,1,0,0,0,0,0,1,0
28,2.91,0,1,0,1,1,1,0,0,1,0,0,0,2,4,4,3,1,9,12,4,0,1,0,1,0,0,0,0,0,0
27,3.95,1,0,1,0,0,1,0,0,1,0,0,1,1,1,2,5,1,11,4,10,1,0,0,1,0,0,0,0,0,0
24,2.68,6,1,1,1,0,0,0,0,0,0,1,0,2,4,4,5,3,11,7,1,0,1,0,0,0,0,1,0,1,0
29,3.67,1,1,1,0,1,1,1,1,0,1,1,0,4,4,5,4,1,2,10,6,0,0,1,0,1,0,0,0,0,0
35,3.18,6,0,1,1,1,1,0,1,0,1,1,0,5,3,1,4,5,11,3,7,1,0,0,0,0,0,1,0,1,0
28,3.97,6,0,1,1,0,1,1,1,0,0,0,1,5,5,1,3,5,11,3,0,0,1,0,0,1,0,0,0,1,0
35,3.31,7,1,0,0,0,1,0,1,0,0,0,1,3,2,5,5,4,9,3,6,1,0,0,0,0,0,1,0,1,0
21,3.46,8,0,0,0,0,0,0,1,1,1,1,0,1,3,3,1,1,3,7,4,1,0,1,0,1,0,0,0,1,0
26,3.73,1,1,1,0,1,0,1,0,1,1,1,1,3,3,1,1,1,2,12,7,0,0,0,0,1,0,0,0,0,0
24,3.21,8,1,0,0,0,1,1,1,1,1,0,1,2,2,3,4,3,9,3,4,0,0,1,0,0,1,0,0,1,0
29,3.1,4,1,0,1,0,1,0,0,1,0,1,0,1,3,2,1,1,9,12,7,1,1,0,0,0,1,0,1,0,0
31,3.49,2,0,0,1,1,0,0,1,0,1,0,0,4,5,3,1,3,11,3,1,0,0,0,1,0,0,0,0,0,1
28,2.55,0,1,1,1,1,0,1,0,0,0,1,0,1,1,5,2,5,2,12,7,1,0,0,0,0,0,0,0,0,0
27,3.48,2,0,0,0,0,0,1,1,0,0,0,0,1,2,2,5,1,3,10,6,0,0,1,0,1,0,0,0,0,1
23,3.2,3,1,0,1,1,0,0,1,1,1,1,1,1,4,1,5,3,11,3,7,0,0,0,0,0,0,0,0,0,1
27,3.29,6,1,1,0,1,1,0,1,1,1,1,1,2,3,3,2,5,0,10,12,1,1,0,0,1,0,0,0,1,0
21,2.74,0,1,1,1,0,1,1,1,0,0,0,0,4,5,1,4,5,9,12,3,1,1,0,0,0,0,1,0,0,0
27,3.97,5,1,1,1,1,1,1,0,0,0,1,0,1,5,5,4,2,9,0,6,0,0,1,1,0,0,0,1,0,0
32,3.23,1,1,0,0,0,1,1,1,0,1,1,0,1,1,5,2,5,9,3,7,0,0,0,1,0,0,0,0,0,0
29,3.14,8,1,0,0,0,1,1,0,1,1,0,1,4,4,2,3,4,9,4,6,0,1,0,0,0,0,1,0,1,0
30,2.88,8,0,1,1,0,0,1,0,1,0,0,0,5,4,5,1,3,11,4,1,0,1,0,0,0,0,0,0,1,0
30,3.15,1,1,0,1,1,1,1,1,0,1,1,0,1,1,1,5,3,9,6,2,0,0,0,0,0,1,0,0,0,0
21,3.19,7,0,0,0,0,1,0,1,1,1,1,0,1,5,1,4,2,3,7,4,1,0,0,0,0,0,1,0,1,0
22,3.4,8,0,0,0,0,0,1,0,1,0,1,0,5,4,1,4,2,6,4,2,1,0,1,0,0,1,0,0,1,0
26,3.6,4,0,1,1,0,1,0,0,1,1,1,0,1,4,2,2,4,11,7,4,1,0,0,0,1,0,0,1,0,0
26,3.98,3,1,1,1,0,1,0,1,1,0,0,0,4,3,5,1,5,0,10,12,1,1,0,0,0,1,0,0,0,1
25,3.79,8,1,0,0,0,0,0,0,0,0,1,1,1,5,1,1,1,6,0,11,0,0,1,1,0,0,0,0,1,0
28,2.91,5,1,1,1,0,0,0,0,0,0,0,0,5,5,3,2,5,11,1,3,1,1,0,0,0,0,0,1,0,0
34,3.79,4,1,1,1,1,0,0,1,0,1,1,0,5,2,2,3,1,11,3,7,1,0,0,0,1,0,0,1,0,0
22,3.21,0,1,1,1,0,1,0,1,1,0,0,1,1,5,3,2,5,9,12,3,0,1,0,0,0,0,1,0,0,0
24,2.92,3,0,0,0,0,1,0,0,1,1,0,0,5,1,1,4,5,4,8,9,0,1,0,0,0,1,0,0,0,1
35,2.52,7,0,1,0,1,0,1,0,1,0,0,0,2,4,3,1,5,2,12,4,1,0,1,0,0,0,0,0,1,0
29,3.38,1,1,1,1,1,0,1,0,0,0,0,1,3,5,1,2,3,2,12,5,0,0,0,1,0,0,0,0,0,0
35,2.55,2,1,0,1,1,1,0,0,1,1,0,0,3,3,5,2,3,9,12,4,0,0,1,0,0,1,0,0,0,1
33,3.4,4,1,0,0,1,1,0,0,0,0,1,0,5,3,2,4,4,9,7,6,1,0,0,0,1,0,0,1,0,0
34,2.64,7,1,1,1,1,0,0,1,1,1,0,0,5,1,5,5,3,11,3,4,0,1,0,0,0,0,0,0,1,0
25,2.72,0,0,1,1,1,1,0,0,0,0,0,1,4,5,1,2,4,11,1,11,0,0,0,0,0,0,0,0,0,0
31,3.81,3,1,1,1,1,1,0,1,1,0,0,1,5,2,1,3,2,0,10,12,0,1,0,0,0,1,0,0,0,1
29,2.62,1,1,0,0,0,1,1,0,1,0,1,1,1,2,2,1,2,9,7,4,0,0,0,0,0,0,1,0,0,0
35,3.98,4,1,0,1,1,0,1,0,0,1,1,0,4,5,5,5,5,2,12,7,0,0,0,0,0,1,0,1,0,0
22,3.73,3,1,1,0,1,1,0,0,0,0,1,1,1,4,3,5,3,0,10,12,1,1,0,0,1,0,0,0,0,1
22,3.32,6,0,0,1,0,1,0,1,0,1,0,1,5,2,2,3,5,11,3,1,0,0,0,0,0,1,0,0,1,0
27,3.16,1,1,0,1,1,0,0,1,1,1,0,1,3,1,5,3,3,11,3,4,0,0,1,1,0,0,0,0,0,0
22,3.44,5,1,1,0,1,0,0,1,0,0,0,0,5,2,1,1,4,11,3,1,0,0,0,0,0,0,1,1,0,0
35,3.7,6,1,1,1,0,1,0,0,0,0,0,0,2,3,1,1,1,9,12,6,1,0,1,1,0,0,0,0,1,0
31,2.73,4,0,1,0,0,1,1,0,1,1,0,1,5,2,3,2,5,11,4,1,1,0,1,0,1,0,0,1,0,0
26,3.21,7,0,0,0,1,0,0,1,0,1,1,0,3,2,3,2,1,3,7,8,1,0,0,0,0,0,1,0,1,0
24,3.3,3,1,0,1,0,1,1,0,1,0,0,1,4,4,3,4,1,9,12,4,0,1,0,1,0,0,0,0,0,1
25,3.61,6,0,1,1,1,0,1,0,0,0,1,1,1,1,3,4,2,2,12,7,0,0,0,0,1,0,0,0,1,0
29,3.54,0,0,1,1,1,0,0,1,1,0,1,0,1,4,4,3,3,11,3,7,1,0,1,0,0,1,0,0,0,0
35,3.59,1,1,0,1,1,0,0,0,1,1,0,0,3,3,5,5,3,11,4,1,0,0,1,0,0,0,1,0,0,0
29,2.83,0,0,0,1,0,1,0,1,1,0,1,0,4,2,3,5,5,11,3,7,1,0,0,1,0,0,0,0,0,0
25,3.26,1,0,1,0,0,1,0,0,1,0,1,1,4,2,5,4,1,11,7,4,0,0,0,0,0,1,0,0,0,0
28,3.88,8,0,0,1,1,1,0,1,1,0,1,1,5,2,3,3,3,11,3,7,0,1,0,1,0,0,0,0,1,0
26,3.04,5,1,0,0,0,1,1,1,0,1,1,1,3,3,5,3,5,9,3,7,0,0,1,1,0,0,0,1,0,0
35,3.19,2,0,0,1,0,0,0,0,1,1,1,0,1,5,1,1,1,11,7,4,1,1,0,0,0,0,1,0,0,1
35,2.8,2,1,1,1,0,1,1,0,1,0,0,0,4,4,2,4,5,9,12,4,0,1,0,0,0,1,0,0,0,1
23,3.99,6,1,1,1,1,0,0,1,0,1,1,1,5,1,1,5,1,11,3,7,0,0,1,0,0,1,0,0,1,0
26,3.66,7,1,1,0,0,0,0,1,1,0,0,0,3,3,4,5,1,11,3,4,0,0,0,0,0,0,0,0,1,0
24,2.66,5,0,1,1,0,0,1,0,1,0,1,1,2,3,3,2,5,11,7,4,1,1,0,0,0,1,0,1,0,0
23,2.63,6,1,1,0,0,0,0,1,1,0,1,1,5,5,4,2,1,11,3,7,1,1,0,1,0,0,0,0,1,0
24,3.88,6,1,0,1,0,1,1,0,0,0,0,1,1,5,2,4,5,0,10,12,0,1,0,0,0,0,0,0,1,0
28,3.63,8,0,1,0,0,0,0,1,0,1,1,0,2,2,2,3,4,11,3,7,1,1,0,1,0,0,0,0,1,0
28,2.68,4,0,0,0,1,1,1,1,1,0,0,1,4,1,3,3,3,2,3,4,0,0,0,1,0,0,0,1,0,0
22,2.85,2,0,1,0,0,0,0,1,0,1,0,0,2,4,3,4,4,11,3,1,0,0,0,0,0,0,1,0,0,1
31,2.67,0,0,1,1,1,0,0,1,1,1,0,1,5,4,3,2,5,11,3,4,0,0,0,0,0,1,0,0,0,0
32,3.63,1,0,0,1,0,0,0,1,0,0,1,0,5,3,5,2,2,11,3,7,1,1,0,0,0,0,1,0,0,0
22,3.0,3,1,0,0,1,1,1,1,0,1,0,1,4,4,1,2,4,2,10,6,1,1,0,0,1,0,0,0,0,1
34,3.55,6,1,1,1,0,0,1,1,0,1,1,0,5,4,2,5,5,11,3,7,1,1,0,1,0,0,0,0,1,0
32,3.09,7,0,1,1,1,1,0,0,0,0,0,0,4,4,4,2,2,11,1,2,1,0,1,0,0,0,0,0,1,0
29,3.77,5,0,0,1,1,1,1,0,1,0,0,1,3,5,3,3,4,2,12,4,0,1,0,0,0,0,0,1,0,0
27,2.72,8,1,0,1,1,0,1,0,0,1,1,0,5,1,3,1,2,2,12,7,1,0,1,0,0,1,0,0,1,0
24,3.6,3,1,0,0,1,1,0,1,0,1,1,1,3,4,4,3,3,9,3,7,1,0,0,0,0,0,1,0,0,1
34,2.72,4,1,1,1,0,1,0,1,0,1,0,0,3,4,5,4,3,9,12,3,1,0,0,0,0,0,0,1,0,0
34,3.46,6,1,1,1,0,0,1,0,0,1,1,0,4,3,3,5,4,11,7,1,1,0,0,0,1,0,0,0,1,0
24,3.33,1,0,0,0,0,1,0,1,1,1,0,0,2,1,2,2,1,3,4,8,0,0,0,0,0,0,1,0,0,0
32,3.55,8,0,0,0,1,0,1,0,0,0,1,0,5,5,5,2,4,2,7,5,1,0,0,0,0,0,1,0,1,0
22,3.52,0,1,1,0,1,0,1,1,1,0,1,1,5,1,2,1,2,2,12,3,0,1,0,0,0,0,0,0,0,0
27,2.68,4,0,0,0,1,0,0,0,1,0,1,1,2,3,3,5,2,6,4,11,0,0,1,0,1,0,0,1,0,0
30,3.89,8,0,1,1,1,0,1,0,1,0,1,1,2,2,1,5,4,11,2,7,1,0,1,0,0,1,0,0,1,0
34,3.12,2,0,0,0,1,0,1,1,0,0,0,1,4,3,5,1,1,2,3,5,1,1,0,0,1,0,0,0,0,1
32,2.72,2,0,1,0,1,1,0,0,0,0,1,1,5,4,2,5,2,11,7,1,1,1,0,1,0,0,0,0,0,1
32,2.62,4,1,0,0,1,1,1,0,0,0,1,1,4,5,1,3,1,2,10,6,0,1,0,1,0,0,0,1,0,0
29,3.73,1,0,1,0,0,0,0,0,0,1,1,1,5,5,2,4,2,11,7,0,0,0,1,0,0,0,0,0,0,0
22,4.0,3,0,1,0,0,0,1,0,0,0,0,0,2,5,3,4,2,11,0,1,0,1,0,0,0,0,0,0,0,1
31,3.17,0,1,1,0,0,1,1,0,1,1,0,0,1,2,4,3,1,9,12,4,0,0,1,0,0,0,0,0,0,0
22,3.59,6,1,0,1,1,1,1,0,1,0,1,1,1,3,1,3,3,9,6,2,0,1,0,0,0,0,1,0,1,0
32,2.76,5,1,0,1,1,1,1,0,0,0,0,1,3,2,2,1,1,9,6,2,0,0,0,0,1,0,0,1,0,0
26,3.0,8,0,0,1,1,1,1,0,0,0,1,0,4,3,3,4,3,2,12,7,0,0,1,1,0,0,0,0,1,0
30,3.87,5,0,1,0,1,1,1,0,1,0,0,1,5,3,4,1,3,2,12,4,0,1,0,0,0,0,1,1,0,0
25,3.12,6,0,0,1,0,0,0,1,1,0,0,1,1,3,2,1,1,11,3,4,1,0,0,0,0,0,1,0,1,0
28,2.66,3,0,1,1,1,1,0,1,1,0,1,0,3,3,5,1,4,11,3,7,0,0,0,0,0,0,0,0,0,1
28,2.91,1,1,1,1,1,1,1,0,1,1,0,1,3,3,3,2,3,9,6,2,0,1,0,1,0,0,0,0,0,0
25,3.97,5,0,1,1,1,1,0,0,1,1,0,0,5,3,3,4,1,11,4,0,1,0,0,0,0,1,0,1,0,0
26,2.56,1,0,0,1,0,0,1,0,1,0,1,1,1,5,2,1,2,11,7,4,1,1,0,0,1,0,0,0,0,0
22,3.14,4,1,1,1,1,0,1,1,1,0,0,0,3,5,3,4,1,2,12,3,0,0,0,0,0,0,0,1,0,0
23,3.26,6,1,1,0,1,1,0,1,0,0,0,0,2,4,2,1,2,9,12,3,0,1,0,1,0,0,0,0,1,0
30,3.59,4,0,0,1,1,0,1,1,0,1,0,0,5,2,4,5,4,2,12,3,0,0,1,0,0,0,0,1,0,0
28,2.71,0,1,1,0,0,0,1,0,0,0,0,1,2,1,3,1,4,11,1,11,1,1,0,0,0,1,0,0,0,0
31,3.7,1,0,0,0,0,0,0,0,0,1,1,1,4,2,4,1,2,6,8,11,0,0,1,1,0,0,0,0,0,0
21,2.51,2,0,0,0,0,0,1,1,1,0,0,0,4,1,5,5,5,3,4,2,1,0,0,1,0,0,0,0,0,1
32,3.14,5,0,0,0,0,1,1,1,0,1,0,1,1,2,1,4,1,3,8,11,0,0,0,0,0,1,0,1,0,0
33,3.52,4,0,0,1,0,1,0,1,1,1,0,1,1,1,3,5,1,3,12,4,1,0,1,0,1,0,0,1,0,0
27,3.47,0,0,0,0,1,1,1,1,0,0,1,0,3,3,3,3,1,5,2,3,1,1,0,0,0,0,1,0,0,0
27,2.67,4,0,1,0,0,1,1,0,0,1,0,1,3,1,1,4,5,11,1,8,1,0,1,1,0,0,0,1,0,0
30,3.22,4,0,1,1,0,0,0,0,0,1,1,1,3,3,1,1,1,11,7,1,0,1,0,0,1,0,0,1,0,0
31,2.99,5,0,1,0,1,1,0,1,0,0,0,1,1,2,5,2,1,11,3,1,0,0,1,0,1,0,0,1,0,0
35,2.57,4,1,0,0,1,1,0,1,0,1,0,1,2,5,4,1,3,9,3,6,1,0,1,0,0,0,0,1,0,0
30,3.18,7,0,1,1,1,1,0,0,1,1,1,0,5,1,3,4,5,11,7,4,0,0,0,0,0,0,1,0,1,0
27,3.91,7,1,1,0,1,0,1,0,0,1,1,0,3,4,2,2,3,2,12,7,0,0,1,0,0,0,0,0,1,0
21,2.98,6,1,0,0,0,0,1,1,1,1,0,0,3,2,2,2,1,3,4,8,0,0,1,0,0,0,0,0,1,0
23,3.47,0,0,1,1,0,1,0,1,0,0,1,0,3,2,4,5,5,11,3,7,0,1,0,0,1,0,0,0,0,0
31,2.5,1,1,0,1,1,0,0,0,1,0,1,0,2,2,1,4,2,11,7,4,1,1,0,1,0,0,0,0,0,0
29,3.62,1,0,0,1,0,1,0,0,0,0,1,1,3,2,2,3,1,11,7,1,1,1,0,0,0,0,0,0,0,0
27,3.5,2,1,1,0,1,1,1,0,0,0,1,0,3,4,3,2,5,9,6,2,0,0,1,0,0,1,0,0,0,1
24,3.98,0,0,0,1,0,0,0,1,0,0,1,0,4,1,5,3,3,11,3,7,0,0,1,1,0,0,0,0,0,0
32,3.01,8,0,1,1,1,0,0,0,1,1,1,0,4,3,4,1,2,11,7,4,1,0,1,0,1,0,0,0,1,0
30,2.78,3,1,1,0,0,0,0,1,0,1,1,1,3,5,1,5,3,11,3,7,1,1,0,1,0,0,0,0,0,1
32,2.78,3,0,0,1,1,0,0,1,1,0,1,1,2,4,3,5,2,11,3,7,1,0,0,0,0,0,0,0,0,1
21,3.08,6,1,0,1,1,0,1,1,0,0,0,1,2,4,1,2,3,2,12,3,0,1,0,0,0,0,0,0,1,0
35,3.83,2,1,0,1,1,0,0,0,0,0,1,0,4,3,5,1,5,11,7,0,1,0,1,0,1,0,0,0,0,1
25,2.69,2,0,0,1,1,1,1,1,0,1,0,0,4,4,1,1,4,2,12,3,0,1,0,0,0,0,1,0,0,1
27,3.44,8,0,1,0,1,1,0,0,0,1,0,0,3,1,4,4,1,11,1,8,1,1,0,1,0,0,0,0,1,0
23,3.21,4,0,0,0,1,1,1,0,0,0,0,0,1,2,1,5,3,2,5,6,0,0,0,1,0,0,0,1,0,0
31,3.09,1,0,1,0,0,0,0,1,0,0,0,1,3,3,2,2,4,11,3,1,1,0,1,0,0,1,0,0,0,0
30,3.88,3,1,0,1,1,0,0,0,0,1,1,1,2,5,4,4,1,11,7,0,0,0,0,0,0,0,0,0,0,1
27,2.83,7,1,0,0,0,1,1,0,0,1,1,0,5,3,1,1,1,9,7,6,1,0,1,0,0,0,1,0,1,0
28,3.16,5,0,1,0,1,0,0,0,0,1,1,1,5,3,5,1,2,11,7,1,0,0,1,0,0,0,1,1,0,0
22,3.88,8,1,1,0,1,1,1,1,0,1,1,1,4,4,3,1,2,0,2,10,0,0,1,1,0,0,0,0,1,0
35,3.36,6,0,0,1,0,0,1,1,1,0,1,0,1,2,5,5,1,11,3,7,0,0,1,0,0,0,1,0,1,0
33,3.63,1,0,0,0,0,1,0,0,0,0,0,1,3,3,4,1,1,10,10,6,0,1,0,0,1,0,0,0,0,0
34,3.4,1,0,0,1,0,0,0,0,1,1,1,1,5,3,2,5,3,11,7,4,0,0,0,0,0,0,1,0,0,0
25,3.29,2,1,0,1,0,1,1,0,0,0,1,0,5,4,2,1,4,9,12,7,1,0,1,0,1,0,0,0,0,1
29,3.64,7,0,0,0,0,1,1,0,1,0,1,1,2,3,1,5,4,6,4,11,0,1,0,0,0,0,1,0,1,0
32,3.69,0,0,0,0,0,0,0,0,1,1,0,0,2,1,1,5,5,4,8,9,1,0,1,0,0,1,0,0,0,0
23,3.48,6,1,1,1,0,0,1,0,0,0,1,1,5,4,1,5,2,11,7,1,1,1,0,0,1,0,0,0,1,0
31,3.23,2,0,1,0,0,1,1,0,1,0,1,0,2,1,3,4,3,11,7,4,0,0,0,0,0,0,0,0,0,1
33,2.68,7,1,0,1,0,1,1,0,1,0,1,1,4,1,5,4,1,9,12,7,0,1,0,0,1,0,0,0,1,0
22,2.84,8,0,0,1,1,0,1,1,0,0,1,1,3,1,4,2,1,2,12,3,1,1,0,0,0,1,0,0,1,0
25,3.33,4,1,0,0,1,0,1,0,0,1,1,1,5,5,2,4,3,2,7,5,1,1,0,1,0,0,0,1,0,0
22,3.99,7,0,1,1,1,1,0,1,0,1,0,1,1,3,5,2,4,11,3,0,0,0,1,0,1,0,0,0,1,0
30,2.72,8,1,0,0,1,1,0,1,0,1,0,0,5,3,1,2,5,9,3,6,0,0,1,0,0,0,1,0,1,0
34,3.14,4,0,1,0,0,1,1,1,0,0,1,1,1,3,5,1,3,11,3,7,0,1,0,0,1,0,0,1,0,0
23,3.32,7,1,0,1,1,1,1,1,1,1,0,0,3,1,1,4,3,9,6,2,0,1,0,1,0,0,0,0,1,0
22,3.16,0,1,1,0,0,0,1,0,1,0,1,0,5,2,2,3,4,11,7,4,1,0,1,0,0,0,1,0,0,0
23,2.67,2,0,1,1,0,1,1,1,0,1,0,1,2,2,3,4,2,11,3,1,1,1,0,0,1,0,0,0,0,1
22,3.1,8,1,0,1,0,1,0,0,1,0,1,1,4,5,5,1,4,9,12,7,0,0,1,0,0,1,0,0,1,0
21,2.99,4,1,1,1,0,0,1,0,0,0,1,0,1,5,2,1,1,11,7,1,1,1,0,0,1,0,0,1,0,0
30,3.92,1,0,0,0,1,1,1,0,0,1,1,0,4,1,3,2,2,2,7,0,0,1,0,0,0,0,1,0,0,0
22,3.68,0,1,1,0,1,0,1,1,1,1,1,1,5,3,5,1,3,2,12,3,1,0,0,0,0,0,0,0,0,0
34,2.76,4,1,1,1,0,1,1,0,0,1,1,1,1,5,1,1,3,9,12,7,0,0,1,0,1,0,0,1,0,0
33,3.86,3,1,1,0,1,1,1,0,0,0,1,0,3,5,3,4,2,2,0,10,0,0,1,0,0,0,1,0,0,1
23,3.58,2,1,1,0,1,0,1,1,0,0,0,0,5,4,1,4,1,2,12,3,1,0,0,0,1,0,0,0,0,1
28,3.43,6,0,1,1,0,0,1,0,0,0,1,1,5,4,4,1,4,11,7,1,0,0,0,0,0,1,0,0,1,0
26,3.69,8,1,0,1,0,1,0,1,1,1,0,0,3,3,5,3,5,9,12,3,1,0,0,0,0,0,0,0,1,0
29,2.81,7,1,1,0,1,1,1,1,0,0,0,1,1,4,4,2,2,9,6,2,0,0,0,1,0,0,0,0,1,0
28,3.64,2,0,0,1,1,0,1,0,1,0,0,0,4,4,2,5,1,2,12,4,0,1,0,0,0,0,1,0,0,1
31,2.91,8,0,0,1,0,1,1,0,1,0,1,1,2,2,5,4,5,11,7,4,0,0,0,0,1,0,0,0,1,0
21,2.71,5,1,0,0,1,0,0,1,0,0,0,0,3,4,5,1,5,3,10,6,0,0,1,0,0,0,0,1,0,0
26,3.26,3,0,0,0,0,1,1,0,1,0,0,1,3,2,4,2,3,4,11,10,1,0,1,0,0,0,1,0,0,1
25,3.46,0,0,1,0,1,1,0,0,0,1,1,1,2,2,1,4,5,11,7,1,0,1,0,0,0,0,0,0,0,0
33,3.58,1,1,1,1,0,1,1,0,1,1,1,0,1,5,2,3,3,9,12,7,1,0,0,1,0,0,0,0,0,0
23,3.33,2,1,0,0,0,0,1,1,1,1,0,1,4,3,3,5,5,3,4,8,0,0,0,0,0,1,0,0,0,1
21,2.67,0,1,1,1,1,1,0,0,1,0,0,1,2,2,2,5,3,9,12,4,1,0,1,0,0,0,0,0,0,0
26,3.23,1,1,1,1,0,1,1,0,1,0,1,1,1,3,5,5,1,9,12,7,0,0,1,0,0,1,0,0,0,0
25,3.97,3,1,1,0,0,0,0,1,0,0,0,1,5,5,1,1,1,11,3,0,0,0,0,1,0,0,0,0,0,1
32,3.64,8,1,1,1,1,0,1,0,0,1,1,0,5,1,1,4,5,2,8,12,0,1,0,0,0,0,1,0,1,0
22,3.62,4,0,1,0,0,1,1,0,1,1,1,1,5,3,4,1,4,11,7,4,0,0,0,0,1,0,0,1,0,0
26,2.69,2,1,0,1,0,1,1,0,0,1,1,0,2,1,3,2,1,9,12,7,1,0,1,1,0,0,0,0,0,1
25,3.18,6,1,0,1,0,1,1,0,0,1,0,1,3,5,5,5,3,9,12,6,1,1,0,0,0,1,0,0,1,0
28,3.01,7,0,0,0,1,1,0,0,0,0,0,1,4,4,2,5,2,10,2,10,0,0,1,0,0,0,1,0,1,0
28,2.64,1,0,0,1,1,1,0,1,0,1,1,1,3,4,5,2,2,11,3,7,1,1,0,0,0,0,0,0,0,0
30,3.29,6,0,0,1,0,1,0,1,1,0,1,1,3,3,2,4,2,11,3,7,1,1,0,1,0,0,0,0,1,0
32,2.8,1,1,0,1,0,1,0,1,0,0,1,0,1,3,5,2,4,9,12,3,0,0,1,0,1,0,0,0,0,0
33,3.69,3,0,0,1,1,1,0,0,1,1,1,0,4,1,5,5,4,11,7,4,0,1,0,0,0,0,0,0,0,1
23,2.77,6,1,1,1,1,0,1,0,0,0,1,0,3,3,2,3,1,2,12,7,0,0,0,0,0,0,1,0,1,0
33,2.52,1,1,1,0,1,1,0,1,1,1,0,0,3,4,2,4,3,9,12,3,0,0,1,0,1,0,0,0,0,0
29,3.85,0,0,1,1,0,1,0,0,1,0,0,0,1,4,1,3,2,11,4,0,0,0,1,0,0,0,1,0,0,0
27,3.84,0,1,1,1,1,0,0,0,0,1,1,0,5,4,5,4,2,11,7,0,1,0,0,0,0,0,1,0,0,0
24,2.82,1,0,1,1,0,0,1,0,0,1,0,0,4,4,1,3,1,11,1,8,1,0,0,0,0,1,0,0,0,0
29,3.81,7,1,1,1,0,1,0,0,1,1,0,0,4,2,4,3,4,0,10,12,0,0,0,1,0,0,0,0,1,0
28,2.68,6,0,1,1,1,1,0,1,1,0,1,0,2,2,4,3,4,11,3,7,0,0,1,0,0,0,1,0,1,0
23,3.16,8,0,0,1,0,0,1,0,0,0,1,0,4,5,2,4,2,11,7,1,0,1,0,0,0,0,1,0,1,0
31,3.62,3,1,1,1,1,0,0,1,0,0,1,0,1,4,3,5,2,11,3,7,1,1,0,0,0,1,0,0,0,1
35,4.0,2,0,1,1,0,0,0,1,0,0,0,1,3,2,5,5,3,11,3,0,1,0,1,0,1,0,0,0,0,1
23,3.03,5,1,1,0,1,0,0,1,1,0,1,1,1,3,3,1,5,11,3,7,0,0,0,0,0,0,1,1,0,0
31,3.07,0,0,0,1,0,1,1,0,0,1,1,0,4,2,2,4,5,11,7,1,1,0,0,0,0,0,1,0,0,0
24,3.25,7,1,0,1,0,0,1,1,0,0,1,0,4,1,2,3,3,11,3,7,0,0,1,0,0,0,1,0,1,0
31,2.74,0,1,1,1,1,0,1,1,0,0,0,1,4,5,5,5,3,2,12,3,1,0,1,0,0,0,0,0,0,0
35,2.54,5,0,1,0,0,0,0,0,1,0,0,0,2,2,1,1,1,11,4,1,0,0,0,0,0,0,0,1,0,0
24,3.46,7,0,0,1,0,0,0,1,1,1,0,0,4,4,4,1,4,11,3,4,1,1,0,1,0,0,0,0,1,0
24,2.52,5,0,0,1,0,1,0,1,0,0,1,1,5,5,2,2,2,11,3,7,0,1,0,0,1,0,0,1,0,0
33,3.91,1,1,0,1,1,0,1,1,1,1,1,1,1,4,5,1,5,2,12,3,0,1,0,0,0,1,0,0,0,0
33,3.61,7,0,0,0,0,0,0,1,0,1,0,1,1,2,3,5,3,3,8,11,1,0,0,0,0,0,1,0,1,0
21,3.48,7,1,0,1,0,0,0,1,1,1,1,0,2,2,1,5,3,11,3,7,0,0,0,1,0,0,0,0,1,0
23,3.82,3,0,1,0,1,0,0,1,0,1,0,1,1,1,3,5,3,3,12,0,0,0,1,1,0,0,0,0,0,1
33,2.98,8,1,1,1,0,1,0,0,0,1,1,0,3,1,1,5,2,9,12,7,1,0,0,0,0,0,1,0,1,0
25,2.71,4,0,0,0,1,0,0,1,0,1,1,1,4,4,4,3,5,10,3,7,1,0,1,0,0,0,0,1,0,0
25,3.82,4,1,1,1,1,1,1,1,1,0,1,1,3,4,2,3,2,0,10,6,1,1,0,0,1,0,0,1,0,0
23,2.81,1,0,0,1,1,1,0,1,1,0,0,0,4,1,1,2,2,11,3,4,0,1,0,0,0,1,0,0,0,0
21,3.46,8,0,1,0,1,0,0,0,0,0,1,0,4,3,5,3,3,11,7,1,1,1,0,0,0,1,0,0,1,0
31,3.4,1,0,1,0,1,1,1,1,1,0,0,0,2,4,1,4,3,2,12,3,1,1,0,0,0,0,1,0,0,0
32,3.93,0,1,0,0,0,1,0,1,1,0,1,1,3,1,3,3,5,0,10,3,0,0,1,0,0,1,0,0,0,0
29,2.95,1,0,1,0,0,0,1,1,0,1,0,1,4,1,2,4,5,11,3,1,1,0,0,0,1,0,0,0,0,0
23,3.16,5,0,0,1,0,0,0,1,1,1,0,1,3,5,3,1,1,11,3,4,1,0,0,0,0,1,0,1,0,0
23,2.95,1,0,1,1,1,1,1,1,0,0,0,0,1,2,2,1,1,2,12,3,1,0,1,1,0,0,0,0,0,0
35,2.83,4,0,0,1,0,0,1,1,1,0,0,1,5,2,4,2,4,11,3,4,1,0,0,0,0,0,1,1,0,0
33,2.9,1,1,0,0,0,0,0,0,1,1,0,0,5,4,2,4,5,4,8,9,0,0,1,0,1,0,0,0,0,0
28,3.62,0,0,0,1,0,0,0,1,1,1,1,0,5,1,3,2,4,11,3,7,0,1,0,1,0,0,0,0,0,0
26,2.61,3,1,1,1,0,1,1,1,1,0,0,0,2,2,5,1,1,9,12,3,0,0,0,1,0,0,0,0,0,1
30,3.22,0,0,0,1,1,1,1,0,0,1,1,0,3,2,2,2,3,2,12,7,1,0,0,0,1,0,0,0,0,0
21,2.56,2,1,1,0,0,0,0,1,0,0,0,1,2,1,3,1,3,11,3,1,0,0,1,0,0,0,1,0,0,1
21,3.02,7,1,0,0,0,0,1,1,1,0,1,0,4,4,2,2,2,3,7,4,1,0,1,1,0,0,0,0,1,0
24,3.65,0,1,0,0,1,1,1,1,0,0,1,0,4,3,2,1,1,2,10,6,0,0,0,0,0,0,1,0,0,0
27,3.2,3,0,1,1,0,1,0,1,0,0,0,0,4,4,3,3,2,11,3,1,1,1,0,0,0,0,1,0,0,1
29,3.0,0,0,0,1,1,0,0,0,0,1,1,0,2,3,1,2,4,8,12,7,0,0,1,0,0,0,0,0,0,0
30,3.76,3,1,1,0,1,1,0,0,1,0,0,0,2,3,4,1,2,0,10,12,1,0,1,0,0,0,1,0,0,1
22,2.71,6,0,0,1,0,0,1,0,1,0,0,1,5,5,5,2,1,11,4,1,1,0,1,0,0,0,1,0,1,0
28,3.97,4,1,1,0,1,0,0,0,1,0,1,1,4,3,4,2,5,11,7,4,1,0,1,0,1,0,0,1,0,0
25,3.93,8,0,0,0,0,1,1,1,0,0,1,0,5,5,3,1,4,3,7,0,0,0,1,0,0,1,0,0,1,0
33,2.52,0,1,0,1,1,0,0,0,1,1,0,1,1,5,1,4,5,11,4,1,1,0,0,0,0,0,0,0,0,0
32,2.57,8,1,1,1,1,1,0,0,0,0,1,1,3,3,5,3,4,9,12,7,1,0,0,0,0,0,1,0,1,0
31,2.78,8,0,1,0,0,1,0,0,1,1,0,1,1,1,3,2,1,11,4,1,0,1,0,0,1,0,0,0,1,0
30,3.49,2,0,0,1,0,0,0,0,0,0,1,0,5,1,2,5,4,11,7,1,0,1,0,0,1,0,0,0,0,1
29,3.52,8,0,1,0,1,0,0,1,1,1,0,1,4,3,4,1,4,11,3,4,0,1,0,0,0,0,1,0,1,0
28,3.34,2,1,0,0,0,0,0,0,1,1,1,0,4,2,2,2,5,6,4,8,0,0,1,0,0,1,0,0,0,1
23,2.62,0,0,0,1,0,0,0,1,1,0,1,1,1,4,2,1,4,11,3,7,1,1,0,0,0,0,0,0,0,0
24,3.92,2,1,0,0,1,1,1,0,0,1,1,0,3,5,1,5,3,0,10,6,0,0,1,1,0,0,0,0,0,1
33,2.95,7,0,0,0,0,0,1,1,0,1,1,1,2,2,1,1,5,3,7,8,1,1,0,0,1,0,0,0,1,0
29,3.7,7,0,1,1,1,1,0,1,1,0,0,1,5,1,5,2,3,11,3,4,0,1,0,0,1,0,0,0,1,0
21,3.61,6,1,0,1,0,0,0,1,1,1,1,1,1,4,5,5,5,11,3,7,1,0,1,0,0,1,0,0,1,0
30,3.48,8,1,0,0,0,1,0,0,1,0,1,0,1,3,1,3,4,9,7,4,0,0,1,0,1,0,0,0,1,0
33,3.99,4,1,1,1,0,0,0,1,1,1,1,1,5,5,1,4,2,11,3,7,0,1,0,1,0,0,0,1,0,0
32,2.98,3,0,1,0,0,1,0,0,0,0,0,1,5,2,4,2,2,11,1,11,1,0,1,1,0,0,0,0,0,1
35,4.0,0,1,0,1,1,1,1,1,1,0,1,0,1,1,5,5,4,0,10,6,0,0,0,0,0,0,0,0,0,0
23,2.79,5,0,1,1,1,1,1,1,1,0,0,0,5,4,2,3,2,2,12,3,0,0,0,0,0,1,0,1,0,0
24,2.55,4,1,1,1,0,1,1,0,0,1,1,0,5,3,1,2,5,9,12,7,1,0,1,0,0,0,0,1,0,0
35,3.14,4,0,0,1,1,1,0,1,0,1,0,1,3,3,3,3,3,11,3,1,1,0,1,0,0,0,0,1,0,0
23,3.59,0,1,0,1,1,0,0,0,0,1,0,0,5,2,2,4,5,11,1,8,0,1,0,0,1,0,0,0,0,0
32,3.19,3,0,1,0,1,1,0,0,1,0,0,0,4,1,1,1,1,11,4,5,1,0,0,0,0,0,1,0,0,1
28,2.91,5,0,0,0,1,1,0,1,0,0,0,0,3,3,2,4,3,3,10,6,1,0,0,0,1,0,0,1,0,0
23,2.86,2,0,0,1,0,1,1,1,0,0,1,1,5,3,3,3,2,11,3,7,0,0,1,0,0,0,1,0,0,1
27,2.51,4,1,1,1,1,0,1,0,0,1,0,1,2,2,3,3,4,2,12,10,0,0,1,0,1,0,0,1,0,0
28,3.94,6,0,0,0,0,1,1,0,0,1,1,0,4,1,1,1,4,6,0,8,0,1,0,0,1,0,0,0,1,0
27,3.8,2,0,1,0,1,0,1,1,1,1,1,1,5,3,2,5,1,2,12,3,0,0,1,0,0,0,1,0,0,1
35,2.56,0,1,1,0,0,0,1,0,1,0,0,0,3,5,3,5,4,11,4,1,1,0,0,1,0,0,0,0,0,0
23,3.14,8,1,0,1,1,0,1,1,0,0,0,0,5,4,5,1,4,2,12,3,0,0,0,0,1,0,0,0,1,0
29,2.62,6,1,1,0,0,1,0,0,0,1,0,0,5,2,3,3,4,9,12,6,1,0,0,0,1,0,0,0,1,0
32,2.91,7,0,0,0,1,0,1,1,1,1,1,1,2,2,1,4,3,2,3,7,0,0,1,0,1,0,0,0,1,0
22,3.31,8,1,0,1,1,1,1,0,0,1,0,0,5,3,5,1,1,2,10,6,1,0,1,0,0,1,0,0,1,0
27,3.22,1,0,1,0,1,0,0,0,1,0,1,0,5,2,1,5,2,11,7,4,1,1,0,1,0,0,0,0,0,0
21,2.79,6,0,0,1,1,0,1,0,0,0,0,1,2,1,5,3,5,2,12,5,1,0,0,0,0,0,0,0,1,0
30,2.63,7,0,0,1,0,0,0,1,1,1,1,1,3,1,3,5,4,11,3,7,0,1,0,0,0,1,0,0,1,0
35,2.59,5,0,1,1,0,1,0,0,0,0,0,1,3,3,3,1,5,11,1,11,0,0,1,0,1,0,0,1,0,0
25,2.61,8,0,1,1,1,1,0,0,1,1,1,1,4,2,5,2,2,11,7,4,1,0,0,0,0,1,0,0,1,0
28,2.7,6,1,1,0,1,0,0,1,0,1,0,0,3,5,3,5,2,1,12,3,1,0,1,0,0,0,0,0,1,0
32,3.91,3,1,1,0,0,1,1,1,0,1,0,1,4,5,2,1,4,0,10,12,0,0,1,0,0,0,0,0,0,1
35,3.41,6,1,1,1,1,1,1,1,0,1,0,1,1,1,2,4,3,9,6,2,0,0,0,1,0,0,0,0,1,0
31,3.15,5,0,0,1,0,1,1,1,1,1,1,0,1,2,1,4,1,11,3,7,1,0,0,0,1,0,0,1,0,0
27,3.09,0,1,0,0,0,0,0,0,0,1,1,0,3,3,5,4,4,6,8,9,1,1,0,0,0,0,1,0,0,0
24,2.83,2,0,1,1,1,1,1,0,1,0,0,0,5,3,4,4,3,2,12,4,0,1,0,1,0,0,0,0,0,1
35,2.61,0,0,0,0,1,1,1,1,1,0,1,1,3,2,2,5,4,2,3,7,0,0,1,1,0,0,0,0,0,0
35,3.74,1,1,1,0,0,0,1,0,1,0,0,0,2,1,1,5,1,11,4,0,1,1,0,0,0,0,0,0,0,0
32,3.51,3,1,0,0,0,1,0,0,1,0,1,0,4,3,2,1,5,9,7,4,0,1,0,0,0,1,0,0,0,1
23,3.28,3,1,0,0,0,1,0,0,1,0,0,0,4,5,5,2,4,9,4,6,1,0,1,1,0,0,0,0,0,1
29,3.81,5,0,0,1,1,0,1,0,0,0,1,0,1,1,3,4,4,2,12,7,0,0,1,0,0,0,0,1,0,0
33,3.61,7,1,1,0,1,0,1,1,0,0,1,0,5,3,4,2,4,2,12,3,0,0,1,0,0,1,0,0,1,0
31,2.5,4,1,0,1,0,1,1,0,1,0,1,1,4,3,3,3,2,9,12,7,1,0,1,0,1,0,0,1,0,0
25,3.35,6,1,1,1,0,0,1,0,1,1,1,1,4,3,1,3,3,11,7,4,1,0,1,0,0,1,0,0,1,0
32,2.65,4,1,0,0,0,0,1,1,0,0,0,1,1,3,4,1,2,3,11,10,1,0,0,0,1,0,0,1,0,0
31,3.32,3,0,1,1,1,1,0,0,1,0,0,1,4,3,2,5,5,11,4,1,1,1,0,0,0,0,1,0,0,1
32,2.87,2,0,0,1,1,1,1,0,1,0,1,1,3,2,1,5,5,2,12,7,1,0,0,0,0,1,0,0,0,1
24,3.2,6,1,1,1,1,1,1,1,0,0,0,0,3,3,2,5,1,9,6,2,1,0,0,0,1,0,0,0,1,0
24,3.33,3,1,1,1,0,0,1,1,1,1,0,0,4,5,3,5,3,11,3,4,1,0,0,0,1,0,0,0,0,1
26,3.59,8,0,0,0,1,1,0,0,0,0,0,0,2,2,1,3,5,9,6,0,0,0,0,0,1,0,0,0,1,0
30,3.77,8,1,0,0,0,0,0,1,1,1,1,1,3,5,5,2,4,3,7,4,0,0,0,0,1,0,0,0,1,0
35,3.46,3,0,1,1,1,1,0,0,0,0,1,0,4,3,1,2,5,11,7,1,1,0,0,0,0,0,1,0,0,1
24,3.29,5,1,1,0,0,1,1,1,1,0,0,1,3,2,1,5,4,9,12,3,1,1,0,0,1,0,0,1,0,0
31,3.59,8,1,0,1,0,1,0,1,1,1,0,0,1,1,5,2,3,9,12,3,1,1,0,1,0,0,0,0,1,0
31,3.57,4,0,0,0,1,1,1,0,0,1,1,1,4,4,1,3,5,2,7,5,0,1,0,0,0,1,0,1,0,0
21,3.3,8,0,0,1,1,0,0,1,1,0,1,1,4,3,5,4,3,11,3,7,1,0,0,0,1,0,0,0,1,0
22,3.06,2,1,1,1,1,0,0,0,0,0,0,1,5,3,5,5,3,11,1,11,0,1,0,0,0,0,1,0,0,1
23,3.7,0,0,1,0,0,0,0,1,0,1,1,1,5,3,5,5,3,11,3,7,1,0,0,0,0,1,0,0,0,0
28,3.26,7,0,0,0,0,1,0,1,1,1,1,1,5,4,3,2,3,3,7,4,0,0,1,1,0,0,0,0,1,0
34,2.98,1,0,0,1,0,0,1,1,1,1,1,1,4,2,3,5,4,11,3,7,1,0,0,0,0,1,0,0,0,0
34,2.94,0,1,1,0,1,1,0,0,0,1,1,1,5,2,2,3,2,9,12,7,0,1,0,0,0,1,0,0,0,0
33,3.0,4,0,0,1,1,0,0,0,1,0,1,0,3,4,5,3,4,11,7,4,0,1,0,0,0,0,0,1,0,0
25,3.44,0,1,1,1,1,0,0,0,1,0,1,0,3,5,1,1,1,11,7,4,0,1,0,0,0,1,0,0,0,0
23,3.06,8,1,0,1,1,0,0,1,1,0,1,1,5,4,4,2,2,11,3,7,0,0,0,1,0,0,0,0,1,0
22,2.83,7,1,0,0,1,0,1,1,0,0,0,1,1,2,3,5,2,2,3,5,1,1,0,1,0,0,0,0,1,0
31,2.68,7,0,1,1,0,0,0,1,1,0,1,1,1,5,1,3,5,11,3,7,0,0,1,0,1,0,0,0,1,0
34,3.86,7,1,1,1,1,1,0,1,1,1,0,1,2,2,1,1,2,0,9,10,1,0,1,0,0,1,0,0,1,0
30,3.86,1,1,1,1,0,1,0,1,0,1,0,1,1,3,5,5,1,0,10,12,0,0,1,0,0,0,0,0,0,0
27,3.88,0,1,1,1,1,1,1,0,1,1,0,0,3,3,4,2,2,0,10,6,0,0,1,0,0,0,1,0,0,0
35,3.87,8,0,0,1,1,0,1,1,1,0,0,0,1,3,1,3,3,2,12,3,0,0,0,0,0,1,0,0,1,0
33,3.09,7,0,1,1,0,0,0,1,1,0,1,1,2,1,4,4,2,11,3,7,0,0,0,0,1,0,0,0,1,0
22,3.27,4,1,0,1,0,0,1,1,1,0,1,1,4,4,2,1,5,11,3,7,1,0,1,0,1,0,0,1,0,0
28,2.78,7,0,1,1,0,1,1,0,0,0,0,0,4,1,4,5,1,11,1,2,0,1,0,0,1,0,0,0,1,0
33,2.97,8,1,1,1,1,1,0,0,1,1,0,1,5,1,3,3,4,9,12,4,1,0,1,0,1,0,0,0,1,0
22,2.69,8,1,0,0,0,1,0,0,1,0,1,0,3,4,3,1,3,9,7,4,1,0,0,0,1,0,0,0,1,0
29,3.12,7,0,1,0,1,0,1,1,1,0,1,1,5,3,3,4,4,2,12,3,0,0,0,0,0,0,0,0,1,0
27,3.03,2,0,0,0,0,0,1,1,0,0,0,1,2,2,3,2,1,3,11,10,1,0,1,1,0,0,0,0,0,1
35,3.95,4,0,1,1,1,0,0,1,1,1,0,0,5,5,5,2,4,11,3,4,0,0,0,0,0,0,0,1,0,0
31,3.42,7,0,0,0,1,1,1,0,1,1,0,0,1,3,2,1,3,2,4,5,1,1,0,0,0,0,1,0,1,0
23,3.4,2,1,1,1,1,0,1,0,1,0,1,1,2,3,3,5,2,2,12,7,1,1,0,0,0,0,0,0,0,1
32,3.26,8,1,1,0,0,0,1,0,0,1,1,1,1,3,4,3,5,11,7,1,0,0,1,1,0,0,0,0,1,0
34,3.49,2,1,1,1,1,1,1,0,1,1,0,0,2,3,1,1,2,9,6,2,1,0,0,0,0,0,0,0,0,1
32,3.36,1,0,0,0,1,1,0,0,0,1,1,0,2,4,4,5,4,6,8,9,1,1,0,1,0,0,0,0,0,0
29,3.48,3,0,0,1,0,1,1,1,0,0,1,1,3,2,4,5,2,11,3,7,1,0,1,0,1,0,0,0,0,1
33,2.87,6,1,1,0,0,0,1,0,0,0,0,1,3,4,2,5,3,11,1,11,0,0,1,0,0,0,1,0,1,0
34,3.12,8,0,0,0,0,0,0,0,1,0,0,0,5,2,2,2,2,4,2,10,1,1,0,0,0,0,1,0,1,0
26,3.98,7,0,0,1,1,0,1,1,0,1,0,1,5,3,2,1,3,2,12,3,0,0,1,0,1,0,0,0,1,0
24,3.29,4,1,0,1,0,0,0,0,1,0,1,0,2,3,3,5,1,11,7,4,1,0,1,0,0,0,0,1,0,0
33,3.01,6,1,1,0,1,1,1,0,0,0,0,1,4,4,2,1,2,2,10,6,0,1,0,1,0,0,0,0,1,0
22,2.61,5,1,1,1,1,1,0,0,0,1,0,1,3,2,1,1,4,9,12,6,1,1,0,0,1,0,0,1,0,0
30,3.2,3,0,0,0,1,0,1,0,1,0,0,0,1,3,1,2,1,2,4,5,1,0,1,0,0,1,0,0,0,1
23,3.36,6,0,1,0,1,0,1,1,1,1,0,1,2,4,3,1,3,2,12,3,1,0,1,1,0,0,0,0,1,0
28,3.3,5,1,1,0,0,1,1,0,0,0,1,1,1,1,1,4,2,9,12,7,0,0,1,0,1,0,0,1,0,0
35,3.2,3,1,1,1,0,0,1,0,0,1,1,0,2,4,4,5,5,11,7,1,1,1,0,1,0,0,0,0,0,1
34,3.75,8,0,0,1,1,0,0,1,1,0,1,1,2,4,2,5,3,11,3,7,1,0,1,0,0,0,0,0,1,0
24,3.54,3,1,1,0,0,1,0,1,1,0,0,0,5,3,2,1,1,9,12,3,0,1,0,0,0,0,1,0,0,1
29,3.8,6,1,0,1,0,0,1,0,1,0,0,0,2,2,2,2,5,11,4,0,1,0,0,0,0,0,1,0,1,0
30,3.44,7,1,1,0,1,1,0,0,0,0,0,0,1,1,2,3,1,9,12,6,1,0,1,0,0,0,1,0,1,0
24,3.86,7,0,1,1,0,0,0,1,0,1,1,0,1,4,1,1,1,11,3,7,1,1,0,0,0,0,0,0,1,0
25,3.87,7,1,0,0,0,1,1,1,1,0,0,0,5,2,3,3,1,0,10,3,1,1,0,1,0,0,0,0,1,0
31,3.67,6,1,0,1,1,0,1,0,1,0,0,0,4,2,2,4,5,2,12,4,1,0,1,0,0,0,0,0,1,0
31,2.96,3,1,0,0,0,0,1,0,0,0,0,1,4,4,5,1,5,10,2,10,0,1,0,0,0,1,0,0,0,1
21,3.5,2,1,0,0,1,0,1,1,0,1,1,0,3,3,1,4,3,2,3,7,0,0,1,0,0,0,0,0,0,1
24,2.54,6,1,1,0,0,0,1,1,0,0,0,1,3,2,1,4,1,11,3,1,0,0,1,0,0,0,0,0,1,0
29,3.83,6,0,0,1,0,0,1,0,0,0,1,1,2,4,1,3,4,11,7,0,0,0,1,1,0,0,0,0,1,0
23,3.24,6,0,0,0,0,1,0,0,0,1,1,1,3,1,3,1,5,6,8,11,1,0,1,0,1,0,0,0,1,0
31,3.27,0,0,1,0,0,1,1,1,0,0,0,1,4,2,4,4,1,11,3,1,1,0,0,0,0,1,0,0,0,0
23,3.78,5,0,1,0,1,1,1,0,1,0,0,1,4,5,4,4,5,2,12,4,1,0,1,1,0,0,0,1,0,0
26,3.55,4,0,1,0,0,0,1,0,1,0,1,0,3,1,4,2,3,11,7,4,1,0,1,1,0,0,0,1,0,0
33,2.72,1,0,0,1,1,0,0,1,0,1,0,1,4,5,3,3,4,11,3,1,0,0,1,0,0,1,0,0,0,0
21,2.51,4,0,0,0,0,1,1,0,1,1,1,1,4,3,1,4,3,6,4,8,1,0,1,1,0,0,0,1,0,0
35,3.99,2,0,1,1,0,1,1,1,1,0,0,1,2,2,5,4,2,11,3,4,0,0,0,0,1,0,0,0,0,1
24,3.82,4,1,1,1,1,0,0,1,1,1,0,1,1,4,1,3,5,11,3,4,1,1,0,0,0,0,1,1,0,0
32,2.82,8,0,1,0,1,1,0,1,0,0,0,0,2,3,2,5,4,11,3,1,1,1,0,0,0,0,0,0,1,0
32,3.18,8,1,1,1,0,0,1,1,0,0,0,0,3,3,3,4,4,11,3,1,0,1,0,0,0,1,0,0,1,0
32,2.66,2,0,1,0,0,0,0,1,0,1,1,1,1,4,1,3,1,11,3,7,1,0,1,0,1,0,0,0,0,1
29,2.88,7,1,0,0,1,0,0,1,1,1,1,1,2,4,3,5,3,3,7,4,0,0,1,0,0,0,1,0,1,0
29,2.75,7,1,1,0,0,1,0,0,1,0,1,0,2,3,3,3,1,9,12,7,0,0,1,0,0,1,0,0,1,0
27,3.93,7,0,1,0,0,1,0,1,1,0,1,0,4,5,3,1,2,11,3,7,1,1,0,0,0,0,0,0,1,0
21,2.79,4,1,1,1,1,0,0,0,1,1,0,0,1,3,1,2,4,11,4,1,1,0,1,0,0,0,1,1,0,0
31,3.77,0,1,1,0,0,1,0,1,0,1,0,1,5,1,2,3,1,0,10,12,1,1,0,1,0,0,0,0,0,0
32,3.07,5,1,1,0,1,1,0,1,0,0,1,0,1,5,1,5,1,9,12,3,1,0,1,0,0,0,0,1,0,0
28,3.72,7,0,0,1,0,1,0,1,1,1,1,1,2,5,3,5,2,11,3,7,1,0,0,1,0,0,0,0,1,0
27,3.8,3,0,1,1,1,0,0,0,1,1,1,0,3,4,5,3,5,11,7,4,1,1,0,0,1,0,0,0,0,1
26,3.07,6,0,1,0,1,1,0,0,0,1,1,1,1,3,2,5,3,11,7,1,1,0,1,0,0,0,1,0,1,0
35,2.54,7,1,1,1,0,1,1,1,1,1,1,1,5,2,4,1,4,9,12,3,1,0,1,0,0,1,0,0,1,0
29,2.87,6,1,0,1,1,0,0,0,0,1,1,1,5,3,3,3,4,11,7,1,1,0,1,0,1,0,0,0,1,0
25,2.99,2,1,1,1,0,1,0,0,1,1,1,0,1,3,2,1,3,9,12,7,0,1,0,0,0,0,0,0,0,1
21,2.93,1,0,0,1,0,0,0,0,1,0,0,1,5,2,2,1,1,11,4,1,1,0,0,0,0,0,0,0,0,0
22,2.89,7,0,1,0,0,1,1,0,0,1,1,1,3,2,5,4,4,11,7,1,0,1,0,1,0,0,0,0,1,0
32,3.17,4,0,1,0,1,1,0,0,1,0,0,0,5,1,5,5,2,11,4,1,0,0,0,0,0,0,0,1,0,0
28,3.21,3,0,0,0,1,0,1,0,0,0,1,0,4,2,4,5,3,2,7,5,1,0,0,0,0,0,1,0,0,1
33,3.0,0,0,1,0,1,1,0,0,1,1,1,1,1,3,5,2,4,7,12,7,1,1,0,0,0,0,0,0,0,0
22,3.89,4,1,0,1,0,0,1,0,1,0,1,0,1,1,1,2,2,11,7,4,1,0,0,0,0,0,0,1,0,0
25,3.89,1,1,0,1,1,1,1,1,1,1,1,1,2,2,5,2,4,0,10,6,0,0,0,0,0,0,1,0,0,0
23,2.93,7,0,0,0,1,1,0,1,0,0,0,0,3,5,5,5,5,3,10,6,0,0,0,0,1,0,0,0,1,0
32,3.22,6,1,0,1,0,0,1,1,0,0,0,0,2,4,3,5,3,11,3,1,1,1,0,0,0,1,0,0,1,0
31,3.11,2,0,0,0,1,1,0,1,1,1,1,1,2,1,2,5,4,3,7,4,1,0,1,0,0,0,1,0,0,1
23,2.93,7,1,1,0,1,1,0,1,1,0,1,0,4,1,5,2,4,9,12,3,0,0,1,1,0,0,0,0,1,0
29,2.59,8,0,0,0,0,0,0,1,0,1,1,1,1,1,2,3,1,3,7,12,1,1,0,0,0,0,0,0,1,0
21,3.09,8,0,0,0,0,1,0,1,1,1,0,1,5,5,4,2,4,3,4,8,0,1,0,1,0,0,0,0,1,0
27,3.23,2,1,1,0,1,0,0,1,1,0,1,1,5,3,5,4,2,11,3,7,1,0,0,0,0,0,1,0,0,1
26,3.95,1,0,0,1,1,1,0,0,0,0,1,0,2,3,3,5,3,11,7,0,1,1,0,0,0,1,0,0,0,0
35,3.55,3,1,1,1,1,1,1,0,1,0,1,1,5,3,2,2,3,2,10,6,1,0,1,0,1,0,0,0,0,1
27,4.0,6,0,0,0,0,1,0,1,1,1,0,1,4,4,3,2,3,3,4,0,0,0,1,0,1,0,0,0,1,0
26,3.1,1,1,1,0,1,0,1,1,0,0,0,0,1,3,1,4,3,2,12,3,0,1,0,0,0,0,0,0,0,0
23,2.86,2,0,1,0,0,0,1,1,1,1,1,1,1,5,1,2,4,11,3,7,1,1,0,0,1,0,0,0,0,1
22,3.57,3,0,1,0,0,0,0,1,1,0,1,1,3,5,4,3,1,11,3,7,0,0,0,1,0,0,0,0,0,1
30,3.16,4,0,1,0,0,0,0,0,1,1,1,0,3,3,2,4,2,11,7,4,1,0,1,0,1,0,0,1,0,0
22,3.93,2,0,0,0,1,0,0,0,1,1,1,1,1,1,2,4,4,6,4,0,1,0,1,0,0,1,0,0,0,1
29,3.5,2,1,1,1,1,1,0,1,0,1,1,0,1,5,4,2,5,9,12,3,0,0,0,0,1,0,0,0,0,1
27,3.36,1,1,1,1,1,0,0,0,1,0,1,1,2,1,2,2,3,11,7,4,0,0,1,0,0,0,0,0,0,0
30,2.67,4,0,1,1,0,1,1,0,0,1,1,1,2,5,3,3,2,11,7,0,0,0,0,1,0,0,0,1,0,0
23,3.76,5,1,1,1,1,0,0,1,0,0,0,1,1,4,5,5,1,3,12,0,0,1,0,0,0,1,0,1,0,0
29,3.69,7,1,0,1,0,1,0,1,0,1,1,0,3,4,1,5,4,9,12,3,0,0,1,0,0,0,1,0,1,0
35,2.82,3,1,1,0,0,1,0,1,0,0,1,0,1,4,3,2,3,9,12,3,1,0,1,0,0,1,0,0,0,1
28,3.86,5,1,1,0,1,0,0,0,0,1,1,1,2,5,2,3,3,11,7,0,0,1,0,0,0,0,1,1,0,0
33,3.15,8,0,1,0,0,0,0,1,0,0,1,1,4,3,2,5,4,11,3,7,0,0,0,0,0,0,1,0,1,0
34,3.46,2,0,0,0,1,0,0,0,0,1,1,0,3,5,5,5,4,6,8,9,0,0,1,1,0,0,0,0,0,1
25,3.17,4,0,0,0,1,0,0,0,0,1,0,1,4,3,5,5,2,7,11,9,0,0,1,0,0,0,1,1,0,0
35,3.87,3,0,1,1,0,1,1,1,1,0,0,1,5,2,4,2,2,11,3,4,1,0,0,0,1,0,0,0,0,1
25,3.8,1,1,1,0,0,0,0,1,1,1,0,0,2,4,3,1,5,11,3,4,1,0,1,1,0,0,0,0,0,0
29,3.27,3,1,1,1,1,1,1,1,1,0,0,1,5,2,2,4,4,2,10,6,0,0,1,0,0,0,0,0,0,1
33,3.19,6,1,1,1,1,1,1,0,0,1,1,1,3,1,5,1,1,9,6,2,0,0,0,0,0,1,0,0,1,0
25,3.91,8,0,1,1,1,1,0,0,1,1,1,1,5,5,5,2,2,11,7,4,0,1,0,1,0,0,0,0,1,0
29,3.52,4,1,0,0,0,0,1,1,1,0,1,1,5,4,2,5,1,3,7,4,1,1,0,0,1,0,0,1,0,0
21,3.19,1,1,1,1,0,1,1,0,1,1,0,0,4,4,1,4,4,9,12,4,1,0,0,0,0,1,0,0,0,0
22,2.97,1,1,0,1,1,0,0,0,0,1,0,0,2,1,4,1,4,11,1,8,1,0,1,0,1,0,0,0,0,0
33,3.47,5,0,0,0,1,1,1,0,1,1,0,1,3,2,3,3,3,2,4,5,0,0,1,0,0,0,0,1,0,0
23,3.19,2,1,0,1,1,0,0,0,0,0,1,1,1,1,1,3,5,11,7,1,1,0,1,0,0,0,1,0,0,1
24,3.14,1,1,0,1,0,0,1,0,0,0,1,0,2,2,4,3,5,11,7,1,0,1,0,0,0,0,1,0,0,0
35,3.59,6,0,1,1,0,1,1,1,0,1,0,0,3,4,1,5,4,11,3,1,1,0,0,1,0,0,0,0,1,0
28,3.9,7,0,1,0,1,1,1,0,0,0,0,0,2,3,5,4,1,2,12,0,0,0,1,0,0,1,0,0,1,0
26,3.46,0,1,1,1,1,1,0,0,1,0,0,1,1,1,5,2,2,9,12,4,1,0,1,0,0,0,1,0,0,0
26,3.74,1,1,0,1,1,0,1,0,1,1,1,0,2,4,2,1,2,2,12,7,1,1,0,0,0,0,0,0,0,0
25,2.73,8,1,1,0,0,0,0,1,0,0,0,1,4,1,1,5,2,11,3,1,1,1,0,0,1,0,0,0,1,0
27,3.42,5,1,0,0,1,1,0,1,1,1,0,0,1,5,3,2,2,9,3,4,1,0,1,0,0,0,0,1,0,0
23,3.96,3,0,1,0,1,1,0,0,1,1,0,0,4,2,5,4,5,11,4,0,1,1,0,0,0,1,0,0,0,1
32,2.99,2,0,1,0,0,0,0,0,0,1,0,0,3,3,3,5,5,11,1,8,1,0,1,0,0,0,0,0,0,1
30,3.2,0,1,1,1,1,0,1,1,1,0,1,1,5,1,1,2,2,2,12,3,1,0,1,0,1,0,0,0,0,0
22,3.44,1,0,1,1,1,0,0,0,0,1,1,0,1,4,1,1,3,11,7,1,0,1,0,0,0,0,1,0,0,0
29,2.81,6,0,0,1,0,0,0,1,1,1,1,0,5,5,3,4,2,11,3,7,1,0,1,0,0,0,1,0,1,0
28,3.46,0,0,0,1,0,0,0,0,1,0,0,0,5,3,3,1,2,11,4,1,1,0,1,0,0,0,1,0,0,0
34,3.77,5,1,1,1,1,1,1,1,1,0,1,1,3,5,4,5,4,0,10,6,1,0,0,0,0,0,0,1,0,0
30,2.77,8,1,0,1,1,0,0,0,0,1,1,0,1,4,2,4,3,11,7,6,0,0,1,0,1,0,0,0,1,0
28,3.6,0,0,0,0,0,1,0,1,0,1,1,1,3,5,5,5,4,8,3,7,0,0,1,0,1,0,0,0,0,0
28,2.96,1,1,0,1,1,1,1,1,0,1,1,0,2,5,3,3,5,9,6,2,1,1,0,1,0,0,0,0,0,0
23,3.92,6,1,1,1,1,0,0,0,1,0,1,0,4,3,5,2,4,11,7,4,0,0,0,0,0,1,0,0,1,0
21,2.9,3,0,1,0,0,1,0,1,0,0,0,1,4,1,2,4,1,2,12,3,0,1,0,1,0,0,0,0,0,1
34,2.64,5,1,1,1,1,1,1,0,1,1,1,1,5,2,3,5,3,2,10,6,1,0,0,1,0,0,0,1,0,0
24,3.73,0,0,0,1,1,0,0,0,0,1,0,1,1,3,2,5,2,11,0,1,0,1,0,0,0,0,1,0,0,0
27,3.76,2,1,1,1,0,1,1,0,1,0,1,0,1,4,5,5,4,0,10,12,1,0,1,0,0,1,0,0,0,1
28,2.54,1,1,0,0,1,0,1,0,1,0,1,1,3,3,3,1,5,2,7,4,1,1,0,1,0,0,0,0,0,0
30,3.29,1,0,0,1,1,1,1,0,1,0,0,0,3,5,3,4,2,2,12,4,1,0,1,0,0,0,0,0,0,0
23,3.34,4,0,0,0,0,0,0,0,1,1,0,1,4,2,4,3,5,4,8,11,1,0,0,1,0,0,0,1,0,0
25,3.86,0,0,1,0,1,1,0,1,1,1,0,1,2,1,3,1,2,11,3,4,1,0,1,0,1,0,0,0,0,0
23,3.47,1,0,0,0,0,1,1,1,1,1,1,1,3,1,4,1,4,7,3,7,1,0,0,1,0,0,0,0,0,0
26,3.85,1,1,0,0,1,0,0,0,1,0,0,0,2,5,3,3,3,4,0,10,1,1,0,0,0,0,0,0,0,0
23,3.5,5,0,1,0,1,1,1,0,1,1,1,1,5,2,4,4,3,2,12,7,0,0,1,0,0,0,1,1,0,0
22,3.92,0,1,1,1,1,0,1,0,0,0,0,1,1,3,3,1,4,2,12,0,0,0,1,0,1,0,0,0,0,0
24,3.21,7,0,0,0,1,0,0,1,1,1,1,1,1,1,2,2,5,3,7,4,0,1,0,0,0,1,0,0,1,0
32,3.32,8,0,1,0,1,0,0,1,1,0,0,1,2,3,1,2,2,11,3,4,0,0,0,0,0,1,0,0,1,0
33,3.36,3,1,0,1,1,0,1,1,1,1,1,1,1,2,2,5,5,2,12,3,1,0,1,0,0,0,1,0,0,1
29,3.17,1,1,0,1,0,1,1,0,0,0,0,0,2,1,4,2,2,9,12,6,1,0,1,0,0,0,1,0,0,0
23,3.03,5,1,1,0,1,1,1,0,1,1,1,1,2,5,4,1,4,11,10,6,1,0,0,0,0,1,0,1,0,0
26,3.64,4,0,1,0,0,1,0,0,0,1,1,0,4,2,4,4,1,11,7,1,1,0,1,0,0,1,0,1,0,0
32,2.82,2,0,1,1,1,1,0,1,1,0,0,1,4,5,5,1,1,11,3,4,0,1,0,0,0,0,1,0,0,1
24,2.58,8,1,1,0,0,0,1,1,0,0,1,0,2,1,5,5,1,11,3,7,1,0,0,0,0,0,1,0,1,0
21,2.97,1,0,1,1,0,0,0,0,0,1,0,0,4,4,4,4,1,11,1,8,1,0,0,0,0,1,0,0,0,0
25,2.59,3,0,0,0,1,0,1,0,1,0,1,1,2,5,1,2,2,2,7,4,0,0,1,0,0,0,1,0,0,1
28,2.99,7,1,0,1,0,0,0,1,0,1,1,1,1,3,4,1,1,11,3,7,0,1,0,1,0,0,0,0,1,0
34,2.85,6,0,0,0,0,0,0,1,0,1,0,0,1,5,5,3,4,3,8,9,0,1,0,0,0,0,1,0,1,0
28,3.78,1,0,0,1,1,1,1,1,1,0,1,1,5,3,3,2,2,2,12,3,0,0,1,0,0,1,0,0,0,0
35,3.06,1,0,0,1,1,0,1,0,0,1,0,1,1,5,4,4,2,2,12,5,0,0,1,1,0,0,0,0,0,0
27,3.0,7,0,0,1,0,0,1,1,1,0,0,0,5,5,3,2,1,11,3,4,1,0,0,0,0,1,0,0,1,0
28,3.57,5,0,1,0,0,0,1,1,0,0,1,0,2,1,1,4,4,11,3,7,0,1,0,0,1,0,0,1,0,0
33,2.98,5,1,1,0,1,0,1,0,1,1,0,1,2,2,3,1,1,2,12,4,1,1,0,0,0,1,0,1,0,0
27,2.78,1,1,0,1,1,1,1,1,1,0,1,0,3,1,4,5,3,9,6,2,1,0,1,0,0,0,0,0,0,0
27,3.14,1,1,0,0,1,1,0,1,0,1,1,1,4,5,4,1,4,9,3,7,1,1,0,0,0,1,0,0,0,0
22,3.88,8,0,0,1,1,0,1,1,1,1,1,1,1,4,4,4,4,2,12,3,1,1,0,1,0,0,0,0,1,0
31,3.47,8,0,0,1,1,0,1,0,1,0,1,0,1,5,5,4,3,2,12,7,0,1,0,0,0,0,1,0,1,0
30,3.27,7,1,1,0,1,1,0,1,0,0,1,1,5,5,2,2,5,9,12,3,1,1,0,0,0,0,0,0,1,0
34,2.5,4,1,0,1,1,1,0,0,1,1,0,0,4,2,1,5,1,9,12,4,1,0,1,0,0,0,1,1,0,0
35,3.25,2,1,1,0,1,0,0,1,1,0,1,0,1,1,3,1,2,11,3,7,0,0,0,0,0,0,1,0,0,1
30,3.99,2,1,0,0,1,1,0,0,0,0,1,0,3,3,3,4,1,0,10,7,0,0,0,0,0,0,1,0,0,1
27,2.98,1,1,1,0,1,1,0,1,0,1,0,0,5,1,2,4,4,9,12,3,0,1,0,0,1,0,0,0,0,0
30,2.78,3,1,0,1,1,0,0,0,0,0,1,0,4,2,5,3,3,11,7,10,0,0,0,0,1,0,0,0,0,1
27,2.52,3,1,1,0,1,1,1,1,1,1,0,1,5,5,4,2,3,2,10,6,1,0,0,0,0,1,0,0,0,1
35,3.15,5,0,0,1,1,1,0,1,1,0,0,0,2,3,3,4,1,11,3,4,1,0,1,0,1,0,0,1,0,0
35,3.04,7,1,1,1,0,1,0,1,1,1,1,1,1,4,3,4,5,9,12,3,1,0,1,1,0,0,0,0,1,0
29,2.75,1,0,0,1,1,1,1,0,0,1,0,0,5,4,2,2,4,2,12,5,1,1,0,0,1,0,0,0,0,0
28,2.88,5,1,1,0,0,1,1,0,1,0,1,0,5,1,1,4,3,9,12,7,1,1,0,0,0,1,0,1,0,0
30,3.88,3,0,0,0,0,0,1,1,1,0,1,1,5,2,3,2,4,3,7,4,1,1,0,0,1,0,0,0,0,1
27,3.31,6,0,1,0,0,1,0,0,1,0,1,0,3,2,4,3,3,11,7,4,0,0,1,0,1,0,0,0,1,0
30,3.18,6,1,0,0,0,1,1,0,0,1,1,1,2,1,4,3,4,9,7,6,0,0,1,1,0,0,0,0,1,0
22,2.7,2,0,1,1,1,0,1,0,1,0,0,1,1,4,1,2,5,2,12,4,1,1,0,0,0,1,0,0,0,1
21,2.55,6,0,1,1,0,1,1,0,0,0,1,1,5,1,4,2,1,11,7,1,0,0,1,0,0,0,0,0,1,0
26,2.7,4,1,1,0,1,1,1,1,0,0,0,1,5,1,5,5,1,2,10,6,0,0,0,1,0,0,0,1,0,0
34,3.28,7,1,1,0,0,0,1,1,0,1,1,1,3,2,1,2,4,11,3,7,1,0,1,1,0,0,0,0,1,0
22,3.97,1,0,0,0,1,1,0,1,0,0,1,0,4,3,1,5,5,3,7,0,1,0,0,0,0,0,0,0,0,0
24,2.98,8,0,1,0,1,1,0,0,0,0,1,1,3,5,1,1,5,11,7,1,1,0,1,0,1,0,0,0,1,0
33,2.69,8,1,0,0,0,1,1,0,0,1,0,0,5,1,2,5,1,9,6,0,1,0,0,0,0,0,0,0,1,0
21,2.57,5,0,0,0,0,1,0,1,0,1,0,1,4,2,2,1,5,3,8,11,0,0,0,0,0,0,1,1,0,0
25,3.0,2,1,0,1,0,1,0,0,1,0,0,0,3,1,4,1,5,9,12,4,1,1,0,0,0,0,0,0,0,1
22,2.94,4,0,1,0,1,0,0,0,1,0,1,0,2,4,5,2,2,11,7,4,0,1,0,0,0,0,0,1,0,0
31,3.3,8,1,0,1,0,1,0,1,1,0,1,1,3,2,3,4,5,9,12,3,0,0,0,0,0,1,0,0,1,0
21,3.09,2,1,1,0,0,1,0,0,1,1,1,0,1,5,4,4,5,9,12,7,0,0,1,0,0,0,0,0,0,1
31,3.63,7,0,1,1,1,0,1,1,0,0,0,0,4,5,2,5,5,2,12,3,1,0,1,0,1,0,0,0,1,0
24,3.4,3,0,1,1,0,1,0,0,0,1,1,1,5,3,4,4,5,11,7,1,0,0,1,1,0,0,0,0,0,1
29,2.56,4,1,1,1,1,0,1,0,0,1,1,1,3,2,2,2,1,2,12,7,1,0,0,0,1,0,0,1,0,0
30,3.27,5,0,0,0,0,1,1,1,0,0,0,1,5,3,4,4,2,3,11,2,1,0,1,0,0,0,0,1,0,0
23,3.08,3,0,0,1,1,1,0,0,1,1,1,1,5,5,1,3,1,11,7,4,0,0,0,0,0,0,0,0,0,1
27,3.82,7,1,0,0,1,1,0,1,0,1,0,0,5,1,4,3,1,0,10,3,1,0,0,0,0,0,1,0,1,0
23,3.05,0,1,1,1,1,1,0,1,0,1,1,1,3,4,4,3,1,9,12,3,0,0,1,1,0,0,0,0,0,0
35,2.96,7,1,1,1,1,0,0,1,0,1,0,1,2,1,3,1,2,11,3,1,1,1,0,0,1,0,0,0,1,0
23,2.77,2,1,1,0,0,0,1,0,1,0,0,0,1,2,2,5,3,11,4,1,0,0,0,0,0,1,0,0,0,1
24,2.83,4,0,1,0,1,1,0,1,0,0,1,0,4,5,3,1,2,11,3,7,0,1,0,0,0,1,0,1,0,0
35,3.84,3,1,0,0,1,0,0,0,0,1,0,1,3,5,4,5,3,0,8,11,0,0,1,0,0,0,0,0,0,1
30,3.17,5,0,0,1,1,0,1,1,0,0,1,1,3,5,3,4,2,2,12,3,0,0,1,0,0,0,0,1,0,0
35,3.74,3,1,1,1,1,1,1,0,1,1,1,0,4,2,2,3,1,0,2,10,0,1,0,1,0,0,0,0,0,1
34,3.5,4,0,1,0,0,0,1,0,1,0,0,1,1,1,2,5,4,11,4,1,0,1,0,0,0,0,0,1,0,0
29,3.18,1,0,1,0,0,0,0,1,1,0,1,0,4,4,3,1,3,11,3,7,0,1,0,0,0,0,1,0,0,0
32,2.79,5,0,0,0,1,0,0,0,0,0,1,1,5,5,2,3,4,6,11,2,0,1,0,0,1,0,0,1,0,0
34,2.66,0,0,1,0,0,1,0,1,1,1,0,0,4,1,1,5,4,11,3,4,1,0,0,0,0,0,0,0,0,0
26,2.76,3,0,0,1,1,0,1,1,0,1,1,0,3,1,2,4,1,6,2,12,1,0,0,0,0,0,0,0,0,1
27,2.57,1,0,0,1,0,0,0,1,1,1,1,1,1,4,2,4,1,11,3,7,0,1,0,0,0,0,1,0,0,0
32,3.92,1,0,0,1,0,1,1,0,1,1,0,1,4,1,4,4,2,11,4,0,1,0,1,0,0,1,0,0,0,0
33,3.25,2,1,0,1,0,1,1,1,0,1,0,0,3,1,3,3,5,9,12,3,1,1,0,0,0,0,0,0,0,1
31,3.84,2,1,1,1,0,0,1,1,1,0,0,0,2,4,1,1,5,11,3,4,0,0,1,0,0,0,0,0,0,1
22,2.81,5,1,0,0,0,1,1,0,0,0,0,1,2,3,4,3,2,10,10,6,1,1,0,1,0,0,0,1,0,0
22,2.99,8,1,0,0,1,0,0,1,1,1,1,1,2,3,5,5,2,3,7,4,0,0,1,0,0,1,0,0,1,0
29,3.9,6,1,0,0,0,0,1,0,0,0,0,1,2,2,4,3,1,0,7,11,0,0,0,1,0,0,0,0,1,0
25,2.6,7,1,1,1,0,0,0,0,1,1,1,0,5,1,4,4,1,11,7,4,1,0,1,0,0,0,0,0,1,0
31,3.47,5,1,0,1,0,0,1,1,0,0,1,0,3,5,3,3,2,11,3,7,1,1,0,0,0,1,0,1,0,0
34,2.96,7,0,0,0,0,1,1,0,0,0,1,1,3,5,5,1,1,6,11,10,0,1,0,0,0,1,0,0,1,0
23,2.82,4,1,0,0,0,1,1,0,1,0,1,0,5,5,2,3,2,9,7,4,1,0,0,1,0,0,0,1,0,0
35,3.91,1,1,1,0,1,0,1,1,0,0,0,0,1,2,5,5,2,2,12,3,0,1,0,0,0,1,0,0,0,0
34,3.38,2,0,0,1,1,0,1,1,1,0,1,1,1,1,3,5,4,2,12,3,1,1,0,0,0,1,0,0,0,1
27,3.74,0,0,0,1,0,1,1,0,0,0,0,1,1,5,4,4,1,11,0,1,0,0,0,0,0,0,0,0,0,0
26,3.69,7,1,1,0,1,1,1,0,1,0,1,0,3,2,4,3,2,9,6,2,0,0,1,0,0,0,0,0,1,0
25,2.93,5,1,0,1,1,1,0,0,0,0,1,0,5,1,3,3,3,9,12,7,1,0,1,0,0,1,0,1,0,0
27,3.82,2,1,0,0,0,0,0,1,1,0,1,0,4,4,3,5,5,3,7,4,1,0,1,1,0,0,0,0,0,1
26,3.16,6,0,1,1,0,1,1,1,1,0,0,0,2,1,3,2,5,11,3,4,1,0,0,0,1,0,0,0,1,0
33,2.59,3,1,0,1,0,0,1,0,0,0,0,0,3,3,3,5,1,1,12,10,1,0,0,0,1,0,0,0,0,1
29,3.41,6,0,1,1,0,0,0,0,0,1,0,1,5,5,5,2,1,11,1,8,0,1,0,0,1,0,0,0,1,0
26,3.29,7,0,1,0,0,1,1,0,0,0,0,0,2,2,3,1,3,11,1,10,0,1,0,0,0,0,0,0,1,0
31,2.88,8,0,1,1,0,0,1,1,0,1,1,1,3,2,3,2,3,11,3,7,1,1,0,1,0,0,0,0,1,0
31,3.36,3,1,1,1,0,1,0,1,1,1,1,1,4,4,3,2,3,1,10,12,1,1,0,0,0,1,0,0,0,1
24,2.58,3,1,1,1,0,1,0,1,0,1,1,0,1,3,3,3,2,9,12,3,0,0,1,0,0,0,0,0,0,1
26,2.84,5,1,0,0,1,0,0,1,1,0,0,0,3,1,2,4,1,3,4,10,1,0,1,0,0,0,1,1,0,0
26,3.85,7,1,1,0,1,0,0,0,1,0,0,0,4,4,4,1,3,11,4,0,0,1,0,0,0,0,0,0,1,0
22,3.18,8,1,1,0,1,1,0,0,0,0,0,1,2,5,5,3,2,9,12,6,1,0,1,0,1,0,0,0,1,0
22,3.79,4,0,1,1,1,0,1,0,0,1,1,0,2,5,2,1,3,2,12,7,0,0,1,0,1,0,0,1,0,0
23,2.68,5,1,0,1,1,0,1,1,0,0,1,1,2,1,3,4,5,2,12,3,1,1,0,1,0,0,0,1,0,0
28,3.77,6,0,0,1,1,0,1,0,1,0,0,1,1,5,2,1,1,2,12,4,1,1,0,1,0,0,0,0,1,0
34,3.19,1,0,1,1,1,0,0,1,0,0,1,1,1,4,1,1,4,11,3,7,0,0,1,0,0,1,0,0,0,0
21,3.47,1,0,0,0,1,0,0,1,0,0,1,0,1,5,3,4,5,3,7,10,1,0,1,0,0,0,1,0,0,0
22,2.69,6,1,1,1,0,0,0,1,0,0,1,1,4,3,2,2,4,11,3,7,1,1,0,0,1,0,0,0,1,0
21,2.81,6,0,1,0,1,1,1,1,0,1,0,0,1,2,1,5,2,2,12,3,0,0,1,0,0,1,0,0,1,0
22,3.85,3,0,1,1,0,0,1,1,0,0,0,1,1,1,2,5,3,11,3,0,0,0,0,1,0,0,0,0,0,1
34,3.33,0,1,0,1,1,0,0,0,1,0,1,0,5,5,2,4,3,11,7,4,1,1,0,1,0,0,0,0,0,0
30,3.34,5,1,0,1,0,1,0,0,1,0,0,1,5,5,5,1,3,9,12,4,0,1,0,0,0,0,1,1,0,0
34,3.1,4,0,1,1,0,0,1,1,0,1,1,1,4,1,2,2,4,11,3,7,1,0,1,0,1,0,0,1,0,0
33,3.33,6,0,0,0,1,0,1,1,1,0,0,0,1,1,5,5,5,2,3,4,0,0,0,0,0,0,1,0,1,0
22,3.78,4,0,0,0,1,1,1,1,0,0,1,0,5,1,5,3,1,2,3,7,0,0,1,1,0,0,0,1,0,0
33,3.5,5,1,0,0,0,0,1,1,1,1,0,0,4,1,3,1,5,3,4,8,0,0,1,0,0,1,0,1,0,0
28,3.23,2,1,1,0,0,0,0,0,0,0,1,1,4,4,2,4,5,11,7,1,1,0,0,0,1,0,0,0,0,1
31,2.65,0,1,1,1,1,1,0,1,0,0,0,1,1,4,1,5,1,9,12,3,1,0,1,1,0,0,0,0,0,0
29,2.75,0,1,1,1,0,1,0,1,0,0,1,1,2,3,4,3,4,9,12,3,1,1,0,1,0,0,0,0,0,0
28,3.1,4,0,0,1,1,1,1,1,0,1,0,1,2,3,3,4,4,2,12,3,1,1,0,0,0,0,1,1,0,0
35,2.82,3,0,1,0,0,0,0,1,0,0,1,0,3,1,5,3,5,11,3,7,0,0,1,0,0,0,0,0,0,1
21,2.6,2,0,1,0,1,1,1,1,1,0,0,0,1,2,1,3,4,2,12,3,0,1,0,0,0,0,0,0,0,1
35,2.79,3,1,0,0,1,1,0,1,0,1,1,1,2,5,1,4,4,9,3,7,1,1,0,0,0,0,1,0,0,1
30,2.99,5,1,0,0,1,0,1,0,0,1,0,1,4,1,4,1,2,2,5,8,0,0,0,0,0,0,0,1,0,0
33,3.25,2,1,1,1,0,1,1,0,0,0,1,1,2,3,2,4,3,9,12,7,0,0,0,0,1,0,0,0,0,1
27,2.53,0,1,0,0,0,0,0,1,1,1,1,0,1,2,5,4,3,3,7,4,0,0,1,1,0,0,0,0,0,0
28,3.16,6,0,1,1,0,0,0,1,1,0,0,1,4,2,2,2,2,2,12,3,1,1,0,0,0,0,1,0,1,0
22,2.74,7,1,0,1,0,1,1,0,0,1,1,0,3,4,4,2,3,9,12,7,0,0,0,0,1,0,0,0,1,0
24,3.56,5,1,0,1,0,1,1,1,0,0,0,1,1,3,1,5,3,9,12,3,1,0,1,0,0,0,1,1,0,0
21,2.89,7,0,0,1,1,1,1,0,1,1,1,0,3,5,2,2,3,2,12,7,0,1,0,0,0,0,0,0,1,0
27,3.33,3,0,1,0,0,0,1,0,1,0,1,1,1,1,4,2,5,11,7,4,0,0,1,0,0,1,0,0,0,1
33,3.32,5,1,1,1,1,0,0,0,0,1,0,1,2,2,4,1,3,11,1,8,0,1,0,0,1,0,0,1,0,0
31,3.84,0,0,0,0,1,1,1,0,0,1,0,1,5,4,2,4,5,2,0,5,1,0,1,1,0,0,0,0,0,0
27,3.72,2,1,1,1,0,0,0,0,0,0,0,0,3,2,1,1,2,11,0,1,1,1,0,0,0,0,0,0,0,1
22,2.74,6,0,1,0,1,1,1,0,1,1,1,0,5,4,5,3,3,2,12,7,1,1,0,0,0,0,0,0,1,0
32,2.79,3,0,0,0,1,1,0,0,0,0,1,1,5,5,3,4,5,6,11,2,1,1,0,0,0,0,1,0,0,1
33,3.93,3,0,1,0,1,1,1,0,0,0,1,0,1,1,2,4,1,2,12,7,1,1,0,0,0,1,0,0,0,1
33,2.97,5,0,0,1,0,1,0,1,1,0,1,0,3,3,5,1,2,11,3,7,1,0,1,1,0,0,0,1,0,0
28,3.48,0,1,1,1,0,1,1,1,0,1,0,1,3,5,5,5,2,5,10,12,0,0,1,0,0,0,1,0,0,0
29,2.87,3,0,0,1,0,1,1,1,1,0,0,0,3,2,2,3,2,11,3,4,1,1,0,1,0,0,0,0,0,1
30,3.25,5,0,1,1,1,1,1,0,1,0,1,1,1,3,4,4,2,2,12,7,0,1,0,0,0,0,0,1,0,0
28,2.5,0,0,1,0,0,0,1,0,1,0,1,0,2,3,3,4,4,11,7,4,1,0,0,0,0,1,0,0,0,0
32,3.2,0,1,1,1,0,0,0,0,1,1,1,0,2,3,2,2,3,11,7,4,1,1,0,0,0,1,0,0,0,0
33,3.53,2,1,1,1,0,0,0,1,1,0,0,1,2,2,4,2,1,11,3,4,0,0,1,0,1,0,0,0,0,1
28,3.67,6,0,1,0,0,1,0,0,0,0,0,1,4,2,5,5,5,11,1,11,0,1,0,0,0,0,1,0,1,0
26,3.53,1,0,0,1,1,1,1,0,1,0,0,0,5,2,4,4,3,2,12,4,1,0,0,0,0,0,0,0,0,0
34,3.96,4,0,1,1,1,1,1,0,1,1,0,1,4,4,3,2,5,2,12,4,0,0,1,1,0,0,0,1,0,0
22,3.13,4,0,1,1,1,0,0,0,0,0,0,0,1,5,4,1,1,11,1,10,1,0,0,0,1,0,0,1,0,0
34,3.51,4,0,0,1,1,1,1,1,0,1,0,1,1,5,5,3,4,2,12,3,1,0,0,0,0,0,1,1,0,0
29,3.11,3,0,0,1,0,0,0,0,1,0,0,1,1,5,3,2,1,11,4,1,0,0,1,1,0,0,0,0,0,1
22,3.4,2,0,1,0,0,0,0,1,1,1,1,1,1,5,4,3,4,11,3,7,0,0,0,1,0,0,0,0,0,1
35,3.13,6,1,1,1,0,1,0,1,0,1,0,0,3,3,1,3,4,9,12,3,1,0,0,0,1,0,0,0,1,0
31,3.73,6,1,1,1,0,0,0,0,0,1,0,0,4,5,4,3,3,11,0,1,1,0,1,0,1,0,0,0,1,0
24,3.72,0,0,0,0,1,0,1,0,0,0,0,1,3,1,3,4,4,2,0,5,0,1,0,0,0,0,1,0,0,0
33,2.79,4,0,0,0,0,0,1,0,0,0,1,1,3,1,4,4,1,6,11,10,1,0,1,0,0,0,0,1,0,0
33,3.05,2,1,0,1,1,1,0,0,0,1,1,0,5,2,2,4,4,9,12,7,0,0,0,0,1,0,0,0,0,1
23,3.31,0,0,1,1,1,1,0,0,1,0,1,0,5,4,4,2,2,11,7,4,1,0,1,0,0,0,1,0,0,0
30,3.22,2,0,0,0,0,0,1,1,1,1,0,1,2,5,2,3,1,3,4,8,0,0,1,0,0,0,1,0,0,1
33,3.24,2,0,0,1,0,1,1,1,1,0,1,0,2,4,4,5,2,11,3,7,1,0,0,0,0,1,0,0,0,1
30,3.06,4,1,1,0,1,0,1,0,0,0,1,0,5,1,4,4,2,2,12,7,1,0,0,0,0,0,1,1,0,0
24,3.02,4,1,0,0,0,0,1,0,0,0,0,1,5,2,5,4,2,10,2,10,1,0,0,1,0,0,0,1,0,0
34,2.71,5,1,0,0,0,0,1,0,0,0,0,1,2,3,3,1,1,10,10,6,1,0,1,1,0,0,0,1,0,0
30,3.64,7,0,1,0,1,1,1,1,1,1,0,0,2,3,1,2,4,2,12,3,0,0,1,0,0,0,0,0,1,0
30,2.56,6,1,1,0,1,1,0,0,1,0,0,1,1,5,1,3,5,9,12,4,1,1,0,1,0,0,0,0,1,0
26,2.67,6,1,0,0,0,0,1,0,0,1,0,1,2,1,3,3,5,5,8,11,1,0,1,0,1,0,0,0,1,0
24,3.28,1,0,0,1,0,1,1,0,0,0,0,0,1,2,3,5,4,11,1,10,0,0,0,0,0,0,0,0,0,0
34,3.77,7,1,1,1,0,1,1,0,1,0,0,0,4,5,4,4,2,0,10,12,1,0,0,0,0,0,0,0,1,0
27,3.26,5,1,0,1,0,1,0,0,0,1,0,1,4,5,5,1,4,9,12,6,0,0,1,0,0,1,0,1,0,0
24,3.86,4,1,0,0,1,0,1,1,0,0,1,1,5,1,3,3,4,2,3,7,1,0,0,1,0,0,0,1,0,0
24,3.0,3,0,1,0,1,1,0,1,0,0,1,1,5,1,1,3,4,11,3,7,0,0,1,0,0,0,0,0,0,1
26,3.0,6,0,1,1,0,1,0,0,1,0,1,0,2,3,5,5,3,11,7,4,1,0,1,0,1,0,0,0,1,0
21,2.71,0,0,0,1,0,1,1,0,1,1,0,1,5,1,4,1,5,11,4,1,1,1,0,0,0,0,1,0,0,0
30,3.0,7,1,0,1,0,0,1,0,0,1,1,1,4,4,5,5,2,11,7,1,0,1,0,0,0,0,0,0,1,0
33,2.59,4,0,0,1,0,0,1,0,0,0,1,1,2,3,3,2,1,11,7,1,0,0,0,0,0,0,1,1,0,0
22,2.72,5,1,1,1,1,1,0,1,0,1,1,1,2,4,2,2,3,9,12,3,0,0,0,1,0,0,0,1,0,0
33,2.99,3,1,0,1,0,1,0,0,1,0,0,0,3,1,5,2,2,9,12,4,1,0,1,0,0,1,0,0,0,1
35,3.43,3,1,0,1,1,0,1,0,1,1,1,0,2,4,3,2,1,2,12,7,0,1,0,0,1,0,0,0,0,1
22,3.46,0,1,1,1,1,1,0,0,0,1,1,1,3,4,1,1,4,0,10,12,0,0,1,1,0,0,0,0,0,0
27,2.9,3,1,0,1,1,1,1,0,0,1,1,1,1,5,5,5,3,9,6,2,1,0,1,1,0,0,0,0,0,1
27,3.8,6,0,0,1,0,0,1,1,1,0,1,1,2,4,1,4,2,11,3,7,0,0,1,0,0,1,0,0,1,0
23,3.38,2,0,1,1,1,0,0,0,1,0,1,0,2,3,3,5,2,11,7,4,1,0,1,0,0,1,0,0,0,1
27,3.62,8,0,0,0,1,1,1,0,0,1,0,0,5,3,4,2,4,2,5,8,0,0,1,0,0,0,1,0,1,0
23,2.86,7,1,0,1,0,0,0,1,1,0,0,1,4,3,3,3,5,11,3,4,0,1,0,0,0,0,0,0,1,0
26,3.82,1,0,1,0,1,1,1,1,0,0,0,1,4,3,2,3,2,2,12,3,1,1,0,0,1,0,0,0,0,0
28,2.54,2,1,1,0,1,0,1,0,1,0,1,0,3,4,2,4,3,2,12,7,1,0,1,0,0,0,0,0,0,1
32,2.86,8,1,1,0,0,1,0,1,0,0,0,0,5,4,4,2,2,9,12,3,1,1,0,1,0,0,0,0,1,0
23,2.55,8,0,1,0,0,1,1,1,0,0,0,1,1,1,3,5,1,11,3,1,1,0,1,1,0,0,0,0,1,0
24,3.66,7,0,1,1,1,0,0,0,0,0,0,0,4,3,5,3,4,11,1,2,1,0,1,0,0,1,0,0,1,0
32,2.81,3,0,0,0,1,0,0,1,0,1,1,0,2,2,5,1,1,3,7,8,0,0,1,0,0,0,1,0,0,1
26,3.27,6,0,1,1,0,1,0,1,0,1,1,1,1,1,1,1,2,11,3,7,0,1,0,0,0,1,0,0,1,0
30,2.52,1,0,0,0,1,1,0,1,1,0,1,0,2,2,5,5,5,3,7,4,0,0,0,0,0,0,0,0,0,0
23,3.64,3,0,0,0,0,0,1,1,1,0,0,1,1,2,5,5,3,3,4,11,0,0,1,0,0,1,0,0,0,1
35,3.82,4,0,0,1,1,0,1,0,1,0,1,1,3,1,1,1,4,2,12,7,0,0,1,1,0,0,0,1,0,0
23,2.63,4,1,0,1,0,1,1,1,1,0,1,1,1,1,5,4,4,9,12,3,0,1,0,0,0,0,1,1,0,0
21,2.78,4,0,0,0,1,1,0,1,1,0,0,0,1,3,5,2,2,3,4,10,1,1,0,0,0,0,0,1,0,0
32,2.85,4,0,0,0,1,1,1,1,1,1,1,1,5,4,4,2,2,2,9,3,1,0,1,0,0,1,0,1,0,0
24,2.58,1,0,1,1,1,1,0,0,1,1,1,1,1,1,4,3,1,11,7,4,1,1,0,0,0,1,0,0,0,0
32,2.53,0,1,0,0,1,1,0,0,0,1,0,0,4,4,1,5,4,9,6,0,1,1,0,0,0,0,1,0,0,0
34,2.7,6,1,1,1,1,1,1,0,1,0,0,1,1,1,4,5,3,9,6,2,1,1,0,0,0,0,0,0,1,0
31,2.81,2,0,0,0,1,1,1,1,1,0,0,1,4,5,1,1,3,2,3,4,0,1,0,0,0,0,0,0,0,1
34,3.62,3,1,0,0,0,0,0,1,1,1,1,0,4,3,1,5,5,3,7,4,1,1,0,1,0,0,0,0,0,1
25,3.72,4,1,1,1,0,1,0,1,1,0,0,1,4,4,4,2,3,0,10,12,0,0,0,0,0,0,0,1,0,0
32,3.28,7,0,1,1,0,0,0,1,0,0,1,0,4,1,5,3,5,11,3,7,0,1,0,0,0,0,0,0,1,0
23,3.82,5,1,1,0,0,1,1,1,1,0,0,0,4,5,1,3,3,0,10,12,0,0,1,1,0,0,0,1,0,0
33,2.75,7,1,0,1,1,0,1,0,0,0,0,0,2,5,3,5,3,2,12,5,1,1,0,0,1,0,0,0,1,0
34,3.1,2,1,0,0,1,1,0,0,0,0,0,0,2,1,1,3,4,9,6,0,1,0,1,0,0,0,1,0,0,1
23,4.0,6,0,0,0,1,1,0,1,1,0,0,1,5,4,4,3,4,3,4,0,0,0,0,0,0,0,1,0,1,0
35,2.67,7,1,1,1,0,0,0,1,1,1,1,0,3,5,2,4,2,11,3,7,1,0,0,1,0,0,0,0,1,0
35,3.24,0,1,1,1,0,0,0,1,0,0,1,1,4,3,5,3,5,11,3,7,0,0,0,0,0,1,0,0,0,0
27,3.97,0,1,0,1,1,1,0,1,0,1,1,1,2,5,2,1,2,0,10,12,0,0,1,0,0,0,1,0,0,0
30,3.02,4,0,0,0,0,0,1,1,1,0,0,0,2,1,5,5,4,3,4,7,0,1,0,0,0,1,0,1,0,0
33,2.91,5,0,1,1,0,1,0,0,0,1,0,0,2,5,5,2,2,11,1,8,1,0,1,0,0,0,1,1,0,0
27,3.37,0,1,1,0,1,1,0,0,0,1,0,0,4,2,5,3,1,9,12,6,1,0,0,0,0,0,0,0,0,0
32,3.5,3,0,0,0,1,1,0,1,1,0,0,1,1,5,2,5,1,4,3,11,1,0,1,1,0,0,0,0,0,1
28,2.91,0,0,0,1,1,1,0,1,1,0,0,1,4,4,3,1,4,11,3,4,1,0,0,1,0,0,0,0,0,0
25,2.65,4,1,0,0,1,1,1,0,1,1,0,1,1,1,3,1,4,9,6,2,1,0,0,1,0,0,0,1,0,0
32,3.84,5,0,1,1,0,0,0,1,1,0,1,0,4,1,4,3,2,11,3,7,1,1,0,1,0,0,0,1,0,0
22,3.23,6,0,1,1,1,1,1,1,1,1,1,1,5,3,1,4,4,2,12,3,0,0,0,0,1,0,0,0,1,0
23,2.85,6,0,0,0,0,0,0,0,0,1,1,1,1,5,5,3,1,6,8,11,0,0,1,0,0,1,0,0,1,0
24,2.97,0,0,0,0,1,1,0,1,1,0,1,1,3,5,1,4,3,3,7,4,0,0,1,1,0,0,0,0,0,0
31,3.92,5,1,1,0,1,1,0,1,0,0,1,1,5,5,3,4,3,0,10,12,1,1,0,0,0,1,0,1,0,0
31,3.95,5,0,0,0,0,0,0,1,0,0,1,1,1,1,2,3,1,3,7,0,1,1,0,1,0,0,0,1,0,0
29,3.82,8,0,0,0,0,0,1,1,1,1,1,0,3,5,5,1,3,3,7,4,0,0,0,0,0,1,0,0,1,0
21,3.23,3,1,1,0,1,0,1,0,0,0,0,0,2,2,1,4,1,2,12,5,1,0,1,1,0,0,0,0,0,1
35,3.21,1,0,1,0,1,1,0,1,0,0,1,1,5,2,1,1,5,11,3,7,0,0,0,0,0,0,0,0,0,0
30,3.21,6,0,0,0,1,1,0,0,1,0,0,1,5,5,2,4,2,4,11,2,1,1,0,1,0,0,0,0,1,0
35,2.81,7,1,1,0,0,0,1,0,1,1,0,0,2,1,2,3,2,11,4,1,0,0,0,0,1,0,0,0,1,0
21,4.0,2,1,0,1,1,1,1,0,0,0,0,0,2,5,5,4,2,0,10,6,0,0,0,0,0,1,0,0,0,1
26,3.96,7,0,0,0,0,0,0,1,0,1,1,0,3,5,5,4,1,3,7,0,1,1,0,0,0,0,1,0,1,0
26,3.52,7,0,1,1,0,0,0,1,0,1,1,0,2,5,4,5,4,11,3,7,0,0,1,0,0,0,1,0,1,0
23,2.57,7,1,0,1,0,0,1,1,0,1,0,1,2,5,5,3,4,11,3,1,0,0,1,0,0,0,1,0,1,0
23,3.22,8,1,0,0,1,1,1,1,0,0,1,1,1,3,5,3,5,9,6,2,1,1,0,1,0,0,0,0,1,0
23,2.97,5,0,0,0,0,1,0,1,1,0,1,1,4,3,3,5,5,3,7,4,1,1,0,0,0,0,1,1,0,0
24,3.32,0,1,1,1,0,1,0,0,0,1,0,0,4,3,3,4,1,9,12,6,0,0,1,0,0,1,0,0,0,0
23,3.65,7,0,1,0,0,1,0,1,1,1,0,1,1,4,4,5,3,11,3,4,1,1,0,0,0,0,1,0,1,0
30,3.42,0,0,1,0,0,1,1,1,0,1,0,1,3,4,3,2,3,11,3,1,1,1,0,0,0,0,1,0,0,0
24,3.36,3,1,1,1,1,0,0,1,0,1,1,1,3,4,3,5,3,11,3,7,1,0,0,0,0,1,0,0,0,1
35,3.47,1,1,0,0,1,0,1,1,1,1,1,0,4,1,4,5,3,2,3,7,0,0,1,0,0,1,0,0,0,0
22,3.39,1,1,1,1,1,1,0,1,0,1,0,0,2,1,1,1,5,9,12,3,0,0,0,1,0,0,0,0,0,0
22,2.69,0,1,1,0,0,0,1,0,1,1,0,1,2,5,5,2,3,11,4,1,1,0,0,1,0,0,0,0,0,0
34,3.98,4,1,1,0,0,1,0,0,1,0,1,0,4,4,1,1,2,0,10,12,1,1,0,1,0,0,0,1,0,0
21,3.74,2,0,0,0,1,1,1,1,1,0,1,1,4,3,4,2,5,2,3,7,1,0,0,0,0,0,1,0,0,1
29,2.71,2,0,0,1,0,0,1,0,1,0,0,0,1,1,2,2,2,11,4,1,1,0,1,0,1,0,0,0,0,1
22,3.06,3,0,1,1,0,1,1,1,1,0,0,1,5,2,2,1,5,11,3,4,1,1,0,1,0,0,0,0,0,1
31,3.14,5,1,1,0,0,1,0,1,0,1,0,0,2,3,4,3,5,9,12,3,0,0,0,0,1,0,0,1,0,0
35,3.29,1,0,0,0,0,0,1,0,1,0,0,1,2,4,3,3,4,4,11,10,1,0,0,0,0,0,1,0,0,0
30,3.16,0,1,1,0,0,0,0,1,1,0,1,1,1,2,4,4,1,11,3,7,0,0,1,0,0,1,0,0,0,0
29,3.28,6,1,0,1,0,1,1,0,0,0,1,0,2,1,3,5,2,9,12,7,1,1,0,0,0,1,0,0,1,0
21,3.98,0,1,1,1,0,0,1,1,0,1,0,1,1,5,5,5,1,11,3,0,1,0,0,0,0,1,0,0,0,0
24,2.74,0,0,0,1,0,1,1,0,0,0,0,1,2,2,3,4,3,11,1,11,1,1,0,1,0,0,0,0,0,0
33,3.14,2,1,1,0,0,0,0,1,1,0,0,0,5,1,1,2,5,11,3,4,1,1,0,0,0,1,0,0,0,1
34,2.79,8,1,1,0,1,1,1,1,1,0,1,1,4,2,4,2,5,2,10,6,1,0,0,0,0,0,1,0,1,0
30,2.76,3,1,0,1,1,1,0,1,0,1,1,0,5,4,3,5,1,9,12,3,0,1,0,0,1,0,0,0,0,1
34,2.71,4,1,1,1,1,1,1,1,0,0,1,0,5,3,1,4,5,2,10,6,0,0,0,0,1,0,0,1,0,0
25,3.26,0,0,0,1,1,1,0,1,1,1,0,0,4,2,5,2,1,11,3,4,0,0,1,0,0,1,0,0,0,0
21,3.29,7,1,0,1,1,0,0,0,1,0,0,0,5,4,2,4,3,11,4,1,1,1,0,0,1,0,0,0,1,0
30,3.08,1,0,0,0,0,0,1,0,0,1,1,0,5,2,4,5,1,6,8,9,1,0,0,0,0,0,1,0,0,0
28,3.55,0,0,1,1,1,0,1,0,0,0,1,0,5,5,5,3,5,2,12,7,0,1,0,1,0,0,0,0,0,0
31,3.37,6,0,0,1,0,1,1,0,1,1,0,0,3,2,4,3,5,11,4,1,0,0,0,0,0,0,0,0,1,0
31,2.89,8,0,0,0,1,1,0,1,1,0,1,1,2,4,2,4,4,3,7,4,1,0,1,0,0,1,0,0,1,0
32,3.82,0,0,0,1,1,1,1,1,0,1,1,0,5,5,1,1,1,2,12,3,0,1,0,0,0,1,0,0,0,0
27,3.98,6,0,0,0,0,1,1,1,0,1,1,0,2,1,2,1,3,3,7,0,1,0,1,0,0,0,0,0,1,0
21,2.99,3,1,0,1,1,1,1,0,1,0,1,1,1,4,2,1,2,9,6,2,1,1,0,1,0,0,0,0,0,1
27,3.29,2,0,0,0,1,0,0,0,1,1,1,0,1,5,1,1,4,6,4,8,0,1,0,1,0,0,0,0,0,1
31,3.89,1,1,1,0,1,1,0,0,1,1,0,1,1,1,2,3,5,0,10,12,0,0,1,0,0,0,1,0,0,0
35,2.79,5,0,1,1,0,1,0,0,0,0,1,1,2,4,5,3,1,11,7,1,1,0,1,1,0,0,0,1,0,0
25,2.83,7,1,0,1,0,1,0,0,0,1,0,0,4,1,1,2,2,9,12,6,0,0,0,0,1,0,0,0,1,0
25,3.43,2,1,1,0,0,0,0,0,1,0,0,0,4,5,1,2,3,11,4,1,0,0,1,0,0,0,0,0,0,1
24,2.59,5,0,1,0,0,0,1,1,1,1,0,0,5,4,3,5,1,11,3,4,1,0,1,0,1,0,0,1,0,0
24,3.99,3,1,0,0,1,0,0,0,1,1,0,0,5,4,3,3,5,4,0,8,0,0,1,0,0,0,1,0,0,1
25,2.57,8,1,1,0,1,0,0,0,1,0,1,0,2,4,4,4,1,11,7,4,1,1,0,1,0,0,0,0,1,0
24,3.33,3,1,1,1,1,1,0,1,1,0,1,1,1,1,1,2,1,9,12,3,0,0,0,0,1,0,0,0,0,1
22,3.74,8,0,1,1,0,0,1,1,0,0,1,0,4,5,4,2,1,11,3,7,1,0,1,0,0,1,0,0,1,0
32,3.49,7,1,0,0,1,0,0,1,0,1,1,0,4,5,5,3,1,3,7,8,0,1,0,0,0,0,0,0,1,0
29,3.12,7,1,0,1,1,0,0,0,1,0,1,0,3,4,2,2,1,11,7,4,0,0,0,0,1,0,0,0,1,0
34,3.79,5,1,0,1,0,1,1,1,0,1,1,1,3,4,3,1,5,0,10,12,1,1,0,0,0,0,1,1,0,0
32,3.18,0,0,1,1,0,1,0,0,0,0,1,0,2,4,2,2,1,11,7,1,1,0,0,0,0,1,0,0,0,0
30,3.56,8,0,0,0,0,1,1,1,0,1,0,1,2,1,1,2,3,3,8,11,1,0,0,0,0,0,0,0,1,0
26,3.98,3,1,0,0,1,0,1,0,1,0,0,1,2,5,3,4,5,2,4,0,1,1,0,0,1,0,0,0,0,1
21,2.83,7,0,0,0,1,1,0,0,0,0,0,0,4,4,4,2,4,2,10,6,1,1,0,0,0,0,1,0,1,0
33,3.91,4,0,0,1,1,0,0,1,1,1,1,0,2,2,4,1,5,11,3,7,0,0,1,0,0,1,0,1,0,0
21,3.64,1,0,1,0,0,0,0,1,1,0,1,0,2,5,5,1,5,11,3,7,1,0,1,0,0,0,1,0,0,0
30,3.68,7,0,0,1,0,0,1,1,1,0,1,1,2,4,3,2,1,11,3,7,1,0,1,0,0,0,1,0,1,0
27,3.99,5,1,1,0,0,1,1,0,0,1,0,0,4,5,5,4,4,0,10,12,1,1,0,1,0,0,0,1,0,0
30,2.82,3,1,0,0,0,1,0,1,0,1,0,0,2,3,1,4,2,9,3,6,1,0,0,1,0,0,0,0,0,1
32,3.46,2,1,0,0,0,1,1,0,0,0,0,1,3,3,1,5,4,9,6,0,0,0,1,0,0,0,1,0,0,1
29,3.84,7,1,1,1,0,0,0,1,0,1,0,1,2,3,5,4,2,11,3,0,1,0,1,0,1,0,0,0,1,0
33,2.72,0,0,0,1,1,0,0,1,1,0,1,1,3,3,4,1,2,11,3,7,1,1,0,1,0,0,0,0,0,0
25,3.42,8,1,1,0,1,1,1,0,0,0,0,0,4,5,4,5,3,2,10,6,0,0,1,0,0,1,0,0,1,0
26,2.51,6,1,1,1,0,0,0,1,1,0,1,1,1,5,4,2,1,11,3,7,1,0,1,1,0,0,0,0,1,0
35,2.97,6,0,1,0,1,1,0,0,1,0,0,1,3,3,5,1,5,11,4,1,1,0,1,1,0,0,0,0,1,0
21,2.81,8,1,1,0,0,1,1,1,1,0,0,0,3,4,1,2,3,9,12,3,1,0,1,0,0,0,1,0,1,0
28,3.53,1,0,1,1,0,0,1,1,1,0,1,1,5,5,4,4,4,11,3,7,1,0,0,0,1,0,0,0,0,0
34,2.97,1,0,1,0,0,1,1,0,0,0,1,1,2,2,5,5,2,11,7,1,0,0,1,0,0,0,0,0,0,0
31,3.08,8,1,1,1,1,0,1,1,0,0,1,1,5,2,5,3,4,2,12,3,0,1,0,0,1,0,0,0,1,0
28,3.04,2,1,1,1,0,1,1,1,0,1,1,0,2,4,2,5,3,9,12,3,0,1,0,1,0,0,0,0,0,1
33,3.3,2,0,1,0,1,1,0,1,1,0,1,0,3,4,5,1,3,11,3,7,1,0,1,1,0,0,0,0,0,1
23,3.61,0,0,1,1,1,0,1,1,1,1,0,0,3,3,1,2,3,2,12,3,1,0,0,0,0,1,0,0,0,0
21,3.93,4,1,1,1,1,0,0,1,1,0,1,1,2,3,4,5,4,11,3,7,0,0,0,0,0,1,0,1,0,0
34,3.17,4,0,1,0,1,1,0,1,0,0,1,1,5,3,1,4,4,11,3,7,1,1,0,0,0,0,0,1,0,0
35,2.77,1,0,1,0,1,1,0,1,0,1,1,1,1,5,5,2,3,11,3,7,1,0,0,1,0,0,0,0,0,0
30,2.74,7,1,0,0,1,0,0,1,0,1,0,0,3,3,5,4,2,3,8,9,1,1,0,0,0,0,1,0,1,0
35,3.44,3,1,1,1,1,1,1,1,0,0,1,0,1,2,3,1,4,9,6,2,0,1,0,0,0,1,0,0,0,1
32,2.83,2,1,0,1,1,0,1,0,0,0,1,0,5,3,1,3,1,2,12,7,0,1,0,1,0,0,0,0,0,1
30,3.92,6,0,0,1,1,1,1,0,0,1,0,0,3,1,5,4,2,2,12,0,0,0,0,0,1,0,0,0,1,0
27,2.94,6,1,0,0,0,0,1,0,0,0,1,0,5,1,4,4,1,6,2,10,0,0,0,0,1,0,0,0,1,0
25,2.94,7,0,0,0,1,1,0,0,0,0,1,0,3,2,2,3,1,6,10,6,0,1,0,0,0,0,1,0,1,0
30,3.57,0,1,1,0,1,1,0,1,1,1,1,1,5,1,2,4,1,9,12,3,0,0,0,0,0,0,0,0,0,0
24,3.12,5,1,1,1,0,0,0,1,0,1,1,1,2,2,2,5,2,11,3,7,1,0,0,0,0,0,1,1,0,0
25,2.86,6,0,1,0,1,1,0,1,1,0,1,0,4,2,2,3,5,11,3,7,1,0,0,0,0,0,1,0,1,0
21,3.61,6,0,0,1,0,0,1,1,1,0,0,0,3,1,4,3,1,11,3,4,0,1,0,0,1,0,0,0,1,0
35,3.96,0,1,0,1,1,0,1,0,0,0,1,1,4,1,4,1,4,2,12,7,1,0,1,1,0,0,0,0,0,0
34,2.83,4,1,0,1,0,0,0,0,0,0,1,0,2,2,4,3,1,11,7,1,1,0,0,1,0,0,0,1,0,0
22,3.49,0,1,0,0,0,0,1,0,0,0,1,0,2,5,1,3,5,6,10,6,0,0,0,0,0,0,1,0,0,0
27,3.35,0,0,0,0,0,0,1,1,0,0,0,0,4,2,2,4,4,3,2,10,0,0,0,0,0,0,0,0,0,0
29,3.96,3,0,1,0,0,0,0,0,1,0,0,0,2,1,2,1,5,11,4,0,0,0,1,0,0,0,1,0,0,1
24,2.58,4,1,1,0,0,1,0,1,1,0,0,0,4,2,2,4,2,9,12,3,0,0,0,0,1,0,0,1,0,0
30,3.33,2,1,1,0,1,1,0,1,1,0,1,1,5,1,1,1,2,9,12,3,1,0,1,0,0,0,0,0,0,1
24,3.66,2,0,1,0,0,0,0,0,1,0,0,1,1,3,5,1,1,11,4,1,0,1,0,0,1,0,0,0,0,1
28,2.53,1,0,1,0,1,1,0,0,1,0,0,0,2,1,1,1,3,11,4,1,1,1,0,0,0,0,1,0,0,0
34,3.68,6,0,0,1,0,0,1,1,1,1,0,1,4,5,5,2,3,11,3,4,0,0,0,1,0,0,0,0,1,0
31,3.12,6,0,0,1,0,0,1,0,0,1,1,1,3,2,1,1,3,11,7,1,1,0,1,1,0,0,0,0,1,0
33,3.16,5,1,0,1,1,0,0,0,0,0,1,1,2,3,4,5,1,11,7,1,0,0,0,0,0,0,1,1,0,0
30,3.52,0,1,1,1,0,1,1,0,1,0,0,1,2,3,1,3,1,9,12,4,1,0,1,1,0,0,0,0,0,0
24,2.78,0,1,1,0,0,1,1,0,0,1,0,0,5,3,5,4,5,9,12,6,1,0,1,0,0,0,0,0,0,0
22,3.0,4,0,0,1,1,1,0,0,0,0,1,1,1,3,3,3,2,11,7,1,0,0,0,0,0,0,0,1,0,0
33,3.23,1,0,1,0,0,1,1,1,1,1,1,0,1,1,4,5,2,11,3,7,1,1,0,0,0,0,1,0,0,0
27,3.48,6,0,0,1,0,1,0,1,1,0,1,1,2,4,1,5,1,11,3,7,1,0,0,0,1,0,0,0,1,0
29,3.39,3,1,0,0,0,1,1,1,1,0,0,1,5,1,1,3,4,9,3,4,0,1,0,0,1,0,0,0,0,1
28,3.5,4,1,1,1,1,0,0,1,1,1,1,1,1,1,1,5,4,11,3,7,0,0,0,1,0,0,0,1,0,0
23,3.71,3,0,0,1,1,0,0,1,1,1,1,1,2,3,3,2,3,11,3,7,0,0,1,1,0,0,0,0,0,1
26,3.95,4,1,1,1,1,1,0,0,0,0,0,1,4,1,5,1,4,0,10,12,1,0,1,1,0,0,0,1,0,0
24,3.68,3,1,0,0,0,1,0,1,1,1,0,0,4,5,2,5,4,9,3,4,1,0,1,0,0,0,0,0,0,1
23,3.44,3,1,0,1,1,1,0,0,1,0,0,0,2,5,1,1,1,1,10,12,0,0,0,0,1,0,0,0,0,1
24,2.83,2,0,1,0,1,1,1,0,1,0,0,0,4,1,2,1,3,2,12,4,1,0,1,0,1,0,0,0,0,1
33,3.11,8,0,0,0,1,1,0,1,0,0,1,1,3,5,3,3,5,3,7,11,0,0,1,0,0,1,0,0,1,0
29,2.57,4,0,0,1,1,0,1,0,0,1,0,1,2,5,5,2,2,2,12,5,1,0,0,0,0,0,1,1,0,0
24,2.81,4,1,0,0,1,1,1,1,1,1,1,1,3,5,2,5,2,9,6,2,1,0,1,0,0,0,0,1,0,0
31,3.56,0,1,1,0,0,0,1,0,0,1,0,1,2,3,1,2,5,11,1,8,0,0,1,0,0,0,1,0,0,0
34,3.52,2,1,1,0,1,0,0,0,1,1,0,0,2,5,1,4,2,11,4,1,1,0,1,0,0,1,0,0,0,1
23,3.33,8,1,1,0,1,0,1,1,1,0,1,1,4,1,1,1,4,2,12,3,0,0,0,0,0,0,0,0,1,0
24,2.99,0,1,0,1,0,0,0,1,0,0,1,0,1,5,3,4,2,11,3,7,1,1,0,0,0,0,0,0,0,0
34,2.97,6,0,0,1,0,0,0,0,1,0,0,1,5,5,2,1,3,11,4,1,0,0,0,0,1,0,0,0,1,0
35,3.38,5,0,1,1,1,0,0,1,0,0,1,0,1,5,2,5,5,11,3,7,1,0,1,0,0,1,0,1,0,0
24,3.66,4,0,0,0,1,1,1,0,1,1,0,1,1,5,4,2,5,2,4,5,0,0,0,0,0,1,0,1,0,0
25,3.12,8,0,1,0,1,0,0,0,0,0,0,1,5,2,4,5,4,11,1,11,0,1,0,0,0,0,0,0,1,0
33,2.9,5,0,1,0,0,0,0,0,1,0,1,1,3,4,4,5,1,11,7,4,0,0,0,0,0,0,0,1,0,0
29,2.74,7,0,1,1,0,1,1,0,0,1,0,1,4,2,1,2,5,11,1,8,1,0,0,1,0,0,0,0,1,0
21,3.16,7,1,1,0,0,1,0,0,0,0,0,0,1,5,5,3,1,9,12,6,0,1,0,0,0,0,0,0,1,0
22,3.66,2,0,0,0,0,1,1,0,1,1,1,1,4,2,5,2,5,6,4,8,1,0,1,0,0,0,0,0,0,1
22,3.41,3,1,0,1,0,0,1,0,1,0,0,1,1,5,2,1,4,11,4,1,1,1,0,0,0,1,0,0,0,1
30,3.12,1,0,0,0,0,1,1,0,1,0,1,1,3,5,2,5,3,6,4,11,1,1,0,0,0,0,1,0,0,0
21,3.47,0,1,0,1,0,1,1,0,0,1,0,0,4,4,1,3,2,9,12,6,1,0,0,0,0,0,1,0,0,0
29,3.19,4,1,1,1,0,1,1,1,0,0,0,0,4,3,5,3,3,9,12,3,1,0,1,1,0,0,0,1,0,0
35,2.99,5,1,1,1,1,0,1,1,1,0,0,0,1,4,5,1,1,2,12,3,1,0,0,0,0,0,0,1,0,0
24,2.64,3,1,0,1,1,0,0,1,0,0,0,1,1,2,2,1,1,11,3,1,0,0,0,0,0,0,1,0,0,1
29,3.99,6,1,0,1,0,1,1,1,1,0,1,1,4,3,2,4,4,0,10,12,0,0,0,0,0,1,0,0,1,0
35,3.99,0,0,1,1,0,0,1,0,0,1,1,1,3,2,1,4,1,11,7,0,1,1,0,1,0,0,0,0,0,0
22,3.43,1,0,1,0,1,1,0,0,1,1,1,1,5,5,2,3,2,11,7,4,1,0,0,0,0,1,0,0,0,0
32,3.59,5,1,1,1,0,0,0,1,1,0,0,1,3,1,4,5,3,11,3,4,1,0,1,1,0,0,0,1,0,0
33,3.43,3,0,1,1,1,0,1,0,0,0,0,1,4,2,1,2,3,2,12,5,0,0,1,0,0,0,0,0,0,1
34,3.29,1,0,1,1,0,1,1,0,1,0,0,1,2,1,2,1,4,11,4,1,0,1,0,0,0,0,0,0,0,0
35,2.95,0,0,0,1,0,1,1,0,0,0,1,1,1,2,1,1,3,11,7,1,0,1,0,1,0,0,0,0,0,0
35,3.16,6,1,1,0,0,0,1,0,1,1,1,1,1,3,3,3,5,11,7,4,0,1,0,0,0,0,0,0,1,0
25,3.18,7,0,1,0,1,1,1,1,1,1,1,0,1,5,5,3,1,8,2,12,1,1,0,0,0,1,0,0,1,0
25,3.4,3,1,1,1,0,0,1,0,1,1,1,0,5,4,3,2,3,11,7,4,1,0,0,1,0,0,0,0,0,1
26,3.24,3,1,1,1,1,1,1,1,0,0,0,0,5,3,3,2,2,2,10,6,1,1,0,1,0,0,0,0,0,1
23,3.57,8,0,1,0,1,1,0,1,1,0,1,0,5,1,5,2,2,11,3,7,0,0,1,0,0,0,0,0,1,0
26,3.94,6,1,0,1,0,0,0,1,1,0,1,1,1,4,3,4,1,11,3,7,0,0,0,0,1,0,0,0,1,0
25,3.13,0,1,0,1,1,0,0,1,1,0,1,0,4,3,1,5,2,11,3,7,0,0,0,1,0,0,0,0,0,0
35,2.61,7,0,0,1,0,0,0,1,0,1,1,1,2,2,1,3,3,11,3,7,1,1,0,0,1,0,0,0,1,0
30,3.03,5,0,1,1,1,0,0,0,1,0,1,1,1,2,4,2,1,11,7,4,0,1,0,0,0,1,0,1,0,0
24,3.73,0,1,1,1,1,0,1,0,0,0,1,1,2,1,5,3,1,2,12,7,0,0,1,0,1,0,0,0,0,0
29,3.98,1,1,1,1,1,0,0,1,1,1,1,0,3,2,2,4,2,11,3,7,0,0,0,0,0,0,1,0,0,0
23,3.93,5,1,0,0,1,0,0,1,0,0,1,1,3,1,5,3,1,3,7,0,0,0,0,0,1,0,0,1,0,0
27,3.38,0,1,1,1,0,1,1,1,1,0,0,0,2,1,1,2,5,9,12,3,1,1,0,0,0,1,0,0,0,0
32,3.67,7,0,1,1,0,0,0,0,0,0,1,0,5,1,4,1,2,11,7,1,0,1,0,0,0,1,0,0,1,0
33,3.2,1,1,1,0,1,0,1,0,0,1,0,0,4,3,4,3,4,2,12,5,1,1,0,1,0,0,0,0,0,0
22,3.7,8,1,1,1,1,1,0,1,0,1,0,0,2,4,4,3,1,9,12,3,1,0,1,0,0,0,0,0,1,0
27,3.84,1,0,0,0,0,1,1,1,0,0,0,0,5,5,3,2,5,3,0,2,1,1,0,1,0,0,0,0,0,0
26,3.74,0,1,1,1,1,0,1,1,0,1,0,1,3,3,3,4,2,1,2,12,1,0,0,0,0,0,0,0,0,0
23,3.0,2,0,0,1,1,1,1,0,1,0,0,0,2,5,1,5,1,2,12,4,0,0,0,1,0,0,0,0,0,1
30,2.96,1,1,0,0,0,1,1,0,1,1,1,0,1,2,3,1,3,9,7,4,0,0,0,0,0,0,0,0,0,0
22,2.76,3,1,1,0,1,1,0,0,1,0,1,1,4,3,1,2,5,9,12,7,1,1,0,0,0,0,0,0,0,1
27,3.08,8,1,1,0,0,1,1,0,1,1,0,1,3,2,1,4,1,9,12,4,0,0,0,0,0,1,0,0,1,0
33,3.75,0,1,0,1,1,0,0,1,0,1,0,1,1,1,2,4,5,11,3,0,1,1,0,1,0,0,0,0,0,0
33,2.71,7,0,1,1,1,1,0,1,1,0,0,1,4,5,4,2,5,11,3,4,1,0,1,0,0,0,1,0,1,0
29,3.2,6,1,1,1,1,1,0,0,0,1,1,0,4,1,3,3,5,9,12,7,1,0,0,0,0,0,1,0,1,0
31,3.73,5,1,1,0,0,0,0,1,1,1,1,1,2,2,5,5,1,7,12,3,1,1,0,1,0,0,0,1,0,0
34,3.65,7,1,1,1,0,1,1,1,1,0,0,1,4,4,5,2,4,9,12,3,1,0,1,0,0,1,0,0,1,0
21,3.43,8,1,1,0,0,1,1,0,1,0,0,0,3,3,3,1,2,9,12,4,0,0,0,0,0,1,0,0,1,0
29,2.57,8,0,1,1,0,0,1,1,1,1,1,1,1,3,2,4,2,11,3,7,0,1,0,0,1,0,0,0,1,0
31,3.94,8,1,0,1,1,1,0,1,1,0,1,1,3,2,2,5,3,0,10,12,1,1,0,0,0,0,0,0,1,0
29,3.8,2,0,1,1,1,1,0,0,1,0,0,0,5,4,3,1,2,11,4,0,1,0,0,0,0,0,1,0,0,1
34,2.95,6,0,1,1,0,0,0,1,1,0,0,1,3,4,4,2,3,11,3,4,1,1,0,0,1,0,0,0,1,0
28,3.59,7,1,1,1,1,1,0,1,1,1,1,1,3,1,1,3,3,9,12,3,0,0,0,0,0,1,0,0,1,0
35,3.75,4,0,0,0,1,0,1,0,0,0,1,1,5,2,5,3,5,2,7,0,1,1,0,0,0,1,0,1,0,0
34,3.45,0,0,0,0,1,1,1,0,1,1,1,0,2,2,2,4,5,2,7,4,0,0,1,1,0,0,0,0,0,0
33,2.66,0,1,0,0,1,1,1,1,1,1,1,1,1,3,3,1,4,9,6,2,0,0,1,0,0,0,1,0,0,0
35,2.81,2,1,0,1,0,0,0,1,1,0,0,0,5,2,2,3,3,11,3,4,0,1,0,0,0,1,0,0,0,1
23,3.55,5,0,0,0,1,1,1,1,1,1,1,1,4,2,2,4,5,2,3,7,1,0,1,0,0,0,0,1,0,0
24,3.3,8,1,0,0,1,1,1,1,0,1,1,1,1,2,1,4,2,9,6,2,1,0,1,0,0,0,0,0,1,0
25,2.88,7,1,1,0,1,1,1,1,1,1,1,1,3,3,1,4,3,9,6,2,1,0,0,0,0,1,0,0,1,0
31,3.8,0,1,1,0,1,1,0,0,1,1,0,1,3,2,4,2,5,0,10,12,0,0,1,0,1,0,0,0,0,0
22,2.57,6,0,0,0,0,0,1,1,1,0,1,0,3,1,3,2,3,4,3,7,1,1,0,0,0,0,1,0,1,0
27,3.82,2,0,0,0,0,0,1,0,1,1,1,1,1,5,2,5,5,6,4,0,1,1,0,0,0,0,1,0,0,1
27,3.5,2,1,0,1,0,0,0,0,0,0,1,1,1,1,1,2,4,11,7,1,0,1,0,0,1,0,0,0,0,1
33,2.89,8,1,1,0,1,1,1,1,1,0,1,0,4,2,5,1,5,2,10,6,1,0,1,0,0,0,1,0,1,0
26,2.52,5,0,0,0,1,0,1,0,1,0,0,1,3,3,4,2,3,2,4,5,1,0,0,0,0,1,0,1,0,0
21,3.03,6,1,1,0,0,1,0,0,1,0,0,0,2,2,4,1,5,9,12,4,1,1,0,0,0,1,0,0,1,0
33,3.57,1,0,1,0,0,1,0,0,0,0,1,0,1,2,5,2,1,11,7,1,1,0,0,0,0,0,1,0,0,0
26,3.38,1,1,1,1,1,0,1,0,1,1,1,1,3,4,4,2,4,2,12,7,0,0,0,1,0,0,0,0,0,0
33,3.26,7,0,1,0,1,0,0,1,1,1,1,0,3,1,4,2,2,11,3,7,0,1,0,1,0,0,0,0,1,0
35,3.31,8,1,0,1,1,0,0,0,0,0,1,0,5,1,4,5,1,11,7,1,0,1,0,0,0,1,0,0,1,0
31,2.64,5,1,0,1,1,0,0,1,1,1,0,1,1,2,1,5,2,11,3,4,1,1,0,0,0,0,0,1,0,0
28,2.56,1,0,0,0,1,0,1,1,0,1,1,1,1,2,5,5,2,2,3,7,0,1,0,0,0,0,0,0,0,0
26,3.12,2,1,1,1,0,0,1,1,1,1,0,0,1,5,1,2,5,11,3,4,0,0,0,0,1,0,0,0,0,1
34,2.71,6,1,0,0,0,0,1,1,0,1,0,1,3,1,3,5,2,3,8,11,1,0,0,0,0,0,1,0,1,0
31,3.65,0,0,1,0,0,0,0,1,0,1,0,1,5,3,5,5,3,11,3,1,1,0,0,0,0,0,0,0,0,0
28,3.45,6,1,1,1,1,0,1,1,1,0,0,0,5,4,2,1,1,2,12,3,1,0,0,0,1,0,0,0,1,0
28,3.56,0,0,1,1,0,0,0,0,1,1,0,0,5,3,3,5,2,11,4,1,1,0,0,0,0,0,1,0,0,0
31,3.85,6,1,1,1,1,1,0,1,1,0,1,1,4,1,2,5,1,0,10,12,0,0,0,0,0,0,0,0,1,0
34,3.25,6,1,0,1,1,1,1,1,0,0,1,0,1,4,4,1,4,9,6,2,0,1,0,0,0,1,0,0,1,0
29,3.12,7,0,1,1,0,0,0,0,0,1,0,1,4,5,4,1,4,11,1,8,0,0,0,0,0,0,1,0,1,0
21,2.67,3,0,1,0,0,0,0,0,0,1,1,1,1,1,4,4,1,11,7,1,0,0,0,1,0,0,0,0,0,1
33,2.94,7,1,0,0,0,1,1,1,1,0,1,1,3,3,3,4,2,9,3,7,1,1,0,0,1,0,0,0,1,0
21,3.98,4,0,0,1,0,1,0,1,1,1,1,1,1,5,1,4,3,11,3,7,1,1,0,1,0,0,0,1,0,0
34,3.69,3,0,1,0,1,1,0,1,1,1,0,0,4,3,4,2,4,11,3,4,1,0,1,0,1,0,0,0,0,1
30,3.28,8,0,1,1,1,0,0,1,1,0,0,0,2,5,3,4,4,11,3,4,1,0,1,0,0,1,0,0,1,0
26,3.12,6,0,0,1,1,0,1,0,1,1,0,1,1,4,2,5,5,5,2,12,1,0,0,0,1,0,0,0,1,0
27,3.49,8,0,1,1,1,1,0,1,1,0,0,1,4,3,4,4,5,11,3,4,0,0,0,0,0,1,0,0,1,0
25,3.82,7,0,1,0,0,1,0,1,1,1,0,0,2,5,5,5,5,11,3,4,0,1,0,0,0,0,1,0,1,0
33,3.69,5,1,0,1,0,1,0,1,1,1,0,0,4,5,2,2,5,9,12,3,1,0,0,1,0,0,0,1,0,0
26,2.95,2,1,1,0,1,1,0,1,1,1,1,1,3,3,5,2,3,9,12,3,0,1,0,0,0,1,0,0,0,1
25,3.97,7,0,0,0,0,0,1,1,0,1,0,0,1,2,2,3,5,3,0,8,1,1,0,0,0,0,0,0,1,0
34,3.23,6,1,0,0,0,1,1,0,1,1,0,1,1,5,1,2,2,9,4,6,1,1,0,1,0,0,0,0,1,0
35,3.87,0,0,0,1,0,1,1,1,0,1,1,1,4,1,4,5,4,11,3,7,0,0,0,0,1,0,0,0,0,0
29,2.64,8,1,1,1,0,0,1,0,0,1,1,0,2,4,1,3,2,11,7,1,1,0,1,1,0,0,0,0,1,0
25,2.78,5,0,1,1,1,0,0,0,0,0,0,1,2,5,3,4,2,11,1,11,0,0,1,0,1,0,0,1,0,0
24,3.35,3,1,0,1,1,0,1,0,1,1,1,1,1,1,4,5,2,2,12,7,0,0,1,0,0,0,1,0,0,1
30,2.99,2,0,0,0,0,0,0,0,0,0,0,0,3,4,1,1,2,9,6,0,1,0,1,1,0,0,0,0,0,1
30,2.96,6,1,1,1,1,1,1,0,1,1,1,0,1,4,2,4,2,9,6,2,0,0,0,0,1,0,0,0,1,0
23,3.5,6,0,1,0,1,1,0,0,1,0,1,0,5,5,4,3,2,11,7,4,1,0,1,1,0,0,0,0,1,0
23,2.64,5,0,1,0,1,0,1,1,0,0,0,1,1,4,4,3,5,2,12,3,0,0,1,0,1,0,0,1,0,0
32,3.99,5,0,0,0,1,1,1,0,1,1,0,0,2,2,4,1,5,2,4,0,0,1,0,0,0,1,0,1,0,0
30,2.66,1,1,0,1,0,1,1,1,0,0,1,0,2,2,3,4,1,9,12,3,0,1,0,1,0,0,0,0,0,0
27,2.91,2,0,0,0,0,0,1,0,0,0,1,1,5,2,1,1,2,2,7,11,1,0,1,0,1,0,0,0,0,1
27,3.57,6,1,0,1,0,0,0,1,1,0,0,0,5,5,4,4,3,11,3,4,0,1,0,0,0,0,1,0,1,0
26,3.26,6,0,0,1,0,1,1,1,1,0,1,0,2,3,2,4,2,11,3,7,0,0,1,1,0,0,0,0,1,0
27,2.58,8,1,0,1,0,0,0,0,0,0,0,1,2,5,5,3,2,11,1,11,1,0,0,0,0,0,1,0,1,0
22,2.98,7,0,1,0,1,1,0,0,1,0,1,1,5,2,5,2,4,11,7,4,1,0,0,0,0,1,0,0,1,0
24,3.3,7,1,1,1,0,0,0,1,1,1,1,0,5,5,4,5,3,11,3,7,1,1,0,0,0,1,0,0,1,0
30,2.84,2,0,1,0,0,0,0,0,0,1,1,1,4,2,3,2,3,11,7,1,1,1,0,0,0,0,1,0,0,1
21,2.79,1,0,1,0,1,1,0,1,1,0,0,0,5,1,1,4,5,11,3,4,0,1,0,0,1,0,0,0,0,0
33,2.51,0,1,0,1,1,0,0,0,0,0,1,1,4,4,1,5,3,11,7,1,1,1,0,1,0,0,0,0,0,0
21,2.94,7,0,1,1,0,0,0,0,0,1,1,1,2,3,5,2,5,11,7,1,0,0,1,0,0,0,0,0,1,0
26,3.35,0,0,1,0,0,1,0,0,0,1,1,1,3,3,5,2,2,11,7,1,0,1,0,0,0,1,0,0,0,0
30,2.8,2,0,0,0,0,1,0,1,0,0,1,0,5,3,5,4,2,3,7,2,1,0,1,0,0,1,0,0,0,1
35,3.59,4,1,1,1,0,1,0,0,1,0,0,0,5,3,2,1,2,9,12,4,1,1,0,0,0,0,0,1,0,0
21,3.12,0,0,1,0,1,0,1,0,1,0,0,1,3,4,4,5,5,2,12,4,0,1,0,0,0,0,1,0,0,0
23,3.36,0,0,0,1,0,0,0,1,0,1,0,1,5,1,3,3,5,11,3,1,1,0,1,0,0,0,0,0,0,0
24,3.3,7,1,0,1,0,0,1,0,0,0,1,0,2,3,1,2,4,11,7,0,0,0,0,0,0,0,1,0,1,0
27,2.73,7,1,1,0,0,0,1,1,1,1,0,1,2,5,3,2,1,11,3,4,1,0,1,0,0,0,0,0,1,0
21,3.0,3,1,1,0,1,0,0,1,1,0,1,1,3,3,3,4,1,11,3,7,0,0,0,0,1,0,0,0,0,1
24,3.56,2,0,0,1,0,0,0,1,0,1,1,0,5,4,4,4,2,11,3,7,0,0,0,1,0,0,0,0,0,1
28,3.53,0,1,1,0,1,0,0,1,0,0,0,1,5,4,4,1,5,11,3,1,1,0,0,1,0,0,0,0,0,0
22,2.79,2,1,1,0,1,1,0,0,1,1,1,1,3,4,1,1,1,9,12,7,0,0,1,0,0,1,0,0,0,1
32,3.9,0,1,1,1,1,0,0,0,1,1,0,0,5,5,4,4,5,11,4,0,0,0,1,0,0,0,0,0,0,0
28,2.64,0,1,1,1,1,0,1,1,0,0,1,1,5,2,1,3,3,2,12,3,0,0,0,0,0,0,1,0,0,0
25,3.67,7,1,1,1,0,0,1,0,0,0,0,0,4,1,4,4,4,11,1,2,1,0,1,0,0,0,1,0,1,0
25,3.33,6,1,1,1,1,0,1,1,1,1,1,0,4,2,2,3,3,2,12,3,0,0,0,1,0,0,0,0,1,0
25,3.24,1,0,0,1,1,0,0,1,0,1,0,1,3,1,3,5,4,11,3,1,1,0,0,0,0,0,0,0,0,0
33,3.45,5,0,0,1,1,0,0,0,1,0,1,0,1,2,4,3,4,11,7,4,0,0,1,0,1,0,0,1,0,0
25,3.38,7,1,1,0,1,0,1,0,1,1,1,1,3,3,2,5,4,2,12,7,0,0,1,0,0,0,1,0,1,0
27,2.54,6,0,0,1,0,1,1,1,0,1,1,0,1,5,4,4,2,11,3,7,1,0,1,0,1,0,0,0,1,0
35,3.25,6,1,0,1,1,0,1,1,1,0,1,1,4,4,1,5,1,2,12,3,0,0,0,1,0,0,0,0,1,0
23,3.62,1,1,0,1,0,1,0,0,0,1,1,0,2,5,2,4,2,9,12,7,0,1,0,0,0,0,1,0,0,0
23,2.86,2,0,1,0,0,0,0,1,1,0,1,0,1,1,4,1,5,11,3,7,1,0,1,0,0,0,0,0,0,1
28,2.52,4,1,1,0,0,1,1,0,1,0,1,1,1,4,1,2,4,9,12,7,0,1,0,0,1,0,0,1,0,0
31,3.79,7,1,0,0,1,1,1,0,1,1,0,1,2,4,5,3,4,0,10,6,0,1,0,0,0,0,0,0,1,0
26,2.65,5,0,0,0,0,0,0,1,1,0,1,0,1,5,1,3,1,3,7,4,1,0,1,0,0,1,0,1,0,0
24,3.9,2,1,0,0,0,0,1,1,0,1,1,0,1,2,1,1,4,3,7,0,1,0,1,0,0,0,0,0,0,1
24,2.91,6,0,0,0,0,0,0,1,1,1,0,1,1,4,3,3,3,3,4,8,1,1,0,0,0,0,0,0,1,0
34,3.51,1,0,1,1,1,1,0,0,0,0,0,1,2,3,5,1,4,11,1,11,0,0,1,0,0,0,1,0,0,0
21,3.74,1,1,1,0,1,1,0,0,0,0,0,1,5,5,2,5,2,0,10,12,1,0,1,0,0,0,1,0,0,0
22,3.85,5,1,0,1,0,1,1,0,1,1,1,1,3,4,1,5,4,0,10,12,0,0,0,1,0,0,0,1,0,0
25,2.68,8,1,0,1,1,0,1,1,0,1,1,1,2,2,3,3,2,2,12,3,0,0,0,0,0,1,0,0,1,0
34,2.55,4,0,0,0,0,1,1,0,1,1,0,1,1,4,3,1,3,4,8,11,1,0,1,0,0,0,0,1,0,0
26,3.39,0,0,0,1,1,1,0,1,0,1,0,0,4,4,2,3,4,11,3,1,1,0,1,0,0,0,1,0,0,0
24,3.15,1,1,1,0,1,1,1,1,0,0,1,0,3,3,3,2,3,9,6,2,1,0,0,0,0,0,1,0,0,0
24,3.27,2,0,1,1,1,0,0,0,0,0,0,1,5,2,4,4,3,11,1,11,1,1,0,0,0,1,0,0,0,1
26,4.0,2,1,0,1,1,0,0,0,1,1,1,1,3,1,4,4,4,11,7,4,1,0,1,0,0,0,1,0,0,1
28,3.31,6,0,0,1,0,0,1,0,0,1,1,1,1,1,3,5,4,11,7,2,0,1,0,0,0,0,1,0,1,0
30,3.12,6,1,1,0,0,1,0,1,0,0,0,1,5,2,3,5,3,9,12,3,0,0,1,0,0,0,1,0,1,0
26,3.84,5,1,0,1,0,0,1,1,0,0,0,0,1,2,3,4,5,11,3,0,0,0,1,0,1,0,0,1,0,0
25,3.78,0,0,1,1,1,1,0,0,0,0,1,1,2,2,2,2,5,11,7,0,1,0,0,0,0,0,1,0,0,0
33,3.42,3,0,0,0,1,0,1,1,0,0,0,1,1,4,1,1,3,2,3,5,0,0,1,0,0,0,0,0,0,1
34,3.5,7,1,1,0,1,0,0,1,0,1,0,1,2,4,1,5,1,11,3,1,1,1,0,0,1,0,0,0,1,0
30,2.61,2,0,1,1,0,0,0,0,1,1,0,1,5,3,5,3,2,11,4,1,1,0,1,0,0,0,0,0,0,1
27,2.94,8,1,0,0,0,1,1,1,0,1,0,1,4,3,1,5,3,9,3,6,1,1,0,0,0,1,0,0,1,0
27,3.6,7,1,1,1,1,1,0,1,0,1,0,1,1,5,5,3,3,9,12,3,0,1,0,0,1,0,0,0,1,0
30,2.78,1,1,0,1,0,1,0,1,1,0,0,0,5,2,5,5,5,9,12,3,1,0,1,0,0,0,0,0,0,0
21,3.54,5,1,0,1,1,1,0,1,0,1,1,0,2,3,4,3,2,9,12,3,0,0,0,0,0,1,0,1,0,0
21,2.95,2,0,1,1,1,1,0,1,1,0,0,1,3,2,2,3,1,11,3,4,1,1,0,0,0,0,0,0,0,1
28,2.53,7,1,1,0,1,1,1,0,0,0,0,0,2,5,4,5,1,9,6,2,1,0,1,0,1,0,0,0,1,0
22,3.3,0,1,0,1,0,1,1,0,0,1,0,0,3,1,2,5,3,9,12,6,1,1,0,0,0,1,0,0,0,0
32,3.7,2,1,1,1,1,0,1,1,1,1,0,0,5,2,4,5,2,2,12,3,1,1,0,0,1,0,0,0,0,1
26,2.9,0,1,1,1,0,0,0,0,0,0,0,1,5,4,2,3,4,2,12,1,1,0,0,1,0,0,0,0,0,0
25,3.81,6,1,0,0,0,0,0,1,0,1,0,1,2,2,3,2,5,3,0,8,0,0,0,0,1,0,0,0,1,0
28,2.92,1,0,1,1,1,1,0,1,1,1,1,0,1,5,5,1,3,11,3,7,0,0,0,0,0,1,0,0,0,0
31,3.58,8,1,0,0,1,0,1,1,0,0,0,1,2,5,1,2,4,2,3,5,1,0,1,0,0,0,1,0,1,0
22,3.69,2,1,1,0,1,0,0,0,0,1,0,1,1,3,1,3,3,11,1,8,0,1,0,1,0,0,0,0,0,1
27,2.64,3,0,0,1,0,1,0,0,1,0,0,0,5,5,5,5,5,11,4,1,1,1,0,0,0,0,1,0,0,1
22,3.52,0,0,0,1,1,1,0,1,0,0,0,0,4,5,2,5,2,11,3,1,0,0,0,0,0,1,0,0,0,0
24,3.73,6,0,0,0,1,0,1,1,1,0,0,1,1,1,1,5,2,2,3,4,1,0,1,0,0,1,0,0,1,0
24,3.7,2,0,0,0,1,0,1,0,1,1,1,1,4,4,5,5,5,2,7,4,1,0,1,0,0,0,1,0,0,1
34,3.64,3,0,1,1,1,1,0,0,1,0,0,1,2,1,1,3,1,11,4,1,1,0,1,0,1,0,0,0,0,1
35,2.61,3,1,0,1,1,0,0,0,0,1,1,1,1,1,2,2,1,11,7,1,0,0,1,0,0,0,1,0,0,1
35,3.3,0,0,1,0,0,1,1,0,0,0,0,1,1,4,2,3,2,11,1,11,1,1,0,0,0,0,0,0,0,0
35,3.06,4,1,1,1,0,0,0,1,0,0,1,0,4,1,4,1,1,11,3,7,1,0,1,0,0,1,0,1,0,0
34,3.8,6,0,0,0,1,1,0,1,1,0,1,1,5,2,4,5,3,3,7,4,1,1,0,0,1,0,0,0,1,0
29,3.1,4,1,0,0,0,1,0,0,0,1,0,0,1,2,2,1,2,9,6,0,0,0,0,1,0,0,0,1,0,0
25,3.73,7,0,1,0,0,0,0,0,0,0,1,1,3,3,3,1,5,11,7,0,1,0,1,0,1,0,0,0,1,0
28,3.07,2,1,1,0,0,0,1,0,1,1,0,1,2,2,3,2,2,11,4,1,1,0,0,1,0,0,0,0,0,1
30,2.83,1,1,1,0,1,1,0,1,1,1,1,1,3,4,4,2,5,9,12,3,0,0,1,0,1,0,0,0,0,0
26,3.17,4,0,1,0,0,0,1,0,1,1,1,0,4,1,5,5,3,6,12,4,1,0,0,0,1,0,0,1,0,0
22,3.8,0,0,0,1,1,1,0,0,0,0,1,0,2,1,2,1,2,11,7,0,0,1,0,1,0,0,0,0,0,0
22,2.83,7,1,0,0,1,1,1,1,0,0,1,0,4,5,2,3,2,2,10,6,0,1,0,1,0,0,0,0,1,0
28,3.92,7,0,0,1,1,1,0,0,0,0,0,0,4,5,1,1,2,11,0,1,0,0,1,0,0,0,0,0,1,0
21,3.7,6,1,1,0,1,0,0,0,0,0,0,1,1,5,3,4,5,11,1,11,0,0,1,0,0,1,0,0,1,0
30,3.13,8,1,1,1,0,1,0,0,0,1,1,0,2,5,2,1,2,9,12,7,1,1,0,0,0,0,0,0,1,0
22,2.94,2,1,0,1,0,1,0,0,0,1,0,0,5,5,2,3,3,9,12,6,1,0,1,0,0,0,1,0,0,1
29,2.61,3,1,1,1,0,0,0,0,0,1,1,0,3,3,3,1,3,11,7,1,0,0,0,1,0,0,0,0,0,1
31,3.33,2,1,0,1,0,0,1,0,0,0,1,1,3,4,4,4,1,11,7,1,0,1,0,0,0,0,1,0,0,1
34,3.68,2,0,0,0,1,0,1,1,1,0,0,1,2,1,4,4,1,2,3,4,1,0,0,1,0,0,0,0,0,1
23,2.6,2,0,0,1,1,1,1,1,0,0,1,1,1,2,1,1,1,2,12,3,0,0,1,1,0,0,0,0,0,1
25,3.28,0,1,1,0,0,1,0,0,0,1,0,0,4,3,1,3,3,9,12,6,0,0,1,0,0,0,1,0,0,0
27,3.28,2,0,0,1,0,0,1,0,0,1,1,1,4,2,5,2,4,11,7,1,0,1,0,0,0,0,1,0,0,1
31,3.37,8,0,0,0,1,0,0,0,0,1,0,1,5,3,1,5,3,7,11,9,1,0,0,1,0,0,0,0,1,0
27,2.81,4,0,1,0,1,1,1,0,1,0,0,1,2,3,2,2,4,2,12,4,0,0,1,0,0,0,0,1,0,0
31,2.71,4,0,1,0,0,0,0,1,0,0,1,1,3,3,1,5,1,11,3,7,1,0,1,0,0,0,1,1,0,0
30,2.78,5,1,0,1,1,0,0,1,0,0,0,0,1,5,3,5,3,11,3,1,0,0,1,0,1,0,0,1,0,0
28,3.27,1,1,1,0,1,0,1,1,0,0,0,0,2,4,4,2,5,2,12,3,1,1,0,0,1,0,0,0,0,0
26,3.35,4,1,1,1,0,0,0,0,0,0,0,0,3,3,1,5,2,11,1,10,0,0,0,0,0,0,1,1,0,0
32,3.3,6,0,1,0,1,0,1,1,1,1,1,0,2,3,4,1,2,2,12,3,1,1,0,1,0,0,0,0,1,0
25,3.46,2,1,1,0,1,1,0,1,0,0,0,0,5,3,2,4,2,9,12,3,0,0,0,0,0,0,0,0,0,1
24,2.71,1,0,0,1,0,0,0,0,0,1,0,1,3,5,3,2,2,11,1,8,1,0,0,0,0,1,0,0,0,0
21,3.72,1,0,0,1,1,1,1,1,1,0,1,1,2,2,4,1,2,2,12,3,1,1,0,1,0,0,0,0,0,0
24,3.02,3,1,1,0,0,1,0,1,0,0,0,1,1,3,5,3,4,9,12,3,0,1,0,0,0,0,0,0,0,1
21,3.01,0,1,1,0,1,0,0,0,1,1,0,1,4,1,4,5,5,11,4,1,1,1,0,1,0,0,0,0,0,0
23,3.5,0,1,1,1,0,1,1,0,1,1,0,1,4,3,1,3,2,1,10,12,1,1,0,0,0,0,0,0,0,0
25,3.65,8,1,1,0,0,0,1,0,0,1,0,1,5,2,3,4,4,11,1,8,1,0,0,0,0,0,0,0,1,0
28,3.97,0,0,0,0,1,1,0,0,0,0,1,0,4,4,4,3,5,6,0,2,0,1,0,0,0,0,0,0,0,0
25,3.58,6,0,0,1,0,1,1,1,1,0,0,0,5,1,3,1,5,2,12,3,0,0,0,1,0,0,0,0,1,0
22,2.57,1,1,1,1,0,1,0,0,0,0,1,1,3,5,2,1,3,9,12,7,1,1,0,0,0,0,1,0,0,0
21,2.91,2,0,0,0,0,0,0,1,1,1,0,1,3,4,3,5,3,3,4,8,1,0,1,0,1,0,0,0,0,1
32,3.03,7,1,0,1,1,0,0,1,1,0,1,0,1,1,5,5,1,11,3,7,0,1,0,0,0,0,1,0,1,0
35,2.52,3,1,1,1,0,0,1,1,0,1,1,1,1,3,1,1,3,11,3,7,1,1,0,1,0,0,0,0,0,1
32,2.69,7,1,1,1,0,1,0,0,1,1,1,0,1,2,2,5,1,9,12,7,0,1,0,0,0,1,0,0,1,0
26,2.61,8,0,0,1,0,1,0,0,0,1,0,1,5,4,2,1,4,11,1,8,0,0,0,0,0,0,0,0,1,0
31,3.98,0,0,0,0,0,0,0,0,0,1,1,1,5,2,1,2,2,6,0,8,1,0,0,1,0,0,0,0,0,0
35,3.1,4,0,1,0,0,1,1,1,0,1,0,1,1,1,1,2,5,11,3,1,0,1,0,0,1,0,0,1,0,0
33,2.85,8,0,1,1,1,1,0,1,1,1,0,1,2,1,2,4,1,11,3,4,1,0,1,0,0,0,0,0,1,0
33,2.91,6,1,1,0,1,1,0,1,1,0,1,1,3,3,1,3,2,5,10,12,0,0,1,0,0,1,0,0,1,0
23,2.66,5,0,0,1,1,1,0,1,0,0,1,0,2,2,1,4,5,11,3,7,1,0,0,0,0,0,0,1,0,0
30,3.97,4,1,1,1,1,0,1,0,0,0,0,0,4,5,2,5,4,2,12,0,1,0,1,1,0,0,0,1,0,0
34,3.3,5,0,0,1,1,1,0,1,0,1,0,0,5,5,1,5,3,11,3,1,1,0,0,0,1,0,0,1,0,0
30,2.66,3,0,1,1,0,0,1,0,1,0,0,1,1,2,2,3,3,11,4,1,1,1,0,1,0,0,0,0,0,1
34,3.51,1,1,1,1,0,0,0,0,0,1,0,1,3,5,5,4,5,11,1,8,0,0,0,1,0,0,0,0,0,0
31,3.6,3,0,1,0,0,0,1,1,1,1,0,0,4,4,4,5,3,11,3,4,1,0,0,0,1,0,0,0,0,1
28,3.63,1,0,1,0,0,0,0,1,1,0,0,0,2,3,1,3,2,11,3,4,1,1,0,0,0,1,0,0,0,0
21,2.65,3,0,0,1,1,1,0,1,1,0,1,0,2,2,1,5,3,11,3,7,1,0,0,1,0,0,0,0,0,1
31,2.74,3,1,1,1,1,0,0,0,0,0,0,0,2,3,5,1,5,11,1,10,0,1,0,0,0,1,0,0,0,1
33,3.81,4,1,0,1,0,1,0,1,1,0,0,0,3,3,3,1,4,0,10,12,0,1,0,0,0,1,0,1,0,0
21,2.91,5,1,0,0,0,0,1,1,1,0,0,1,3,3,2,2,1,3,4,11,0,0,0,0,1,0,0,1,0,0
31,3.14,5,0,1,0,1,1,0,1,0,1,1,0,2,2,2,3,4,11,3,7,0,1,0,1,0,0,0,1,0,0
35,3.36,6,0,1,1,1,0,1,1,0,0,1,1,4,1,5,4,3,2,12,3,1,1,0,0,0,0,0,0,1,0
26,2.63,5,0,0,1,1,1,0,0,0,1,0,0,5,2,1,4,3,11,1,8,0,0,1,0,0,0,1,1,0,0
28,3.8,6,1,1,1,0,1,1,1,1,1,0,0,3,5,4,5,4,0,10,12,0,1,0,0,0,0,0,0,1,0
30,2.7,7,1,0,1,1,1,0,0,0,0,1,0,5,2,2,5,2,1,10,12,1,1,0,0,1,0,0,0,1,0
25,3.98,3,1,0,0,0,0,0,1,1,1,1,1,5,2,1,4,3,3,7,4,1,0,0,0,0,1,0,0,0,1
35,3.55,4,0,0,0,1,0,1,1,1,0,1,0,4,3,1,1,2,2,3,7,1,1,0,0,0,1,0,1,0,0
27,3.86,3,0,0,0,1,0,0,1,0,1,0,1,3,2,4,3,4,3,0,8,1,0,1,0,1,0,0,0,0,1
33,3.42,4,0,0,0,0,0,0,0,0,0,1,0,5,2,2,5,1,6,2,10,0,0,0,1,0,0,0,1,0,0
21,3.09,0,1,0,0,1,0,1,1,0,0,0,1,2,5,5,5,1,2,3,5,0,1,0,0,0,1,0,0,0,0
25,2.78,2,0,1,1,0,0,1,0,0,1,1,0,2,3,4,2,1,11,7,1,0,0,0,1,0,0,0,0,0,1
28,2.55,2,1,1,0,0,0,1,1,1,1,0,1,2,5,1,4,2,10,12,3,1,0,0,0,1,0,0,0,0,1
32,3.19,6,0,0,0,1,1,1,0,1,1,0,1,3,5,3,4,2,2,4,5,1,1,0,0,0,0,1,0,1,0
32,2.51,1,1,1,0,1,0,0,1,0,1,1,1,1,5,2,1,2,11,3,7,1,0,0,0,1,0,0,0,0,0
23,3.94,8,1,1,1,0,0,1,0,1,0,1,0,3,4,1,1,4,4,12,7,0,0,1,0,0,0,0,0,1,0
31,3.6,7,1,1,1,1,1,1,0,1,0,0,0,2,4,1,2,1,9,6,2,0,0,0,0,0,1,0,0,1,0
21,3.93,7,1,0,1,0,1,1,1,0,1,1,0,2,2,4,1,4,0,10,12,1,1,0,0,1,0,0,0,1,0
27,2.77,8,1,1,1,1,1,0,1,1,0,0,0,1,3,2,1,5,9,12,3,0,0,0,0,0,0,0,0,1,0
21,3.09,2,1,0,1,0,0,0,1,0,0,1,1,1,1,2,1,5,11,3,7,0,1,0,0,0,0,1,0,0,1
23,2.93,2,1,1,0,1,1,0,1,0,1,0,1,5,3,5,1,1,5,10,12,0,1,0,0,1,0,0,0,0,1
32,3.52,4,1,1,1,0,1,1,1,0,0,1,0,4,2,2,2,2,9,12,3,0,0,1,0,0,0,0,1,0,0
30,2.68,2,1,1,1,1,0,1,1,0,0,1,1,2,3,1,2,4,2,12,3,0,0,0,0,1,0,0,0,0,1
33,3.34,0,0,0,1,1,1,1,1,0,0,1,1,1,5,5,4,4,2,12,3,0,1,0,1,0,0,0,0,0,0
23,3.44,8,1,0,1,1,1,0,1,1,1,0,1,3,2,5,5,2,9,12,3,1,0,1,0,0,0,1,0,1,0
24,2.66,5,0,0,1,1,0,1,0,0,1,1,0,5,1,5,5,5,2,12,7,0,0,0,0,0,0,1,1,0,0
30,3.92,3,0,0,1,1,0,0,1,0,0,1,0,1,1,5,4,2,11,3,7,1,1,0,0,0,1,0,0,0,1
21,3.43,1,1,1,0,0,1,1,1,0,1,0,1,3,1,4,2,3,9,12,3,0,0,0,0,1,0,0,0,0,0
24,2.75,1,1,1,0,0,0,1,0,1,0,0,0,1,5,4,5,1,11,4,1,1,1,0,1,0,0,0,0,0,0
35,3.28,3,1,0,0,1,1,1,0,0,1,0,1,4,3,4,2,1,2,10,6,0,1,0,0,0,1,0,0,0,1
23,3.31,2,1,1,0,0,1,1,1,1,0,1,0,2,3,4,5,1,9,12,3,0,0,0,0,1,0,0,0,0,1
29,3.65,7,1,1,0,0,1,0,1,1,0,1,0,5,1,4,4,4,9,12,3,0,0,1,0,0,0,1,0,1,0
31,3.19,0,0,0,0,0,0,1,0,0,1,0,0,2,2,1,3,2,7,9,10,1,1,0,1,0,0,0,0,0,0
21,3.9,8,0,1,1,1,1,0,1,0,1,1,0,4,5,5,4,4,11,3,7,0,0,0,0,0,1,0,0,1,0
25,3.0,6,1,0,1,1,1,1,0,0,0,1,0,1,1,3,4,4,9,6,2,1,0,0,0,0,0,1,0,1,0
25,3.7,7,0,0,1,0,1,1,1,1,0,1,1,5,2,3,5,4,11,3,7,0,1,0,0,0,0,1,0,1,0
32,2.73,5,1,1,1,0,0,0,1,1,0,0,0,2,2,3,3,2,11,3,4,0,0,1,0,0,0,1,1,0,0
21,3.16,8,1,0,0,1,0,1,1,0,1,0,0,2,3,5,2,5,2,3,5,1,0,1,1,0,0,0,0,1,0
30,2.92,7,0,0,1,0,1,1,1,1,1,0,0,2,3,3,1,1,11,3,4,0,1,0,1,0,0,0,0,1,0
27,3.27,1,0,0,0,0,0,0,1,1,0,0,0,2,3,2,5,2,3,4,10,1,1,0,0,1,0,0,0,0,0
34,3.24,5,1,1,0,1,0,0,1,1,1,1,1,5,4,3,3,5,11,3,7,0,1,0,0,0,0,0,1,0,0
25,3.1,8,0,1,1,0,0,1,0,1,1,0,0,2,3,1,4,4,11,4,1,1,0,0,0,0,0,0,0,1,0
22,3.74,3,0,1,0,0,0,0,1,1,0,0,0,1,1,1,4,5,11,3,4,0,0,0,0,0,0,1,0,0,1
23,2.73,6,0,1,1,0,1,0,0,1,1,0,1,1,2,3,2,4,11,4,1,1,0,0,0,0,0,1,0,1,0
28,2.67,0,0,0,1,0,1,0,1,1,0,0,1,5,1,3,5,5,11,3,4,0,0,0,0,0,1,0,0,0,0
33,3.51,3,1,1,1,0,0,1,0,1,0,0,1,4,3,2,3,2,11,4,1,0,0,0,0,1,0,0,0,0,1
30,4.0,4,1,1,1,0,0,0,1,0,1,0,0,2,5,4,5,2,11,3,0,1,1,0,0,0,1,0,1,0,0
33,3.79,5,0,1,1,0,1,1,1,0,0,0,0,4,1,1,1,2,11,3,0,1,1,0,0,0,1,0,1,0,0
34,3.32,2,1,0,1,1,0,1,0,0,0,1,0,4,4,2,4,3,2,12,7,0,0,0,0,0,0,1,0,0,1
34,2.6,2,1,1,0,1,1,0,0,0,0,1,0,2,4,2,5,2,9,12,7,1,1,0,0,0,1,0,0,0,1
27,3.37,5,1,1,1,0,1,1,0,0,1,1,0,2,4,5,3,1,9,12,7,1,1,0,0,0,0,1,1,0,0
22,3.89,6,0,0,0,1,1,1,0,0,1,0,1,5,4,5,3,2,2,0,5,1,1,0,0,0,1,0,0,1,0
29,3.88,7,0,0,0,0,0,1,1,1,1,0,0,1,4,2,4,2,3,4,0,0,0,0,0,0,0,0,0,1,0
32,3.48,7,1,0,1,1,0,1,0,1,0,1,0,1,1,2,4,4,2,12,7,1,1,0,0,1,0,0,0,1,0
29,2.94,0,1,0,1,1,0,1,1,0,1,0,0,4,3,4,2,1,2,12,3,1,1,0,0,0,0,0,0,0,0
30,3.83,1,0,1,0,0,1,0,0,0,0,1,1,2,1,4,2,5,11,7,0,1,1,0,0,0,0,0,0,0,0
34,3.81,7,0,1,1,1,0,1,0,0,1,1,0,2,1,1,2,1,2,12,7,1,0,0,0,0,0,1,0,1,0
25,3.16,7,1,0,0,0,1,0,1,0,0,1,1,2,3,1,4,5,9,3,7,1,0,0,0,0,0,1,0,1,0
33,3.49,2,1,0,1,0,1,0,0,1,0,0,1,2,4,4,4,3,9,12,4,1,1,0,0,0,0,1,0,0,1
32,3.07,2,0,0,0,1,1,0,0,0,1,0,0,4,2,3,1,5,7,9,2,0,0,0,0,0,0,1,0,0,1
25,3.77,7,0,1,1,0,1,1,1,0,1,0,1,4,1,4,1,1,11,3,0,1,0,0,0,0,0,0,0,1,0
34,2.54,1,1,1,0,0,1,0,0,1,1,1,0,5,1,1,4,3,9,12,7,1,0,0,0,1,0,0,0,0,0
30,3.04,4,1,0,0,0,0,1,1,0,1,1,0,2,3,2,5,1,3,7,8,0,0,1,1,0,0,0,1,0,0
26,3.16,6,1,0,0,1,0,0,0,0,0,1,0,4,3,1,4,3,6,2,10,1,0,0,1,0,0,0,0,1,0
34,3.28,2,0,1,1,0,0,0,0,0,1,1,1,5,4,1,2,5,11,7,1,1,1,0,1,0,0,0,0,0,1
21,2.78,8,0,0,0,1,0,1,1,0,1,0,1,4,3,3,2,1,2,3,5,0,0,1,0,0,1,0,0,1,0
28,3.63,6,1,0,0,0,0,0,0,0,0,0,1,4,5,1,2,5,10,2,10,0,1,0,1,0,0,0,0,1,0
22,2.54,0,1,1,1,0,1,1,1,1,0,1,0,3,4,1,5,2,9,12,3,0,1,0,1,0,0,0,0,0,0
35,2.8,0,1,1,0,1,1,0,0,1,0,1,1,1,5,4,3,4,9,12,7,0,0,0,0,0,0,0,0,0,0
31,3.83,5,0,0,0,0,0,0,1,0,1,0,1,2,1,2,5,3,3,0,8,0,1,0,0,0,0,1,1,0,0
24,2.92,3,1,0,0,0,0,0,0,0,1,1,1,5,3,2,1,2,6,8,11,0,0,1,0,0,0,0,0,0,1
35,3.89,7,1,1,0,1,0,0,1,0,0,0,1,2,5,4,2,3,11,3,0,0,0,1,0,0,0,0,0,1,0
27,3.11,5,1,1,1,0,0,1,0,1,1,1,1,1,4,3,5,3,11,7,4,0,0,1,0,0,0,0,1,0,0
30,3.22,1,1,0,1,0,0,0,1,1,1,0,0,2,2,4,5,2,11,3,4,0,0,0,0,0,0,1,0,0,0
29,3.39,1,1,1,0,0,1,0,0,1,1,1,0,5,4,1,4,3,9,12,7,1,1,0,0,0,0,1,0,0,0
33,3.57,8,1,1,0,0,0,0,1,0,1,1,1,5,1,5,4,4,11,3,7,1,1,0,0,0,1,0,0,1,0
33,3.11,0,0,0,0,0,0,1,0,1,0,1,1,2,3,2,2,5,6,4,11,1,1,0,0,0,0,1,0,0,0
32,3.18,6,1,1,1,1,1,1,0,1,1,0,1,4,3,2,3,5,2,10,6,0,0,1,0,0,0,0,0,1,0
30,3.52,8,0,1,0,1,1,0,1,1,1,0,1,1,3,3,4,2,11,3,4,0,1,0,0,0,0,1,0,1,0
22,3.7,6,0,1,0,0,1,0,0,1,1,0,0,2,4,4,5,5,11,4,1,1,0,1,1,0,0,0,0,1,0
23,3.82,7,0,0,1,1,1,0,0,1,1,1,1,2,3,5,5,1,11,7,4,0,0,0,0,0,0,1,0,1,0
31,3.86,3,0,1,1,0,1,0,0,0,0,1,1,1,5,3,3,5,11,7,0,1,1,0,0,1,0,0,0,0,1
29,2.72,5,0,0,0,0,1,0,0,1,0,0,1,1,1,4,2,1,4,11,10,0,1,0,1,0,0,0,1,0,0
28,2.52,7,1,1,1,1,0,0,0,1,0,0,0,3,5,5,3,4,11,4,1,0,0,1,0,0,0,1,0,1,0
30,3.18,2,1,0,0,1,1,0,0,1,1,1,0,3,4,1,4,3,9,7,4,0,0,0,0,0,0,0,0,0,1
25,3.31,1,0,0,1,1,0,0,0,0,0,0,0,4,5,4,4,5,11,1,2,0,0,1,0,1,0,0,0,0,0
33,2.82,4,0,0,1,1,0,0,0,1,1,0,0,1,5,3,4,5,11,4,1,1,0,1,0,0,0,1,1,0,0
29,2.63,3,0,0,0,1,1,1,0,1,0,0,0,1,5,2,4,2,2,4,5,0,1,0,0,0,0,1,0,0,1
27,3.49,0,0,0,0,1,1,1,0,0,1,1,0,2,4,3,2,1,2,7,5,1,0,0,0,0,1,0,0,0,0
32,3.63,2,0,1,0,0,0,0,1,0,1,0,0,2,2,4,4,3,11,3,1,0,1,0,0,1,0,0,0,0,1
33,2.8,0,1,0,0,0,1,1,0,0,1,0,0,1,2,1,2,1,9,6,0,0,1,0,0,0,0,1,0,0,0
35,3.69,0,0,1,0,0,0,1,0,1,0,1,0,5,1,1,5,5,11,7,4,0,1,0,0,0,1,0,0,0,0
22,3.77,7,0,1,0,0,0,0,0,1,1,0,0,2,2,3,5,5,11,4,0,1,1,0,1,0,0,0,0,1,0
28,3.0,6,0,0,1,0,0,1,1,1,1,0,0,2,1,4,1,5,11,3,4,1,0,1,1,0,0,0,0,1,0
23,2.94,6,1,1,1,1,0,0,0,1,1,0,0,1,2,4,4,5,11,4,1,0,0,1,0,1,0,0,0,1,0
31,3.04,4,0,0,0,0,1,1,0,1,1,0,1,5,3,1,1,2,4,8,11,1,0,0,0,0,0,0,1,0,0
24,2.54,2,1,0,0,1,1,1,0,0,0,1,0,2,1,1,3,4,9,6,2,1,1,0,0,0,0,0,0,0,1
27,2.69,2,0,1,1,1,1,1,0,1,1,0,1,3,1,3,1,3,8,2,12,1,1,0,0,0,0,0,0,0,1
30,3.82,2,1,0,0,1,0,1,0,1,0,0,1,4,5,5,5,3,2,4,0,0,0,1,0,0,0,1,0,0,1
22,2.71,5,1,0,1,1,1,0,1,1,1,1,1,4,3,2,1,5,9,12,3,0,1,0,0,1,0,0,1,0,0
23,3.25,2,1,1,1,0,0,1,0,0,0,1,0,2,5,5,4,5,11,7,1,0,0,0,1,0,0,0,0,0,1
33,3.47,7,0,1,0,1,1,0,0,1,1,1,1,4,2,5,1,5,11,7,4,0,0,1,1,0,0,0,0,1,0
34,3.47,2,1,1,1,1,1,1,1,1,1,1,0,2,2,1,1,5,9,6,2,0,1,0,0,0,0,0,0,0,1
30,3.37,3,1,1,1,1,1,1,0,1,1,0,1,1,5,4,5,1,4,10,6,0,0,1,0,0,0,0,0,0,1
31,2.92,8,0,0,1,0,0,0,1,1,0,0,0,3,3,4,4,4,11,3,4,1,1,0,0,1,0,0,0,1,0
34,3.53,2,0,0,0,0,0,0,0,0,1,0,1,4,2,1,3,5,7,11,9,0,1,0,0,0,0,0,0,0,1
33,3.22,3,0,1,1,0,0,1,0,0,0,1,0,1,2,5,2,2,11,7,1,1,0,1,0,0,0,1,0,0,1
26,3.2,4,1,0,1,0,1,0,1,0,1,1,1,1,5,3,3,3,9,12,3,0,0,0,0,0,0,0,1,0,0
30,3.88,0,0,0,0,0,0,1,0,1,1,1,0,5,1,4,5,1,6,4,0,1,0,1,0,0,1,0,0,0,0
24,2.77,0,1,0,1,1,1,0,0,0,0,0,0,5,3,2,4,5,9,12,6,0,1,0,1,0,0,0,0,0,0
24,3.22,8,1,1,0,1,0,1,0,0,0,1,1,1,3,1,4,2,2,12,7,0,0,0,0,0,0,0,0,1,0
24,3.01,0,1,0,0,0,0,1,0,1,1,0,0,5,2,3,1,2,4,8,9,1,0,1,1,0,0,0,0,0,0
23,2.65,4,1,0,1,0,0,1,1,0,1,0,0,3,1,5,3,1,11,3,1,1,1,0,0,0,0,0,1,0,0
28,3.17,3,0,0,1,1,0,0,1,0,1,1,1,3,3,1,4,1,11,3,7,0,0,1,0,0,0,1,0,0,1
30,3.1,2,0,0,1,1,1,1,0,1,0,1,0,3,4,4,4,5,2,12,7,0,0,0,0,0,0,0,0,0,1
32,3.98,6,1,1,0,0,0,0,0,1,0,0,0,5,4,4,4,5,11,4,0,0,1,0,0,0,0,0,0,1,0
34,2.95,7,0,1,1,1,0,0,0,1,1,1,0,5,1,3,5,1,11,7,4,0,0,0,0,0,0,0,0,1,0
22,3.97,3,1,1,1,1,0,1,0,1,0,0,0,4,3,1,1,2,2,12,4,1,1,0,1,0,0,0,0,0,1
29,2.86,2,0,1,1,0,0,0,0,0,0,1,1,5,3,4,2,1,11,7,1,0,0,1,0,0,0,0,0,0,1
35,3.03,5,1,1,1,1,0,0,0,0,0,1,1,4,4,4,5,5,11,7,1,0,0,0,0,0,0,0,1,0,0
25,3.09,8,0,0,0,1,1,0,1,0,0,0,0,2,3,3,5,1,3,10,6,1,0,0,0,0,0,0,0,1,0
28,3.21,7,0,1,1,1,1,1,0,0,0,0,1,3,5,5,4,3,2,12,5,0,0,0,0,0,1,0,0,1,0
25,3.66,6,0,0,0,1,1,0,1,1,0,1,0,3,3,5,3,2,3,7,4,0,1,0,0,1,0,0,0,1,0
26,3.0,7,1,0,1,0,1,1,0,1,0,1,1,5,4,5,3,5,9,12,7,0,1,0,0,1,0,0,0,1,0
27,2.95,4,1,0,0,1,1,0,0,0,1,0,0,4,3,3,5,3,9,6,0,0,0,0,0,1,0,0,1,0,0
35,3.5,6,1,0,0,1,0,1,0,1,1,1,0,1,3,1,1,4,2,7,4,1,0,0,0,0,1,0,0,1,0
30,3.36,8,1,0,0,1,0,0,1,0,1,0,1,4,3,3,4,1,3,8,11,0,0,0,0,0,0,1,0,1,0
24,2.7,2,0,1,1,1,1,0,0,0,1,0,1,3,2,2,5,1,11,0,1,0,0,1,0,0,0,0,0,0,1
27,2.61,0,1,0,1,0,0,0,0,0,0,0,0,5,5,5,5,5,11,1,2,1,0,1,0,0,0,0,0,0,0
33,3.98,5,1,0,1,1,1,0,0,1,1,0,0,5,1,3,2,2,0,10,12,1,0,1,0,0,0,0,1,0,0
21,3.33,7,0,0,1,1,0,0,0,1,1,0,0,2,2,3,2,3,11,4,1,0,0,0,0,1,0,0,0,1,0
21,2.87,1,0,1,0,1,1,0,0,1,0,0,0,2,4,4,2,5,11,4,1,1,1,0,1,0,0,0,0,0,0
28,2.58,0,0,1,0,1,1,0,1,0,0,1,1,4,1,2,1,3,11,3,7,1,1,0,0,0,0,1,0,0,0
27,2.76,1,0,0,1,1,0,1,0,0,0,0,0,5,4,5,1,2,2,12,5,1,1,0,0,1,0,0,0,0,0
25,3.08,7,0,0,0,0,0,1,0,0,0,1,1,5,3,4,2,4,6,11,2,1,1,0,0,0,0,1,0,1,0
33,3.98,6,0,1,0,1,1,1,1,0,0,0,0,5,4,3,5,1,2,12,3,1,1,0,0,0,0,0,0,1,0
33,2.85,5,0,0,0,0,1,0,1,0,1,1,1,3,3,3,2,1,3,7,8,1,0,1,0,0,1,0,1,0,0
26,3.15,0,0,1,0,0,1,1,0,1,0,1,1,2,1,2,1,1,11,7,4,1,1,0,0,0,1,0,0,0,0
26,3.71,0,0,1,0,0,1,0,0,1,0,0,1,5,1,1,1,1,11,4,0,0,1,0,0,0,1,0,0,0,0
34,3.99,0,1,1,1,1,1,1,0,1,0,0,0,2,2,1,3,1,0,10,6,1,0,1,1,0,0,0,0,0,0
24,2.6,1,0,0,0,0,0,1,0,1,0,1,0,5,5,5,1,2,6,4,2,1,0,0,0,0,1,0,0,0,0
24,3.58,7,1,1,0,0,0,0,0,0,1,0,0,5,3,4,5,2,11,1,8,1,0,1,1,0,0,0,0,1,0
24,2.71,3,0,0,1,0,1,0,1,1,0,1,0,3,2,4,3,1,11,3,7,0,0,0,1,0,0,0,0,0,1
29,3.49,1,0,0,1,0,0,0,1,1,0,0,0,1,5,2,1,4,11,3,4,0,0,1,0,1,0,0,0,0,0
24,2.78,3,1,0,0,0,0,1,1,1,0,0,0,5,4,2,2,3,3,4,2,1,0,0,0,0,0,1,0,0,1
23,2.95,0,1,0,1,0,0,0,0,0,0,1,0,4,2,3,4,1,11,7,1,1,0,0,1,0,0,0,0,0,0
27,3.45,7,0,0,0,0,0,1,1,0,1,1,0,5,5,1,1,1,3,7,8,1,0,0,0,0,1,0,0,1,0
28,3.46,1,0,1,1,0,1,0,0,0,0,0,0,1,5,3,2,4,11,1,10,1,0,0,1,0,0,0,0,0,0
32,2.69,2,0,0,0,0,1,1,1,1,0,1,1,5,4,4,4,3,3,7,4,1,1,0,0,1,0,0,0,0,1
29,3.09,3,0,1,0,0,1,1,1,1,1,1,1,5,1,1,3,5,11,3,7,1,1,0,0,0,0,0,0,0,1
33,2.77,5,1,0,1,1,0,0,0,0,1,1,1,3,2,1,5,2,11,7,1,0,0,0,0,0,1,0,1,0,0
23,3.19,3,0,0,1,1,0,0,0,0,1,0,0,5,4,1,5,5,11,1,8,0,0,0,0,0,0,1,0,0,1
26,2.59,0,0,0,0,0,0,0,0,0,0,1,1,5,1,2,2,2,6,11,2,0,1,0,0,1,0,0,0,0,0
22,3.96,4,0,1,0,1,1,1,1,0,1,1,0,2,2,4,5,2,2,12,3,1,0,1,1,0,0,0,1,0,0
35,3.68,6,1,1,1,1,0,1,0,1,0,0,0,4,2,4,5,1,2,12,4,1,0,0,0,0,0,1,0,1,0
22,3.84,8,0,0,0,1,0,0,0,1,1,0,1,1,4,5,5,5,4,0,8,0,1,0,1,0,0,0,0,1,0
24,2.51,0,0,1,1,0,1,1,0,1,1,1,0,5,2,4,3,1,11,7,4,1,1,0,0,1,0,0,0,0,0
24,3.11,5,1,1,1,0,1,0,0,1,0,1,1,5,5,5,3,5,9,12,7,1,1,0,0,1,0,0,1,0,0
25,3.69,5,1,0,0,1,1,1,1,0,0,0,1,3,4,3,2,3,9,6,2,0,0,0,0,0,0,0,1,0,0
22,3.68,6,0,1,1,0,0,1,0,1,0,0,1,1,3,5,5,2,11,4,1,0,0,0,0,0,0,0,0,1,0
35,3.12,7,1,1,1,0,1,1,1,0,0,0,0,1,3,3,4,1,9,12,3,1,0,1,1,0,0,0,0,1,0
25,3.62,6,1,1,1,1,1,1,0,1,0,1,1,2,5,3,3,2,9,6,2,0,0,0,0,1,0,0,0,1,0
33,3.5,1,0,0,1,0,1,1,1,0,0,1,0,2,2,4,2,2,11,3,7,0,1,0,0,1,0,0,0,0,0
35,3.1,1,0,1,0,1,0,0,0,0,1,1,1,4,2,1,4,5,11,7,1,0,1,0,0,0,1,0,0,0,0
34,2.56,5,1,0,0,0,1,0,0,1,1,1,0,4,4,1,1,2,9,7,4,0,0,1,0,1,0,0,1,0,0
27,3.37,5,1,0,1,1,0,1,0,0,1,0,0,2,3,1,3,3,2,12,5,1,0,0,0,0,1,0,1,0,0
30,3.19,4,1,0,1,0,1,1,0,0,1,1,0,1,4,5,1,2,9,12,7,1,0,0,1,0,0,0,1,0,0
30,2.7,5,0,0,0,1,0,0,1,0,0,1,1,4,3,2,3,5,3,7,11,0,0,1,0,0,0,1,1,0,0
22,3.59,0,1,0,1,1,0,0,0,0,1,1,0,3,4,5,2,2,11,7,1,0,1,0,0,0,1,0,0,0,0
34,2.67,5,1,1,1,1,0,0,1,1,0,1,0,5,1,1,1,1,11,3,7,0,0,0,0,1,0,0,1,0,0
21,2.9,1,1,0,0,0,0,1,1,1,0,1,1,4,4,3,1,5,3,7,4,1,1,0,1,0,0,0,0,0,0
28,3.67,7,0,1,1,0,0,1,0,0,0,1,0,4,3,5,5,5,11,7,1,0,1,0,0,0,0,0,0,1,0
24,3.02,8,0,1,0,0,0,1,0,0,0,0,0,3,5,2,5,4,11,1,10,1,1,0,0,0,1,0,0,1,0
24,2.72,1,0,0,1,0,0,1,0,0,1,1,0,3,2,2,3,1,11,7,1,0,1,0,0,0,0,1,0,0,0
30,2.8,4,1,0,1,1,1,1,0,0,1,0,1,1,5,4,3,2,9,6,2,0,0,1,0,1,0,0,1,0,0
30,3.23,1,0,1,0,1,0,0,1,1,1,1,0,1,4,2,1,4,11,3,7,1,0,0,0,0,0,1,0,0,0
27,3.49,5,1,1,1,1,0,0,0,1,0,1,0,1,2,3,2,4,11,7,4,0,0,0,0,0,1,0,1,0,0
22,2.67,7,0,1,0,1,1,0,1,1,0,0,0,2,2,3,3,3,11,3,4,1,0,0,0,0,0,1,0,1,0
35,3.83,7,0,0,1,1,0,0,1,1,1,1,0,1,5,5,2,5,11,3,7,1,0,1,0,0,0,0,0,1,0
28,2.86,6,1,0,1,0,0,1,1,0,0,1,0,5,2,2,2,2,11,3,7,1,1,0,1,0,0,0,0,1,0
34,3.59,0,0,1,1,1,0,0,1,0,0,0,0,3,5,4,5,4,11,3,1,0,0,0,0,0,0,0,0,0,0
21,3.66,6,1,0,1,1,1,0,1,0,1,1,1,4,3,4,3,2,9,12,3,1,0,0,0,0,0,0,0,1,0
32,2.59,5,1,1,0,0,1,0,0,1,1,0,1,2,3,1,4,3,9,12,4,0,0,1,0,0,1,0,1,0,0
29,2.8,8,0,1,0,1,0,1,1,0,1,1,1,3,5,1,5,1,2,12,3,1,0,0,1,0,0,0,0,1,0
22,3.03,4,0,0,1,0,1,1,1,0,0,0,0,3,1,5,1,2,11,3,1,0,1,0,0,0,0,0,1,0,0
22,3.18,3,1,0,0,0,0,1,0,1,0,0,0,1,1,2,2,4,4,10,6,0,0,1,0,0,0,0,0,0,1
27,2.96,3,0,0,0,1,1,0,0,0,1,1,1,4,4,3,4,3,6,8,11,1,0,1,0,0,0,1,0,0,1
24,2.61,1,1,0,0,0,0,0,1,0,1,0,0,4,3,1,1,3,3,8,9,0,0,1,0,1,0,0,0,0,0
26,2.86,4,0,1,0,1,1,1,0,1,0,1,0,1,3,4,4,5,2,12,7,1,1,0,0,1,0,0,1,0,0
22,3.01,6,1,0,0,0,0,0,1,1,1,1,0,1,4,1,3,1,3,7,4,0,0,1,0,0,0,0,0,1,0
30,3.93,3,0,1,1,1,1,0,0,1,0,0,1,1,3,1,1,4,11,4,0,0,0,1,0,0,1,0,0,0,1
26,3.86,0,0,0,0,1,1,1,1,1,0,0,1,3,5,1,3,1,2,3,4,1,1,0,0,0,1,0,0,0,0
31,3.15,0,0,0,0,0,0,1,1,0,0,0,0,3,2,4,2,5,3,10,6,1,1,0,0,0,0,0,0,0,0
22,3.8,8,0,1,1,1,0,1,0,1,1,1,1,4,2,5,2,4,2,12,7,1,0,0,0,1,0,0,0,1,0
35,2.53,2,1,1,1,0,1,0,1,1,0,0,0,1,5,4,5,3,9,12,3,1,1,0,0,0,0,1,0,0,1
26,2.7,2,0,0,1,1,1,0,1,0,1,1,0,3,3,1,1,3,11,3,7,0,0,0,1,0,0,0,0,0,1
27,2.92,8,0,1,1,0,0,0,0,0,1,0,0,1,1,2,5,3,11,1,8,0,0,1,0,0,1,0,0,1,0
32,3.95,2,0,1,0,0,0,0,1,0,1,0,0,1,1,4,2,2,11,3,0,0,0,0,1,0,0,0,0,0,1
35,3.4,0,0,1,0,0,1,1,0,1,1,1,0,4,1,4,5,1,11,7,4,1,0,1,0,0,0,1,0,0,0
31,2.92,0,0,0,1,1,1,0,0,0,1,1,0,5,3,2,4,2,11,7,0,0,0,0,0,0,0,1,0,0,0
21,3.55,3,1,0,1,0,0,1,0,0,0,1,1,5,4,4,5,3,11,7,1,0,0,1,1,0,0,0,0,0,1
27,3.73,3,1,0,0,1,0,1,0,0,1,0,0,5,1,5,1,5,2,0,5,1,0,1,0,0,0,1,0,0,1
25,3.02,6,1,1,0,1,1,1,0,1,1,0,0,3,3,2,1,4,9,6,2,0,0,1,1,0,0,0,0,1,0
21,3.4,6,1,1,1,0,1,0,1,0,0,0,0,4,1,4,1,1,9,12,3,0,1,0,0,0,0,0,0,1,0
35,2.68,0,1,1,0,1,1,1,0,0,1,1,0,3,2,5,1,1,9,6,2,0,1,0,1,0,0,0,0,0,0
22,3.5,3,0,0,0,0,1,1,0,1,0,1,1,2,2,2,3,2,6,4,11,0,1,0,0,1,0,0,0,0,1
35,3.8,0,1,1,0,0,0,0,0,1,1,0,1,5,2,1,5,3,11,4,0,1,0,0,0,0,0,0,0,0,0
23,3.32,0,1,0,0,0,0,1,1,0,1,1,1,5,3,4,5,3,3,7,8,1,1,0,0,0,0,1,0,0,0
27,3.38,7,0,0,1,1,0,1,1,0,1,0,0,5,2,1,2,4,11,2,3,0,0,0,1,0,0,0,0,1,0
32,3.68,2,0,1,1,0,1,1,0,1,1,1,1,3,2,4,5,5,11,7,4,0,0,1,0,1,0,0,0,0,1
32,3.8,7,1,0,0,1,1,0,0,0,0,1,0,2,3,3,5,4,0,10,7,1,1,0,0,0,0,0,0,1,0
29,2.54,7,1,0,1,1,1,1,1,1,1,0,0,5,2,1,2,4,2,10,6,0,0,1,0,0,0,1,0,1,0
21,2.74,3,1,1,1,0,1,0,0,0,1,1,1,1,5,5,5,2,9,12,7,0,0,1,0,0,1,0,0,0,1
34,2.52,1,0,0,0,1,1,1,1,1,1,1,0,5,2,3,3,5,2,3,7,0,0,1,1,0,0,0,0,0,0
25,3.57,8,1,1,1,1,0,1,0,1,1,1,1,3,4,3,5,2,2,12,7,1,0,0,0,0,0,0,0,1,0
31,3.88,3,0,0,1,0,0,0,1,1,0,1,0,2,2,4,5,5,11,3,7,1,0,0,0,0,1,0,0,0,1
30,3.45,0,0,1,1,1,1,1,1,1,0,0,1,3,3,5,1,4,2,12,3,1,1,0,0,1,0,0,0,0,0
32,3.82,6,0,1,0,1,1,0,0,0,1,1,0,1,2,4,4,2,11,7,0,0,0,1,0,1,0,0,0,1,0
29,3.93,5,0,0,1,1,1,1,0,0,0,0,0,1,5,1,2,2,2,12,0,1,0,0,0,0,1,0,1,0,0
28,3.06,2,1,1,0,1,1,1,1,0,0,0,1,2,4,4,2,1,9,6,2,0,1,0,0,0,0,1,0,0,1
29,3.08,8,0,0,0,0,1,0,0,0,1,0,0,5,3,3,4,4,7,9,2,0,0,1,0,0,1,0,0,1,0
33,3.61,8,1,0,1,1,1,1,1,1,0,0,1,1,2,5,3,5,9,6,2,0,1,0,0,0,0,0,0,1,0
28,3.23,7,0,0,0,0,0,0,1,1,1,0,1,5,1,4,4,1,3,4,8,0,0,1,0,1,0,0,0,1,0
26,3.11,1,0,0,1,0,1,0,0,0,0,0,1,2,2,2,3,3,11,1,11,1,0,0,0,1,0,0,0,0,0
21,3.3,3,0,0,0,0,0,1,0,0,1,1,1,2,2,5,3,3,6,8,11,1,0,1,0,0,1,0,0,0,1
26,2.61,6,0,1,1,0,0,1,0,0,1,0,0,5,3,2,1,1,11,1,8,0,1,0,1,0,0,0,0,1,0
25,3.38,4,0,1,1,1,1,0,0,1,1,1,1,3,4,3,4,5,11,7,4,0,0,0,0,0,1,0,1,0,0
29,3.19,0,1,0,1,0,1,0,0,0,0,1,0,2,3,1,1,5,9,12,7,0,0,0,0,0,1,0,0,0,0
33,2.84,1,1,0,1,0,0,0,0,1,0,1,0,5,5,5,5,4,11,7,4,0,0,0,0,1,0,0,0,0,0
33,3.45,4,0,1,1,1,1,0,0,0,0,0,0,4,2,4,2,4,11,1,2,1,0,0,1,0,0,0,1,0,0
24,2.81,2,1,0,1,0,0,0,0,1,0,0,0,5,2,5,2,4,11,4,1,1,1,0,1,0,0,0,0,0,1
28,3.43,4,0,1,0,1,0,0,0,1,0,0,1,3,1,1,2,5,11,4,1,0,0,1,0,0,0,1,1,0,0
22,3.99,1,1,0,0,0,0,0,0,1,1,1,1,5,4,3,4,4,6,4,0,1,0,0,0,0,0,0,0,0,0
28,2.89,2,1,0,1,1,0,1,0,1,1,1,0,1,4,2,5,1,2,12,7,1,1,0,1,0,0,0,0,0,1
32,3.48,1,1,1,0,0,1,0,0,1,0,1,1,4,3,1,5,3,9,12,7,1,0,1,0,0,0,1,0,0,0
21,3.19,0,0,0,0,1,0,0,0,0,1,1,0,4,5,2,1,1,6,8,9,1,1,0,0,0,0,0,0,0,0
26,3.31,1,1,0,0,0,0,0,1,1,1,0,0,1,4,5,3,2,3,4,8,0,1,0,1,0,0,0,0,0,0
24,2.9,0,1,1,1,1,1,0,1,1,1,0,1,3,5,1,1,2,0,10,12,1,0,0,0,0,0,0,0,0,0
28,2.65,7,0,0,1,1,1,0,0,1,1,1,0,2,3,5,3,3,11,7,4,0,0,0,0,0,0,0,0,1,0
33,3.83,5,1,1,1,0,0,1,0,1,1,1,0,3,4,2,1,4,11,7,4,0,0,1,0,0,1,0,1,0,0
34,3.11,4,1,1,1,0,0,0,0,0,1,0,1,3,2,5,1,2,11,1,8,1,0,1,1,0,0,0,1,0,0
28,3.61,8,0,0,1,1,1,1,0,1,1,0,0,2,1,3,5,5,2,12,4,1,0,0,1,0,0,0,0,1,0
35,3.28,3,0,0,0,1,0,1,0,0,0,1,1,3,1,2,5,1,2,7,5,0,1,0,0,0,0,0,0,0,1
23,3.81,6,1,1,1,0,0,1,0,1,0,1,0,3,4,4,2,5,11,7,4,0,0,1,0,0,0,1,0,1,0
31,3.89,6,1,1,1,0,0,0,1,1,1,0,0,1,1,4,5,2,11,3,4,0,1,0,0,0,0,0,0,1,0
23,3.61,3,1,1,1,1,0,1,1,0,0,1,1,1,1,3,5,1,2,12,3,0,1,0,0,0,0,1,0,0,1
21,3.37,4,1,0,1,0,0,0,1,0,1,1,1,1,3,4,2,1,11,3,7,0,1,0,0,0,1,0,1,0,0
34,3.06,5,0,0,0,0,1,1,0,0,0,0,1,4,1,4,4,5,10,2,10,0,0,0,0,0,0,0,1,0,0
26,3.75,5,1,0,1,0,1,0,1,0,1,1,0,5,5,2,5,2,0,10,12,1,0,0,0,0,0,0,1,0,0
31,3.35,5,0,1,1,1,0,0,1,1,1,0,1,3,4,3,1,4,11,3,4,0,0,0,0,0,1,0,1,0,0
21,2.94,1,0,1,1,1,1,1,0,1,0,0,1,2,5,3,1,4,2,12,4,1,1,0,0,1,0,0,0,0,0
30,3.7,7,1,0,0,0,0,1,1,0,1,0,0,5,5,5,4,5,3,8,9,1,1,0,0,0,0,1,0,1,0
21,3.58,5,1,1,1,0,0,1,1,0,0,1,1,4,1,3,5,2,1,12,3,0,0,1,1,0,0,0,1,0,0
34,3.76,4,0,0,1,1,0,0,0,0,0,1,1,5,4,5,3,4,11,7,0,1,0,1,1,0,0,0,1,0,0
28,2.65,8,0,0,1,1,1,1,1,0,1,0,1,4,5,1,4,2,2,12,3,0,0,0,1,0,0,0,0,1,0
28,3.68,5,0,0,1,1,0,1,0,1,0,1,0,4,1,4,5,3,2,12,7,0,0,1,0,0,0,0,1,0,0
32,3.11,8,1,0,1,1,0,0,1,1,0,1,1,1,3,3,3,2,11,3,7,0,0,0,0,0,0,0,0,1,0
34,3.06,6,0,0,1,0,1,1,0,1,0,1,1,3,4,5,2,1,11,7,4,0,0,1,1,0,0,0,0,1,0
24,3.71,8,1,0,0,1,1,0,0,1,0,0,0,5,4,2,2,3,0,10,4,0,1,0,0,0,1,0,0,1,0
23,2.98,0,0,1,1,1,0,0,1,1,1,1,0,2,5,4,3,4,11,3,7,0,1,0,1,0,0,0,0,0,0
27,3.25,5,1,1,1,0,1,0,1,1,1,0,1,2,1,4,3,1,9,12,3,1,0,1,1,0,0,0,1,0,0
31,3.13,4,0,1,1,1,1,0,0,0,0,0,1,2,2,4,1,1,11,1,11,0,1,0,0,1,0,0,1,0,0
24,3.98,8,0,1,0,0,0,0,1,0,0,1,0,1,1,2,1,4,11,3,7,0,1,0,1,0,0,0,0,1,0
23,3.1,1,1,1,0,1,0,0,1,0,1,0,1,4,4,5,1,1,11,3,1,1,1,0,0,1,0,0,0,0,0
30,3.33,0,0,1,0,1,0,0,0,0,1,0,0,1,5,1,2,4,11,1,8,0,0,1,0,0,0,1,0,0,0
22,2.53,6,0,0,0,1,1,0,0,1,1,1,1,1,1,5,1,2,6,4,8,1,0,1,0,0,0,0,0,1,0
29,3.13,3,0,0,0,0,1,0,0,1,1,0,1,4,2,3,4,3,4,8,11,1,0,1,0,0,1,0,0,0,1
29,3.9,5,0,1,1,0,1,0,0,0,0,1,0,4,1,2,2,5,11,7,0,0,0,1,0,1,0,0,1,0,0
26,2.69,6,1,0,1,1,1,0,0,0,0,0,0,2,5,2,1,1,9,12,6,0,0,1,0,1,0,0,0,1,0
22,3.92,7,0,1,0,1,1,1,1,0,0,1,1,1,2,4,2,5,2,12,3,0,1,0,0,0,1,0,0,1,0
29,3.46,4,1,1,1,1,1,1,0,0,1,1,0,2,2,5,1,3,9,6,2,1,0,1,1,0,0,0,1,0,0
23,2.74,2,0,1,1,1,1,1,1,0,1,0,1,1,2,3,2,3,2,12,3,1,0,0,0,0,1,0,0,0,1
34,3.14,6,1,1,0,0,0,1,0,0,1,0,0,1,3,2,1,2,11,1,8,1,0,0,1,0,0,0,0,1,0
25,2.63,2,1,1,1,1,1,1,1,0,1,0,1,1,2,3,4,5,9,6,2,0,1,0,1,0,0,0,0,0,1
34,2.56,5,0,0,0,1,1,1,1,1,1,0,0,5,5,2,5,4,2,3,4,1,0,0,0,0,0,0,1,0,0
31,3.73,3,0,1,0,1,0,0,0,0,1,1,1,2,5,3,5,4,11,7,0,0,0,1,0,0,0,1,0,0,1
27,3.49,7,1,1,0,1,1,0,1,1,0,1,1,3,2,3,1,5,9,12,3,0,0,1,0,0,1,0,0,1,0
23,3.86,4,0,1,1,0,1,1,1,0,1,0,1,2,2,5,1,3,11,3,0,0,1,0,1,0,0,0,1,0,0
28,3.15,6,0,0,1,1,0,1,1,1,0,0,0,3,5,3,1,4,3,2,12,0,0,0,1,0,0,0,0,1,0
29,2.95,8,1,0,1,1,1,1,0,0,1,1,1,1,2,4,2,4,9,6,2,0,0,0,0,0,0,0,0,1,0
30,3.62,1,1,1,0,0,1,1,0,0,1,0,0,1,5,4,2,5,9,12,6,1,0,0,1,0,0,0,0,0,0
21,3.62,4,0,1,1,1,0,0,0,1,0,0,1,4,2,3,5,5,11,4,1,0,1,0,0,0,1,0,1,0,0
24,2.54,2,0,0,0,1,1,1,1,1,1,1,1,1,2,1,2,3,2,3,7,1,0,0,0,0,0,0,0,0,1
25,3.78,2,1,1,0,1,0,1,1,0,0,1,1,1,2,3,1,1,2,12,3,1,0,1,0,0,0,1,0,0,1
35,2.64,1,0,1,0,0,1,0,1,0,1,1,1,3,4,4,2,2,11,3,7,0,0,1,0,1,0,0,0,0,0
21,2.93,5,1,0,0,1,0,0,0,0,1,0,0,2,4,1,4,2,7,9,10,0,0,0,0,0,1,0,1,0,0
34,3.37,2,0,0,0,0,1,1,0,0,0,0,0,2,1,4,4,3,9,6,0,1,1,0,0,0,0,1,0,0,1
33,2.93,2,0,0,1,0,0,1,0,0,0,0,0,5,1,1,1,3,11,1,8,1,0,0,0,0,1,0,0,0,1
33,3.44,6,0,0,1,1,1,1,1,0,0,1,1,3,3,5,3,3,2,12,3,1,0,0,0,1,0,0,0,1,0
21,2.75,4,0,0,0,1,0,1,1,0,1,0,0,3,4,2,3,5,2,3,5,1,1,0,0,0,0,0,1,0,0
25,3.53,4,0,1,1,0,0,1,1,1,1,0,1,5,3,5,5,5,11,3,4,0,0,0,0,0,0,1,1,0,0
24,2.7,1,1,0,1,0,0,0,1,1,1,1,0,1,5,2,4,2,11,3,7,0,0,0,1,0,0,0,0,0,0
34,3.28,6,0,1,1,0,0,1,0,1,0,0,1,2,1,1,5,4,11,4,1,0,0,1,0,0,0,1,0,1,0
24,3.51,2,0,1,0,0,0,0,1,0,0,1,0,4,2,1,5,5,1,12,3,0,0,1,0,1,0,0,0,0,1
34,2.66,8,1,1,1,0,0,0,0,1,1,1,1,5,4,2,3,1,11,7,4,0,0,1,0,0,0,1,0,1,0
29,3.88,4,0,0,1,0,0,0,1,1,1,1,1,2,1,5,3,3,11,3,7,1,0,1,0,0,0,1,1,0,0
27,2.56,5,1,0,1,1,1,0,0,1,0,0,1,4,4,2,1,1,9,12,4,1,0,0,0,1,0,0,1,0,0
27,2.55,0,1,0,1,0,0,0,0,0,1,0,1,3,3,3,2,5,11,1,8,0,1,0,0,0,1,0,0,0,0
22,3.22,5,0,0,0,1,0,1,1,0,1,1,1,5,1,3,5,5,2,3,7,0,0,0,0,1,0,0,1,0,0
31,3.45,7,1,0,1,0,1,0,1,0,1,1,1,5,2,2,5,5,9,12,3,1,0,0,0,1,0,0,0,1,0
23,3.01,7,1,1,0,1,0,1,1,0,0,0,0,5,4,3,4,3,2,5,12,1,0,0,0,0,0,0,0,1,0
24,2.52,8,0,0,0,1,1,0,1,0,0,1,0,4,3,5,3,4,3,7,2,0,0,1,1,0,0,0,0,1,0
23,3.47,0,0,1,0,1,0,0,0,0,1,1,1,4,3,1,2,5,11,7,1,1,1,0,0,0,0,1,0,0,0
23,3.71,6,0,0,0,0,1,1,0,0,1,1,0,1,4,5,1,4,6,0,8,1,0,1,0,0,0,1,0,1,0
34,2.8,5,0,0,1,0,1,1,0,0,0,0,0,3,5,5,4,3,11,1,7,0,0,0,0,0,1,0,1,0,0
31,2.94,4,0,1,1,1,0,0,0,0,1,0,0,5,5,5,4,5,11,1,8,1,0,0,0,0,0,1,1,0,0
23,2.7,0,1,1,0,0,0,0,0,0,1,0,0,1,4,1,4,2,11,1,8,0,0,1,0,0,0,0,0,0,0
25,2.52,0,0,1,1,0,0,1,1,1,0,1,1,3,5,4,4,5,11,3,7,0,0,1,1,0,0,0,0,0,0
32,2.92,3,1,0,1,1,0,1,0,0,0,0,0,3,1,2,5,3,2,12,5,0,1,0,0,0,1,0,0,0,1
22,3.47,6,0,0,1,1,0,0,1,0,0,1,0,4,2,5,3,4,11,3,7,1,0,1,1,0,0,0,0,1,0
21,2.6,4,1,1,0,1,1,1,1,1,1,0,0,2,5,1,3,3,9,6,2,1,0,0,0,0,0,0,1,0,0
21,2.69,7,1,0,1,0,1,1,0,0,1,0,1,1,3,4,1,2,9,12,6,1,1,0,0,1,0,0,0,1,0
35,3.04,3,1,1,0,0,0,1,1,1,1,1,0,5,2,2,3,1,11,3,7,1,0,1,0,0,0,0,0,0,1
34,3.4,2,0,1,0,0,0,1,0,1,1,0,1,2,1,2,4,4,11,4,1,1,0,1,0,0,0,1,0,0,1
23,3.75,1,1,1,0,1,0,1,0,0,1,0,0,5,5,3,3,5,2,12,0,1,1,0,0,0,1,0,0,0,0
21,3.25,1,0,0,1,0,0,1,0,1,0,1,0,1,2,1,4,4,11,7,4,0,0,1,1,0,0,0,0,0,0
28,3.28,4,1,1,0,0,1,1,1,1,1,0,1,4,2,3,4,3,3,10,12,0,0,0,0,0,0,1,1,0,0
29,3.74,6,1,0,1,1,1,1,1,0,1,1,0,5,4,2,1,1,0,2,10,1,0,1,1,0,0,0,0,1,0
30,3.65,7,1,1,1,0,0,0,1,0,1,1,1,3,5,2,3,1,11,3,7,1,1,0,0,0,1,0,0,1,0
35,3.97,1,0,0,1,0,0,0,0,0,0,1,1,2,1,3,5,4,11,7,0,0,0,1,0,0,0,1,0,0,0
32,3.76,7,0,0,0,1,0,0,0,0,1,1,1,2,4,3,4,2,6,0,8,0,0,0,0,0,1,0,0,1,0
33,3.83,3,0,0,1,0,1,0,0,0,1,1,0,3,4,5,5,2,11,7,0,1,0,0,1,0,0,0,0,0,1
24,3.17,4,0,1,0,1,1,1,0,1,1,1,1,3,5,3,1,2,2,12,7,0,0,1,0,0,1,0,1,0,0
34,3.32,1,0,1,1,1,1,0,0,1,1,0,1,2,4,3,4,4,11,4,1,1,0,0,1,0,0,0,0,0,0
23,3.36,3,1,0,0,0,0,0,1,0,0,1,0,4,2,1,5,5,3,7,2,1,0,1,0,0,0,0,0,0,1
33,3.12,1,0,0,1,0,1,0,0,1,1,1,1,1,1,2,2,5,11,7,4,0,0,1,0,1,0,0,0,0,0
34,3.53,3,0,1,0,0,1,0,0,1,0,0,0,4,2,2,2,5,11,4,1,1,0,0,0,0,1,0,0,0,1
30,2.64,1,0,1,1,1,0,0,1,0,1,0,0,1,2,2,5,3,11,3,1,1,0,0,0,0,0,1,0,0,0
30,2.76,2,0,0,1,0,1,1,1,1,1,0,1,1,5,5,3,3,11,3,4,0,0,0,1,0,0,0,0,0,1
26,2.6,1,1,0,1,0,0,0,0,1,1,0,0,4,5,5,5,5,11,4,1,1,0,1,0,0,0,0,0,0,0
31,2.76,8,0,0,0,0,1,0,1,0,0,0,1,2,2,1,4,3,3,11,10,1,1,0,0,0,0,1,0,1,0
34,2.52,1,0,1,0,1,1,1,1,0,0,1,0,5,1,1,4,5,2,12,3,1,1,0,0,1,0,0,0,0,0
28,3.09,6,1,0,0,1,0,0,1,1,1,0,1,2,3,1,5,3,3,4,8,0,0,0,0,0,0,1,0,1,0
29,3.56,8,1,1,1,1,0,0,0,0,0,1,0,5,3,3,2,2,11,7,1,1,0,1,0,0,0,1,0,1,0
31,2.76,0,1,0,0,0,1,1,1,0,1,0,0,5,5,4,1,2,9,3,6,1,0,1,0,0,1,0,0,0,0
34,3.77,0,1,0,0,1,0,0,0,0,1,1,1,3,2,1,5,2,6,0,8,1,1,0,0,0,0,0,0,0,0
23,2.96,8,0,0,0,0,1,0,0,0,1,1,1,3,1,3,1,1,7,7,11,0,0,1,0,0,0,1,0,1,0
21,3.49,5,0,1,1,1,0,1,1,1,0,0,1,2,3,3,1,4,2,12,3,0,0,0,0,0,1,0,1,0,0
32,3.63,3,1,0,0,1,0,1,0,1,1,1,0,1,4,5,5,4,2,7,4,1,1,0,1,0,0,0,0,0,1
22,3.17,2,0,1,1,1,1,0,1,0,1,0,0,1,1,1,4,1,11,3,1,0,0,1,0,0,1,0,0,0,1
34,3.79,7,1,1,0,1,1,1,0,0,0,1,0,1,2,2,3,4,0,10,6,0,1,0,0,0,1,0,0,1,0
28,3.0,4,0,0,1,0,0,0,1,0,1,1,1,5,4,2,4,4,11,3,7,0,1,0,0,0,0,0,1,0,0
22,3.94,1,1,0,0,1,0,1,1,0,0,0,1,5,2,3,2,1,2,3,0,1,0,0,0,0,0,1,0,0,0
22,3.24,2,1,0,0,1,0,1,1,0,1,1,1,5,3,3,1,2,2,3,7,0,1,0,0,0,0,0,0,0,1
34,3.87,5,0,1,1,0,1,0,0,0,0,0,0,3,5,5,1,2,11,0,1,1,1,0,0,0,0,0,1,0,0
29,3.17,6,0,1,0,0,0,1,1,0,1,0,1,4,4,4,5,2,11,3,1,1,0,1,0,0,0,0,0,1,0
31,2.67,4,1,1,0,1,1,0,0,1,1,1,1,4,5,2,2,5,9,12,7,0,0,1,0,0,1,0,1,0,0
35,2.94,8,0,1,0,0,1,1,1,1,0,1,1,5,1,4,1,1,11,3,7,0,0,1,1,0,0,0,0,1,0
33,2.64,4,0,1,0,0,1,1,1,0,1,1,0,2,4,4,2,3,11,3,7,1,1,0,0,1,0,0,1,0,0
29,2.91,2,0,0,1,1,1,0,1,0,1,1,0,3,1,4,4,2,11,3,7,0,0,1,0,1,0,0,0,0,1
24,3.17,2,1,1,0,0,0,0,1,1,1,0,0,2,1,2,3,4,11,3,4,0,0,1,0,0,0,0,0,0,1
35,3.07,0,0,1,1,0,1,0,1,1,0,1,0,4,1,4,2,3,11,3,7,0,1,0,0,0,1,0,0,0,0
29,3.15,2,1,1,1,1,0,1,1,1,0,0,0,1,4,4,2,1,2,12,3,1,0,1,0,0,0,0,0,0,1
31,3.42,3,0,0,0,1,1,0,1,1,0,0,1,5,1,2,5,3,3,4,11,1,0,0,0,1,0,0,0,0,1
32,3.57,4,0,1,0,1,0,1,0,0,1,0,0,3,3,1,2,1,2,12,5,0,0,1,0,1,0,0,1,0,0
21,3.92,3,0,0,0,0,1,0,1,0,0,0,1,1,3,4,5,4,3,0,11,1,0,0,0,0,0,0,0,0,1
32,3.37,3,0,0,1,1,1,1,0,1,1,0,1,1,3,1,3,2,8,2,12,0,0,0,0,0,1,0,0,0,1
30,3.29,1,0,1,0,0,1,0,1,0,1,1,0,5,5,3,1,5,11,3,7,1,0,1,0,0,0,0,0,0,0
27,3.78,2,1,0,1,1,0,1,0,1,0,0,1,3,1,5,1,3,2,12,4,0,0,0,1,0,0,0,0,0,1
27,2.98,8,0,0,0,1,0,0,0,0,1,1,0,2,2,1,3,5,6,8,9,1,0,1,1,0,0,0,0,1,0
30,3.3,3,1,0,1,1,1,1,1,1,1,0,0,2,3,2,2,1,9,6,2,0,0,1,0,1,0,0,0,0,1
21,3.23,2,1,0,0,0,0,1,0,1,0,1,0,1,5,4,3,4,6,4,10,0,0,0,0,0,0,0,0,0,1
32,2.84,7,1,1,0,0,1,0,1,0,0,0,1,4,2,5,3,5,9,12,3,1,0,1,0,0,1,0,0,1,0
33,2.55,8,0,0,0,0,1,0,1,0,0,1,0,4,1,5,5,1,3,7,2,0,0,0,0,0,0,0,0,1,0
26,2.97,6,1,1,0,1,1,0,1,0,0,0,0,4,4,5,2,3,9,12,3,1,0,0,0,0,0,1,0,1,0
26,3.65,2,0,1,1,0,0,1,1,0,0,0,0,3,4,5,3,1,11,3,1,1,0,0,0,1,0,0,0,0,1
34,3.41,5,1,0,0,0,0,1,0,1,0,0,1,5,5,2,5,3,4,11,2,0,0,0,0,1,0,0,1,0,0
26,2.9,6,1,1,1,0,0,1,1,1,1,0,1,5,4,3,5,2,11,3,4,1,0,0,0,0,0,1,0,1,0
30,3.71,5,1,0,1,0,0,0,1,0,1,0,1,2,2,3,4,1,11,3,0,0,1,0,0,1,0,0,1,0,0
35,2.62,6,0,0,1,1,1,1,1,1,0,1,1,3,3,3,5,4,2,12,3,0,0,0,0,1,0,0,0,1,0
29,2.64,2,1,1,0,0,0,0,1,1,0,1,0,1,1,2,2,1,11,3,7,0,1,0,1,0,0,0,0,0,1
33,3.13,6,0,1,1,1,1,1,0,0,1,0,1,2,5,4,2,1,2,12,5,1,1,0,0,0,1,0,0,1,0
28,3.72,6,1,1,0,0,0,0,1,1,1,1,1,5,5,5,5,3,3,12,7,1,0,1,0,0,1,0,0,1,0
27,3.65,3,1,0,0,1,0,0,1,0,0,1,0,5,5,5,2,2,3,7,2,1,0,1,0,0,0,0,0,0,1
28,3.59,3,0,1,1,1,1,1,1,1,1,0,0,3,1,5,1,1,2,12,3,0,0,0,0,0,0,0,0,0,1
24,3.33,1,1,1,1,0,1,0,1,1,1,0,0,5,4,2,2,5,9,12,3,0,0,0,0,0,1,0,0,0,0
35,2.74,2,0,0,1,1,1,0,1,0,0,0,0,2,4,3,2,4,11,3,1,0,0,0,0,0,0,1,0,0,1
33,3.22,7,1,0,1,0,1,0,0,0,0,1,0,5,3,1,4,1,9,12,7,0,0,1,0,1,0,0,0,1,0
26,2.77,7,0,0,0,0,1,1,1,0,0,0,0,1,4,1,1,4,3,10,6,1,0,1,1,0,0,0,0,1,0
32,3.45,3,1,1,1,0,0,0,0,0,1,1,0,3,5,4,4,1,11,7,1,0,0,1,0,0,0,1,0,0,1
27,3.24,7,0,0,1,1,0,0,0,1,1,1,1,2,2,4,5,2,11,7,4,1,1,0,0,1,0,0,0,1,0
22,3.54,0,0,0,1,1,0,1,1,0,1,1,0,4,3,4,1,1,2,12,3,1,0,1,0,0,0,0,0,0,0
27,3.08,0,1,0,1,1,0,1,1,0,1,0,1,2,5,4,1,3,2,12,3,0,0,1,0,0,0,1,0,0,0
25,3.3,5,1,0,0,0,1,0,0,1,1,0,0,2,2,4,1,2,9,4,6,0,0,0,0,1,0,0,1,0,0
35,2.9,0,0,1,0,1,1,1,1,0,1,0,0,4,3,2,1,5,2,12,3,0,0,0,0,0,0,0,0,0,0
24,3.08,6,1,0,1,1,0,0,1,1,1,0,1,2,1,4,5,5,11,3,4,0,0,0,0,0,1,0,0,1,0
23,2.84,1,1,1,1,1,0,0,0,1,1,0,0,3,4,2,2,5,11,4,1,0,0,1,0,0,0,1,0,0,0
23,3.96,3,0,1,0,0,1,0,0,0,0,0,1,3,5,5,5,5,11,0,1,0,0,1,1,0,0,0,0,0,1
28,3.86,1,1,1,0,1,1,0,0,0,1,1,0,3,4,1,1,1,0,10,12,0,0,1,1,0,0,0,0,0,0
23,3.91,1,1,0,0,1,1,1,0,0,1,0,1,3,3,3,4,3,0,10,6,0,0,1,0,0,1,0,0,0,0
32,2.53,0,0,1,1,1,0,0,1,0,1,0,1,2,5,1,4,2,11,3,1,1,0,1,0,0,1,0,0,0,0
29,3.33,7,0,1,0,0,1,0,1,1,1,0,0,2,5,1,4,3,11,3,4,1,0,0,1,0,0,0,0,1,0
32,3.94,2,0,1,1,1,0,0,0,1,0,1,1,1,2,4,4,1,11,7,4,0,0,0,0,1,0,0,0,0,1
34,3.28,5,0,1,0,0,0,0,1,1,0,1,0,1,3,5,3,4,11,3,7,0,0,0,0,0,0,0,1,0,0
28,3.98,2,0,0,0,1,0,0,0,0,0,1,1,2,2,4,1,1,6,0,11,1,1,0,0,0,0,1,0,0,1
34,2.79,8,0,0,0,1,1,1,1,0,1,1,0,5,4,2,3,5,2,3,7,0,0,1,0,0,0,0,0,1,0
22,3.37,6,1,1,0,1,1,1,1,1,0,1,0,4,5,1,3,4,2,10,6,1,1,0,0,0,0,0,0,1,0
24,3.62,3,0,1,1,0,1,0,0,0,0,0,1,2,2,2,3,5,11,1,7,0,0,0,0,0,1,0,0,0,1
31,3.29,2,0,0,0,0,1,1,1,1,1,1,0,2,5,1,2,2,3,7,4,1,0,1,0,1,0,0,0,0,1
33,2.52,8,1,1,1,0,1,1,1,1,0,1,0,4,4,3,2,2,9,12,3,0,0,0,0,1,0,0,0,1,0
29,3.56,7,0,0,0,0,0,0,0,1,1,1,0,5,4,2,3,2,6,4,8,0,1,0,0,0,0,0,0,1,0
30,3.01,5,0,0,1,0,1,1,0,1,1,1,1,5,4,1,4,3,11,7,4,1,0,0,0,0,1,0,1,0,0
31,2.75,5,1,1,0,0,0,1,0,1,1,1,1,3,4,2,5,1,11,7,4,1,1,0,1,0,0,0,1,0,0
23,3.85,1,0,0,0,1,0,0,1,1,1,0,0,4,2,2,1,1,3,4,0,0,0,1,0,1,0,0,0,0,0
25,3.92,6,0,0,0,1,1,1,1,0,0,0,0,4,5,3,3,4,2,3,0,0,1,0,0,0,0,1,0,1,0
22,3.25,8,1,1,0,1,0,1,0,1,0,0,0,5,2,1,3,1,2,12,4,1,0,0,0,0,0,1,0,1,0
30,3.26,5,0,0,0,0,0,0,0,0,1,0,0,1,1,1,1,2,7,9,10,1,0,1,1,0,0,0,1,0,0
22,3.93,7,0,1,1,1,1,0,1,0,0,0,0,4,4,5,4,4,11,3,0,1,0,1,0,1,0,0,0,1,0
30,2.75,8,0,0,1,0,0,1,0,0,1,0,0,2,5,4,3,4,11,1,8,0,0,0,0,0,0,1,0,1,0
30,3.93,0,0,1,1,0,0,0,1,1,1,0,0,4,3,4,3,2,11,3,4,0,0,0,0,0,0,1,0,0,0
34,3.09,3,0,0,1,1,0,1,1,1,0,1,1,2,2,2,4,1,2,12,3,1,0,1,0,0,0,0,0,0,1
33,3.53,8,0,0,1,0,1,1,0,0,0,1,1,2,3,2,2,5,11,7,1,0,0,0,0,0,0,1,0,1,0
26,3.74,7,0,0,1,1,0,0,0,0,1,1,0,2,3,1,4,3,11,7,0,0,1,0,0,0,0,1,0,1,0
33,2.74,7,1,0,0,0,1,1,0,0,0,1,0,1,5,2,2,5,9,7,6,1,0,0,1,0,0,0,0,1,0
26,3.75,8,0,1,1,1,0,1,1,0,1,0,0,3,1,3,2,3,2,12,3,0,0,1,0,1,0,0,0,1,0
32,3.8,5,0,1,1,1,1,0,0,0,0,1,1,2,5,3,2,5,11,7,0,0,0,1,0,0,1,0,1,0,0
35,3.69,7,1,0,0,0,1,1,1,1,0,0,1,4,5,3,1,4,9,3,4,0,1,0,0,0,0,1,0,1,0
29,2.83,8,0,1,1,1,1,1,1,0,1,0,1,3,2,1,2,2,5,2,12,0,1,0,1,0,0,0,0,1,0
28,3.37,6,1,0,0,1,1,1,1,1,0,1,1,1,1,1,3,4,9,6,2,0,1,0,1,0,0,0,0,1,0
27,3.65,6,1,0,1,0,0,0,0,0,0,0,1,4,1,2,4,5,11,1,11,0,1,0,0,1,0,0,0,1,0
28,3.27,5,0,1,0,1,0,0,0,0,1,0,1,1,3,5,4,2,11,1,8,1,1,0,0,0,0,1,1,0,0
32,3.75,4,0,0,0,1,0,0,0,1,0,1,0,5,1,5,4,5,6,4,0,1,0,0,1,0,0,0,1,0,0
35,3.42,7,1,1,0,1,1,0,0,1,0,1,0,4,3,5,4,3,9,12,7,0,1,0,0,0,1,0,0,1,0
33,2.5,6,0,1,0,1,0,1,0,1,0,1,1,3,1,3,4,2,2,12,7,0,0,1,0,0,0,1,0,1,0
34,3.03,6,0,0,0,1,0,0,0,0,0,1,0,2,1,1,2,4,6,10,6,0,1,0,1,0,0,0,0,1,0
28,3.86,4,0,1,1,0,1,1,0,0,0,1,0,3,3,4,1,2,11,7,0,0,0,0,0,0,1,0,1,0,0
24,3.56,1,1,1,1,1,0,1,0,1,1,0,1,5,5,5,3,4,2,12,4,1,1,0,0,0,1,0,0,0,0
23,2.89,5,0,1,1,1,1,1,0,0,1,1,0,5,2,4,3,4,2,12,7,1,0,0,0,1,0,0,1,0,0
25,3.25,8,0,0,0,0,0,1,1,0,0,0,0,4,4,3,4,3,3,2,10,0,0,1,1,0,0,0,0,1,0
21,2.87,0,1,0,1,0,0,0,1,1,1,0,0,2,5,2,4,1,11,3,4,0,0,0,0,0,1,0,0,0,0
28,3.52,0,0,0,1,1,0,1,0,1,1,1,0,1,2,5,2,2,2,12,7,0,1,0,0,1,0,0,0,0,0
31,3.17,6,0,0,1,1,1,1,1,1,1,0,1,2,2,4,4,2,2,12,3,0,0,0,0,1,0,0,0,1,0
23,3.67,0,0,1,0,1,1,1,0,0,1,1,1,3,1,1,5,1,2,12,7,1,0,0,0,0,0,1,0,0,0
34,3.61,4,0,1,1,1,0,1,0,1,0,1,1,4,2,3,4,1,2,12,7,1,1,0,0,0,0,0,1,0,0
29,3.29,5,0,1,0,1,1,1,1,1,1,0,0,4,4,3,3,3,2,12,3,1,0,1,0,0,0,0,1,0,0
24,3.54,2,0,1,1,1,0,0,0,0,1,0,0,3,2,5,4,3,11,1,8,1,0,1,0,0,0,1,0,0,1
28,3.12,4,1,0,1,0,1,1,1,1,1,1,0,4,3,4,5,3,9,12,3,0,0,0,1,0,0,0,1,0,0
23,3.79,7,1,1,0,0,0,1,1,0,0,0,1,2,1,3,5,2,11,3,6,0,0,0,1,0,0,0,0,1,0
23,2.96,8,1,1,1,0,0,0,0,1,0,1,1,3,2,5,4,4,11,7,4,0,0,0,0,0,0,0,0,1,0
28,2.87,5,0,0,1,0,1,0,1,0,1,0,1,1,5,5,3,4,11,3,1,0,1,0,0,0,0,1,1,0,0
30,3.92,1,1,0,0,0,1,0,1,0,0,1,1,4,2,2,1,2,0,10,3,0,1,0,0,0,0,0,0,0,0
32,3.84,5,0,0,1,0,1,0,0,0,1,1,0,5,3,2,1,5,11,7,0,1,0,1,1,0,0,0,1,0,0
27,3.45,7,0,0,0,0,1,1,0,1,1,0,0,4,4,3,3,2,4,8,9,1,0,0,0,0,1,0,0,1,0
29,3.9,5,0,0,1,0,1,0,1,0,0,0,1,1,1,1,3,1,11,3,0,0,1,0,1,0,0,0,1,0,0
24,3.51,0,1,1,0,0,1,1,1,1,0,0,0,5,1,5,4,2,9,12,3,0,0,0,0,1,0,0,0,0,0
32,2.82,5,0,0,1,1,1,0,1,1,1,1,0,2,5,1,1,4,11,3,7,1,0,1,0,0,1,0,1,0,0
25,2.68,2,0,0,1,1,1,0,0,0,1,1,0,5,5,5,1,4,11,7,1,1,0,1,1,0,0,0,0,0,1
23,3.65,4,0,0,0,0,0,1,0,1,1,0,1,3,2,4,2,4,4,8,11,0,0,1,0,0,0,1,1,0,0
33,2.86,4,0,1,1,0,0,0,1,0,1,1,0,3,4,5,4,1,11,3,7,0,1,0,0,0,0,0,1,0,0
33,3.0,2,0,0,1,1,0,1,0,0,0,0,0,1,5,5,3,5,2,12,5,0,1,0,0,1,0,0,0,0,1
28,3.4,2,1,0,1,1,0,0,0,0,1,1,1,5,3,2,1,1,11,7,1,0,1,0,0,0,1,0,0,0,1
22,2.75,6,0,0,0,1,1,1,1,0,0,1,1,1,4,2,1,3,2,3,7,1,0,1,0,0,0,1,0,1,0
21,2.92,0,1,1,0,1,1,0,1,0,0,1,0,2,5,3,4,3,9,12,3,0,0,1,0,0,1,0,0,0,0
32,2.63,2,0,1,1,1,1,0,1,0,0,1,1,5,1,5,5,3,11,3,7,0,0,1,0,0,0,0,0,0,1
29,3.43,6,0,1,1,0,0,1,0,1,0,1,0,2,4,4,3,5,11,7,4,0,0,1,0,0,1,0,0,1,0
21,3.93,1,0,0,1,0,1,1,0,0,0,1,1,3,4,3,2,4,11,7,0,0,0,1,0,1,0,0,0,0,0
25,3.72,0,1,1,0,1,0,0,0,0,1,0,0,4,2,4,1,4,11,0,1,0,1,0,0,1,0,0,0,0,0
23,2.61,7,1,1,1,1,0,1,1,1,1,1,1,4,2,2,5,4,2,12,3,0,1,0,1,0,0,0,0,1,0
32,3.36,3,0,1,1,0,1,0,0,0,0,0,0,4,2,2,1,4,11,1,2,1,0,1,0,0,0,1,0,0,1
27,2.85,7,0,0,1,1,0,0,1,1,0,1,1,2,2,1,2,2,11,3,7,1,1,0,0,1,0,0,0,1,0
34,3.66,8,0,1,0,1,1,1,1,0,0,0,1,3,3,4,5,1,2,12,3,1,1,0,0,1,0,0,0,1,0
22,3.58,5,1,1,1,1,1,1,1,1,1,1,1,3,5,3,3,4,9,6,2,1,0,0,0,1,0,0,1,0,0
25,3.31,4,1,0,0,1,1,1,1,0,0,0,1,3,3,3,5,2,9,6,2,1,0,1,0,1,0,0,1,0,0
25,3.19,0,1,0,1,1,1,0,1,1,1,1,0,3,1,3,2,2,9,12,3,1,1,0,0,0,0,1,0,0,0
26,3.73,1,0,1,1,1,0,1,1,0,1,0,1,1,4,1,4,3,2,12,3,1,0,1,1,0,0,0,0,0,0
28,2.98,0,0,0,1,1,1,1,0,1,0,0,0,1,1,2,4,5,2,12,4,0,0,0,0,0,1,0,0,0,0
25,3.0,5,0,1,1,1,0,1,0,0,1,1,0,3,4,5,1,2,1,2,12,1,0,0,0,1,0,0,1,0,0
31,3.38,8,0,1,1,1,1,1,0,0,0,0,0,2,5,3,1,4,2,12,5,1,1,0,1,0,0,0,0,1,0
24,2.65,2,1,0,1,1,0,0,1,1,0,1,1,1,2,5,4,3,11,3,7,0,1,0,0,1,0,0,0,0,1
30,3.39,0,1,1,1,1,1,1,1,0,1,0,1,2,5,1,5,3,9,6,2,0,1,0,1,0,0,0,0,0,0
23,3.74,4,0,1,0,0,1,0,0,1,1,1,0,5,3,3,1,3,11,7,4,1,1,0,0,0,0,1,1,0,0
23,2.73,2,0,1,1,1,0,0,1,0,0,1,0,2,5,3,2,5,11,3,7,0,0,1,0,1,0,0,0,0,1
35,2.61,7,0,0,0,1,1,0,1,1,1,0,1,1,4,4,4,3,3,4,8,0,0,0,1,0,0,0,0,1,0
25,3.48,2,0,0,0,1,1,1,1,0,1,0,1,5,3,5,2,2,2,3,5,1,0,0,0,0,1,0,0,0,1
28,2.69,4,1,0,1,1,0,1,0,0,1,1,0,2,3,2,3,5,2,12,7,1,1,0,0,0,1,0,1,0,0
27,3.91,1,0,1,1,1,0,0,1,1,1,1,1,2,5,4,2,2,11,3,7,1,1,0,0,0,1,0,0,0,0
25,3.93,7,0,0,0,1,1,0,0,0,0,1,0,5,5,1,3,5,6,0,2,0,0,1,0,1,0,0,0,1,0
32,3.38,2,1,1,1,0,1,1,1,0,0,1,1,2,2,1,2,2,9,12,3,1,1,0,1,0,0,0,0,0,1
31,3.79,6,1,0,1,0,0,1,0,1,1,0,1,2,1,2,4,2,11,4,0,0,0,1,1,0,0,0,0,1,0
24,3.6,5,1,0,1,1,1,1,0,0,1,0,1,1,2,2,4,5,7,10,6,1,0,0,0,0,0,1,1,0,0
29,3.67,5,0,0,1,0,1,0,0,0,0,0,0,3,1,3,1,1,11,1,10,1,1,0,0,0,0,0,1,0,0
27,3.4,4,1,0,0,0,1,0,0,1,0,0,0,4,1,1,2,3,9,4,6,1,0,1,0,0,1,0,1,0,0
29,3.18,0,0,1,0,0,1,0,1,1,0,0,1,1,1,4,1,1,11,3,4,1,0,0,0,0,1,0,0,0,0
31,2.78,3,1,0,0,0,1,1,0,1,1,0,0,5,4,4,4,1,9,4,6,0,1,0,0,0,1,0,0,0,1
26,3.63,1,0,1,1,1,1,0,0,1,0,0,0,5,4,5,3,1,11,4,1,0,1,0,0,0,0,0,0,0,0
29,2.63,1,1,1,1,1,1,0,0,0,1,0,1,4,4,1,2,5,9,12,6,0,0,0,0,0,0,1,0,0,0
29,2.87,5,1,0,0,1,1,1,1,1,0,1,1,5,5,5,2,1,2,10,6,1,0,1,1,0,0,0,1,0,0
22,3.0,7,1,0,1,0,0,1,1,0,0,1,0,3,2,1,2,5,11,3,7,0,1,0,1,0,0,0,0,1,0
24,3.24,8,1,0,0,1,1,0,1,0,0,1,1,5,2,3,5,3,9,3,7,0,0,0,0,0,0,0,0,1,0
22,3.5,8,1,1,1,0,1,0,0,1,1,1,1,4,1,4,3,4,9,12,7,1,1,0,0,1,0,0,0,1,0
26,2.74,5,0,0,0,0,0,1,1,0,0,1,0,1,4,3,4,3,3,7,10,1,0,0,0,1,0,0,1,0,0
29,3.92,3,0,1,1,0,1,0,0,0,1,1,1,1,3,3,2,2,11,7,0,0,0,0,1,0,0,0,0,0,1
28,2.93,5,1,0,1,1,0,0,0,1,0,0,0,2,2,4,4,2,11,4,1,0,1,0,0,1,0,0,1,0,0
23,2.6,4,1,1,0,1,0,0,1,1,1,1,0,4,5,3,5,3,11,3,7,1,0,0,0,0,0,1,1,0,0
31,3.17,8,0,0,0,0,1,0,0,1,1,0,0,1,3,4,5,3,4,8,9,1,1,0,1,0,0,0,0,1,0
31,3.06,0,1,0,1,0,1,1,0,0,1,1,0,2,2,5,1,4,9,12,7,0,1,0,0,0,1,0,0,0,0
27,2.77,6,1,1,1,0,0,1,1,1,1,1,0,3,5,3,4,4,11,3,7,0,0,1,0,0,0,0,0,1,0
29,3.59,6,0,0,1,1,0,0,1,0,1,1,1,5,4,5,4,1,11,3,7,1,0,0,0,0,0,1,0,1,0
23,3.12,0,1,1,0,0,0,0,0,1,1,0,1,2,2,4,2,2,11,4,1,1,0,1,0,0,0,0,0,0,0
24,3.34,8,1,0,0,0,0,0,0,0,0,1,0,5,1,4,4,5,6,2,10,1,0,0,0,0,0,1,0,1,0
31,2.7,0,0,0,1,0,0,0,1,1,0,0,0,5,1,5,4,1,11,3,4,1,1,0,0,1,0,0,0,0,0
24,2.76,4,0,1,1,1,1,1,1,1,1,0,1,5,2,3,4,3,2,12,3,0,0,1,0,1,0,0,1,0,0
26,3.52,4,0,0,0,0,1,0,1,1,1,0,1,3,1,5,4,4,4,3,8,0,0,1,0,1,0,0,1,0,0
26,3.8,8,1,1,1,1,1,1,1,1,1,0,0,3,5,4,1,4,0,10,6,0,1,0,0,0,0,0,0,1,0
34,3.39,5,1,1,0,0,1,1,0,0,1,0,1,3,3,4,1,1,9,12,6,0,1,0,0,1,0,0,1,0,0
24,3.21,1,0,1,0,1,0,0,1,1,0,0,1,1,3,2,2,4,11,3,4,1,1,0,1,0,0,0,0,0,0
22,3.86,3,1,1,1,1,0,1,0,0,1,0,0,4,1,2,5,3,2,12,0,0,0,1,0,1,0,0,0,0,1
25,3.24,5,1,0,1,0,1,1,0,1,1,1,1,1,5,2,3,5,9,12,7,1,1,0,1,0,0,0,1,0,0
32,2.97,7,0,1,0,0,0,1,0,0,0,0,0,2,5,1,4,4,11,1,10,1,0,1,0,0,0,1,0,1,0
