age,gender,degree_level,field_of_study,gpa,years_experience,python,java,c_cpp,sql,machine_learning,data_analysis,cloud_computing,cybersecurity,web_development,devops,networking,communication,leadership,problem_solving,teamwork,adaptability,recommended_job_1,recommended_job_2,recommended_job_3
34,Male,Bachelor,Data Science,3.46,3,1,0,1,1,0,1,1,1,0,1,0,5,3,2,4,4,Business Intelligence Analyst,Software Engineer,Cloud Engineer
30,Female,PhD,Data Science,3.72,4,1,0,0,1,0,1,0,0,0,1,0,2,1,1,5,1,Business Intelligence Analyst,DevOps Engineer,AI Researcher
31,Female,PhD,Cybersecurity,2.7,8,1,0,0,1,1,1,0,0,0,0,0,4,2,1,3,2,Business Intelligence Analyst,Machine Learning Engineer,Data Scientist
25,Female,Bachelor,Data Science,2.5,1,0,1,0,0,1,1,1,0,1,0,0,2,5,5,1,5,Software Engineer,Cloud Engineer,Backend Developer
24,Female,Bachelor,Software Engineering,3.95,7,0,0,0,0,0,1,1,0,0,0,1,2,3,3,1,5,Cloud Engineer,AI Researcher,Security Engineer
29,Female,PhD,Data Science,2.57,2,1,1,1,0,0,1,0,0,1,0,1,1,3,3,4,1,Software Engineer,Backend Developer,Frontend Developer
34,Female,Bachelor,Computer Science,2.73,1,0,0,1,0,0,0,1,1,1,1,1,3,1,4,4,3,Software Engineer,Cloud Engineer,DevOps Engineer
33,Male,PhD,AI,3.37,0,0,1,1,1,0,0,0,0,0,0,1,3,1,1,2,5,Software Engineer,Backend Developer,Security Engineer
21,Female,Master,Cybersecurity,3.26,3,1,1,0,1,1,0,1,1,0,1,1,2,2,2,2,1,Machine Learning Engineer,Software Engineer,Cloud Engineer
34,Male,Master,Cybersecurity,3.99,1,1,1,0,1,1,1,0,0,0,1,0,4,1,4,5,3,AI Researcher,Business Intelligence Analyst,Machine Learning Engineer
33,Female,Master,Data Science,2.92,8,0,1,0,1,1,1,1,0,1,0,0,4,3,5,3,2,Business Intelligence Analyst,Software Engineer,Cloud Engineer
30,Male,Bachelor,AI,2.51,2,1,1,1,0,0,0,0,0,0,1,0,2,4,4,5,3,Software Engineer,DevOps Engineer,Backend Developer
29,Male,Bachelor,AI,3.49,5,0,1,1,0,1,1,1,1,1,1,0,1,3,5,5,2,Software Engineer,Cloud Engineer,DevOps Engineer
28,Male,Master,Cybersecurity,3.33,8,1,1,0,0,1,1,1,1,0,1,0,1,5,4,4,2,Machine Learning Engineer,Software Engineer,Cloud Engineer
21,Female,Bachelor,Computer Science,3.46,4,1,0,1,1,0,1,1,0,1,1,0,1,3,1,1,5,Business Intelligence Analyst,Software Engineer,Cloud Engineer
34,Male,PhD,Cybersecurity,2.93,0,0,1,1,1,1,1,0,1,0,1,0,5,3,4,1,1,Business Intelligence Analyst,Software Engineer,DevOps Engineer
24,Male,Bachelor,Software Engineering,2.86,2,1,1,1,0,0,1,1,0,1,1,1,4,2,5,2,3,Software Engineer,Cloud Engineer,DevOps Engineer
21,Male,PhD,Cybersecurity,3.56,6,1,0,1,1,0,1,0,1,1,0,0,1,5,4,3,5,Business Intelligence Analyst,Software Engineer,Cybersecurity Analyst
24,Male,Master,Data Science,3.51,2,0,0,0,0,0,0,1,0,1,1,0,3,2,1,2,5,Cloud Engineer,DevOps Engineer,Frontend Developer
26,Male,PhD,AI,2.9,0,1,0,1,0,1,0,1,1,1,1,1,4,1,3,4,4,Machine Learning Engineer,Software Engineer,Cloud Engineer
26,Female,Master,Data Science,3.91,4,1,0,0,1,0,1,0,1,1,1,0,1,2,3,1,1,Business Intelligence Analyst,DevOps Engineer,Cybersecurity Analyst
26,Male,Master,Computer Science,3.97,4,1,0,0,0,0,0,1,1,0,0,0,5,2,3,2,3,Cloud Engineer,Cybersecurity Analyst,AI Researcher
21,Female,PhD,Computer Science,3.98,2,0,1,1,0,1,1,0,1,1,0,0,1,1,4,3,5,Software Engineer,Cybersecurity Analyst,AI Researcher
28,Female,PhD,Cybersecurity,3.09,0,0,0,0,1,0,1,0,0,0,0,0,5,2,5,4,3,Business Intelligence Analyst,Data Analyst,Data Scientist
26,Female,Bachelor,Computer Science,3.71,0,0,1,1,1,1,0,0,1,0,1,0,2,2,5,3,5,Software Engineer,DevOps Engineer,Cybersecurity Analyst
30,Male,PhD,Cybersecurity,2.7,0,0,0,1,1,1,1,0,0,0,1,0,3,2,1,1,5,Business Intelligence Analyst,Software Engineer,DevOps Engineer
21,Female,Bachelor,AI,3.32,3,0,1,0,1,0,1,0,0,0,1,0,2,2,1,2,5,Backend Developer,Business Intelligence Analyst,Software Engineer
21,Female,Master,Computer Science,3.22,5,1,1,0,0,0,1,0,1,1,1,1,2,4,5,3,5,Software Engineer,DevOps Engineer,Cybersecurity Analyst
24,Male,Bachelor,Computer Science,2.85,6,0,0,0,0,1,0,1,1,1,0,1,2,2,5,3,1,Cloud Engineer,Cybersecurity Analyst,Frontend Developer
35,Female,Bachelor,Data Science,3.32,2,1,0,0,0,0,0,0,1,0,1,0,4,1,1,1,5,DevOps Engineer,Cybersecurity Analyst,Business Intelligence Analyst
27,Male,Master,Software Engineering,2.52,4,1,0,1,1,0,0,0,1,1,1,1,1,3,5,2,5,Software Engineer,DevOps Engineer,Cybersecurity Analyst
22,Male,Master,AI,2.84,7,1,0,0,0,1,1,1,1,0,0,0,1,2,1,4,1,Machine Learning Engineer,Cloud Engineer,Cybersecurity Analyst
28,Male,PhD,AI,2.56,2,0,1,1,1,0,1,1,0,0,0,1,1,2,3,4,4,Cloud Engineer,Business Intelligence Analyst,Software Engineer
31,Female,Bachelor,AI,3.08,0,0,0,0,1,0,0,0,0,0,1,1,3,2,5,3,1,DevOps Engineer,Security Engineer,Machine Learning Engineer
32,Male,PhD,Cybersecurity,3.53,1,0,1,1,1,0,1,0,1,1,0,0,4,4,3,2,2,Business Intelligence Analyst,Software Engineer,Cybersecurity Analyst
28,Male,Bachelor,Cybersecurity,2.64,1,0,0,0,1,0,0,1,1,1,0,1,1,2,1,4,3,Cloud Engineer,Cybersecurity Analyst,Frontend Developer
35,Male,PhD,Data Science,3.72,1,1,1,1,0,1,0,0,0,1,1,1,5,2,2,5,4,AI Researcher,Machine Learning Engineer,Software Engineer
34,Male,Master,Data Science,2.57,1,0,0,1,1,1,0,1,1,0,1,1,4,4,4,5,5,Software Engineer,Cloud Engineer,DevOps Engineer
25,Female,Bachelor,Cybersecurity,2.57,0,1,0,1,0,1,0,1,1,1,0,1,5,5,5,2,2,Machine Learning Engineer,Software Engineer,Cloud Engineer
22,Male,PhD,Cybersecurity,3.71,3,0,1,1,1,0,1,1,1,1,0,0,2,5,1,3,3,Business Intelligence Analyst,Software Engineer,Cloud Engineer
28,Female,Master,Software Engineering,3.52,6,0,1,1,0,0,1,1,1,1,1,0,4,2,3,4,1,Software Engineer,Cloud Engineer,DevOps Engineer
24,Female,PhD,Cybersecurity,3.03,1,1,1,0,1,1,1,1,1,0,1,1,2,4,4,2,5,Machine Learning Engineer,Data Scientist,Business Intelligence Analyst
32,Male,Bachelor,Software Engineering,3.09,4,1,0,1,1,1,0,0,0,1,1,1,3,5,2,2,3,Machine Learning Engineer,Software Engineer,DevOps Engineer
31,Male,Bachelor,Data Science,2.83,5,1,0,1,1,0,0,1,1,1,1,0,2,4,3,3,2,Software Engineer,Cloud Engineer,DevOps Engineer
31,Female,PhD,Computer Science,3.12,4,0,1,1,1,0,0,1,0,1,0,1,5,3,1,2,5,Software Engineer,Cloud Engineer,Backend Developer
34,Female,PhD,Cybersecurity,2.86,7,1,0,0,1,0,1,0,0,0,1,1,1,5,4,3,2,Business Intelligence Analyst,DevOps Engineer,Data Analyst
22,Female,PhD,Computer Science,3.71,0,0,0,0,1,1,0,1,0,0,1,1,4,2,2,5,4,Cloud Engineer,DevOps Engineer,AI Researcher
26,Male,Master,Data Science,3.42,5,1,1,1,0,1,1,0,1,1,1,1,2,5,5,4,1,Machine Learning Engineer,Software Engineer,DevOps Engineer
30,Male,Bachelor,Software Engineering,2.96,6,1,0,0,0,1,0,1,0,1,1,1,3,2,1,2,5,Machine Learning Engineer,Cloud Engineer,DevOps Engineer
21,Male,Master,Computer Science,3.78,1,1,0,0,1,0,0,1,0,1,0,1,3,4,2,1,4,Cloud Engineer,AI Researcher,Frontend Developer
23,Male,Bachelor,Data Science,3.08,7,1,1,1,0,0,1,0,1,0,1,1,2,5,5,4,3,Software Engineer,DevOps Engineer,Cybersecurity Analyst
32,Female,Bachelor,AI,2.7,4,1,1,1,0,1,0,1,1,1,0,0,5,1,3,1,1,Machine Learning Engineer,Software Engineer,Cloud Engineer
29,Female,Master,Computer Science,3.24,0,0,1,0,1,0,0,0,0,0,0,1,3,5,2,4,5,Software Engineer,Backend Developer,Security Engineer
22,Female,Master,Cybersecurity,2.78,0,0,1,0,0,1,0,0,1,0,1,1,1,2,1,1,1,Software Engineer,DevOps Engineer,Cybersecurity Analyst
33,Male,PhD,Data Science,3.71,3,0,1,1,1,0,0,1,1,1,0,0,1,5,3,5,3,Software Engineer,Cloud Engineer,Cybersecurity Analyst
25,Female,PhD,Data Science,3.02,8,1,1,1,1,0,0,0,1,1,0,1,3,3,2,5,3,Software Engineer,Cybersecurity Analyst,Backend Developer
35,Male,Bachelor,AI,3.02,7,1,0,1,0,0,1,1,1,0,1,1,1,2,5,2,2,Software Engineer,Cloud Engineer,DevOps Engineer
33,Male,Bachelor,Software Engineering,2.59,7,1,0,1,0,1,1,1,1,1,0,0,4,4,4,1,2,Machine Learning Engineer,Software Engineer,Cloud Engineer
27,Male,Master,Software Engineering,2.8,8,0,1,0,1,0,0,0,1,0,1,1,3,3,1,1,2,Software Engineer,DevOps Engineer,Cybersecurity Analyst
25,Female,PhD,Cybersecurity,2.8,4,0,1,0,1,1,0,1,0,0,0,1,3,4,5,4,3,Software Engineer,Cloud Engineer,Backend Developer
27,Male,Master,Data Science,2.67,8,0,1,1,0,1,1,0,1,0,1,1,3,5,3,5,2,Software Engineer,DevOps Engineer,Cybersecurity Analyst
26,Female,Bachelor,AI,2.69,3,1,1,0,1,1,1,1,1,0,1,0,5,2,4,1,5,Business Intelligence Analyst,Machine Learning Engineer,Data Scientist
32,Female,PhD,Software Engineering,2.78,4,1,0,0,0,0,1,0,0,0,0,1,1,5,4,2,2,Security Engineer,Machine Learning Engineer,Data Scientist
22,Male,Bachelor,Computer Science,3.22,2,0,0,1,1,0,1,0,1,1,0,1,1,2,2,3,5,Business Intelligence Analyst,Software Engineer,Cybersecurity Analyst
34,Female,Master,Computer Science,2.66,0,0,1,0,0,0,1,1,0,0,0,1,5,4,4,4,4,Software Engineer,Cloud Engineer,Backend Developer
35,Male,PhD,Cybersecurity,3.65,7,1,1,0,0,0,0,1,1,1,0,1,3,2,2,4,4,Software Engineer,Cloud Engineer,Cybersecurity Analyst
35,Male,Bachelor,Data Science,2.87,2,1,1,0,1,0,1,1,1,1,1,1,1,3,2,3,5,Business Intelligence Analyst,Software Engineer,Cloud Engineer
24,Female,Master,Data Science,3.3,7,1,1,0,0,0,0,1,0,1,0,1,5,2,1,2,4,Software Engineer,Cloud Engineer,Backend Developer
23,Female,PhD,Computer Science,2.84,1,0,0,1,1,0,1,0,1,0,0,0,4,5,3,1,3,Business Intelligence Analyst,Software Engineer,Cybersecurity Analyst
33,Female,PhD,Computer Science,2.76,8,1,1,1,1,1,0,1,0,0,1,1,4,2,2,2,2,Machine Learning Engineer,Software Engineer,Cloud Engineer
34,Female,Bachelor,Data Science,3.27,6,1,1,1,1,0,1,1,0,1,0,1,5,2,3,1,1,Business Intelligence Analyst,Software Engineer,Cloud Engineer
29,Male,PhD,Data Science,2.72,1,0,0,0,1,1,1,1,0,0,1,1,5,5,4,3,3,Business Intelligence Analyst,Data Analyst,Cloud Engineer
33,Male,Master,Data Science,2.56,7,1,1,0,0,1,1,1,0,1,1,1,4,2,5,4,2,Machine Learning Engineer,Software Engineer,Cloud Engineer
26,Male,Master,AI,2.72,2,1,1,1,0,0,1,0,0,1,1,1,2,4,4,3,5,Software Engineer,DevOps Engineer,Backend Developer
23,Female,PhD,Computer Science,2.64,3,0,1,0,1,1,0,1,1,1,1,0,3,1,2,4,4,Software Engineer,Cloud Engineer,DevOps Engineer
32,Female,PhD,Computer Science,2.84,5,0,1,1,0,1,1,1,0,0,1,0,5,3,2,2,3,Software Engineer,Cloud Engineer,DevOps Engineer
28,Female,PhD,AI,2.64,8,0,1,0,1,1,0,1,1,0,0,0,2,3,4,4,2,Software Engineer,Cloud Engineer,Cybersecurity Analyst
23,Male,PhD,AI,2.91,7,0,0,1,0,0,1,0,1,1,1,1,3,5,5,4,5,Software Engineer,DevOps Engineer,Cybersecurity Analyst
35,Female,Bachelor,Computer Science,2.81,8,1,0,1,0,1,0,0,1,1,1,1,3,3,5,4,4,Machine Learning Engineer,Software Engineer,DevOps Engineer
31,Male,Bachelor,Computer Science,3.09,8,1,1,1,0,0,1,0,0,0,1,1,2,1,4,4,2,Software Engineer,DevOps Engineer,Backend Developer
35,Male,Master,Computer Science,2.57,2,0,0,1,0,1,1,1,1,0,1,0,1,3,3,3,3,Software Engineer,Cloud Engineer,DevOps Engineer
26,Male,PhD,Data Science,3.02,2,0,1,0,1,0,1,0,0,1,0,0,4,2,5,1,5,Business Intelligence Analyst,Software Engineer,Data Analyst
32,Male,Bachelor,Cybersecurity,3.18,4,0,1,1,0,1,0,1,1,1,1,1,2,3,2,3,3,Software Engineer,Cloud Engineer,DevOps Engineer
33,Male,Bachelor,AI,3.59,3,1,0,0,0,0,1,1,0,0,1,1,3,2,2,5,4,Cloud Engineer,DevOps Engineer,Security Engineer
34,Male,PhD,Software Engineering,2.87,0,0,0,0,0,0,0,0,1,0,0,1,1,1,2,1,5,Cybersecurity Analyst,Security Engineer,Machine Learning Engineer
26,Female,Bachelor,Cybersecurity,3.13,5,1,0,1,0,0,0,0,1,1,1,1,3,4,1,2,4,Software Engineer,DevOps Engineer,Cybersecurity Analyst
23,Female,Bachelor,Data Science,2.57,7,1,1,0,1,1,0,1,0,0,0,1,5,5,5,5,2,Machine Learning Engineer,Software Engineer,Cloud Engineer
24,Male,Master,Computer Science,3.97,1,1,1,1,0,1,1,1,1,1,1,0,4,5,3,2,5,AI Researcher,Machine Learning Engineer,Software Engineer
27,Female,Master,Computer Science,3.41,2,0,0,1,0,0,0,1,0,1,1,1,4,3,2,3,2,Software Engineer,Cloud Engineer,DevOps Engineer
21,Male,Master,Cybersecurity,4.0,1,0,1,0,1,0,1,1,1,0,0,0,1,1,3,3,2,Business Intelligence Analyst,Software Engineer,Cloud Engineer
28,Female,PhD,Computer Science,3.28,1,0,1,0,1,0,1,0,0,0,1,0,3,2,4,4,3,Business Intelligence Analyst,Software Engineer,DevOps Engineer
23,Female,Master,Software Engineering,3.53,2,1,1,1,0,1,0,1,0,0,1,1,4,5,3,1,1,Machine Learning Engineer,Software Engineer,Cloud Engineer
28,Male,Master,AI,3.56,1,0,1,0,0,0,1,0,1,0,0,1,1,5,1,5,3,Software Engineer,Cybersecurity Analyst,Data Scientist
21,Female,PhD,Cybersecurity,3.71,8,1,1,1,1,0,1,1,1,0,1,1,3,3,1,1,2,Business Intelligence Analyst,Software Engineer,Cloud Engineer
32,Female,PhD,Computer Science,3.85,5,0,1,0,1,1,0,1,0,1,1,0,4,5,2,5,1,Software Engineer,Cloud Engineer,DevOps Engineer
24,Female,Master,Computer Science,3.75,3,1,1,1,0,0,0,1,0,1,1,0,4,1,1,2,4,Software Engineer,Cloud Engineer,DevOps Engineer
29,Male,Master,Cybersecurity,3.12,2,1,1,1,1,0,1,1,1,0,1,1,1,5,1,4,4,Business Intelligence Analyst,Software Engineer,Cloud Engineer
34,Male,PhD,Cybersecurity,3.68,1,1,0,1,0,0,0,1,1,0,1,1,5,2,4,5,1,Software Engineer,Cloud Engineer,DevOps Engineer
27,Female,Master,Software Engineering,3.53,7,0,1,0,1,1,0,1,1,1,1,0,5,4,5,5,5,Cybersecurity Analyst,Software Engineer,Cloud Engineer
33,Female,Bachelor,Computer Science,3.02,8,1,0,1,1,0,0,0,1,0,0,0,3,1,1,2,1,Software Engineer,Cybersecurity Analyst,Backend Developer
24,Male,Master,Cybersecurity,2.89,4,0,0,1,0,0,0,0,0,1,1,1,4,4,2,4,1,Software Engineer,DevOps Engineer,Backend Developer
27,Female,Bachelor,Cybersecurity,2.86,4,1,1,0,0,0,1,1,1,0,0,0,3,2,2,3,5,Software Engineer,Cloud Engineer,Cybersecurity Analyst
27,Female,Master,Cybersecurity,3.04,7,1,0,0,0,1,0,0,0,1,1,1,1,5,3,1,2,Machine Learning Engineer,DevOps Engineer,Data Scientist
23,Male,Bachelor,Software Engineering,2.9,1,0,1,0,1,1,0,0,0,0,1,1,2,3,4,5,5,Software Engineer,DevOps Engineer,Backend Developer
25,Female,Master,Software Engineering,2.79,0,0,1,1,1,1,1,0,0,0,0,0,4,2,3,3,1,Business Intelligence Analyst,Software Engineer,Data Analyst
22,Female,Master,Cybersecurity,3.96,0,1,0,0,0,0,0,0,0,1,0,0,3,3,3,3,4,AI Researcher,Frontend Developer,Full Stack Developer
21,Male,Master,Data Science,3.23,1,0,0,0,1,1,0,0,0,0,1,1,5,5,2,2,5,DevOps Engineer,Security Engineer,Business Intelligence Analyst
28,Male,Master,AI,2.99,0,0,0,0,1,0,0,0,0,0,0,0,3,2,3,4,1,Machine Learning Engineer,Data Scientist,AI Researcher
29,Female,PhD,Computer Science,2.54,4,0,1,1,0,1,1,1,1,0,0,0,2,5,2,5,5,Software Engineer,Cloud Engineer,Cybersecurity Analyst
33,Male,PhD,Data Science,3.25,8,0,1,1,1,1,0,1,1,1,1,1,1,3,1,5,2,Software Engineer,Cloud Engineer,DevOps Engineer
33,Male,PhD,AI,3.49,2,1,1,0,0,1,1,1,0,0,1,0,1,2,5,1,5,Machine Learning Engineer,Software Engineer,Cloud Engineer
29,Male,Bachelor,Data Science,3.24,7,0,0,0,0,0,0,1,1,1,1,0,5,4,3,5,1,Cloud Engineer,DevOps Engineer,Cybersecurity Analyst
35,Female,Master,AI,2.57,4,0,1,0,1,0,0,1,0,0,1,1,5,2,4,2,5,Software Engineer,Cloud Engineer,DevOps Engineer
26,Male,Master,AI,2.53,1,0,1,1,1,0,1,1,0,0,1,0,3,3,3,3,5,Business Intelligence Analyst,Software Engineer,Cloud Engineer
32,Male,Bachelor,Cybersecurity,3.74,8,1,0,0,1,1,1,0,0,0,0,1,1,1,1,3,2,AI Researcher,Machine Learning Engineer,Data Scientist
23,Female,Bachelor,Data Science,3.58,2,1,0,1,0,1,1,1,0,1,1,0,5,5,3,5,2,Machine Learning Engineer,Software Engineer,Cloud Engineer
32,Female,Master,AI,3.08,1,0,0,0,1,1,0,1,0,1,0,1,5,2,2,3,1,Cloud Engineer,Frontend Developer,Security Engineer
27,Male,Bachelor,Cybersecurity,3.62,2,0,0,0,1,1,0,1,0,0,0,1,1,2,2,2,5,Cloud Engineer,Security Engineer,Machine Learning Engineer
34,Male,Master,Computer Science,3.81,8,1,0,1,1,1,0,1,0,1,1,0,3,1,3,1,1,AI Researcher,Machine Learning Engineer,Software Engineer
28,Male,PhD,Software Engineering,3.49,8,0,0,1,0,1,0,1,1,0,0,1,5,3,1,2,4,Software Engineer,Cloud Engineer,Cybersecurity Analyst
26,Male,Bachelor,Cybersecurity,3.7,1,0,1,0,0,1,0,0,1,1,0,0,4,5,4,4,5,Software Engineer,Cybersecurity Analyst,Backend Developer
28,Male,Master,Computer Science,3.16,2,1,0,1,0,1,1,1,0,0,0,1,4,4,3,3,2,Machine Learning Engineer,Software Engineer,Cloud Engineer
28,Male,Master,AI,2.63,1,1,1,1,1,1,0,0,1,1,1,0,2,3,3,2,2,Machine Learning Engineer,Software Engineer,DevOps Engineer
26,Male,PhD,Data Science,2.9,6,1,1,1,0,1,0,0,1,1,1,0,1,1,4,4,1,Machine Learning Engineer,Software Engineer,DevOps Engineer
30,Female,PhD,Cybersecurity,3.46,7,1,0,0,0,0,1,0,0,1,0,1,1,4,4,4,5,Frontend Developer,Security Engineer,Full Stack Developer
30,Male,Master,Data Science,2.94,5,0,0,1,1,0,1,0,1,0,1,1,2,3,1,4,2,Business Intelligence Analyst,Software Engineer,DevOps Engineer
22,Male,Master,Data Science,2.85,2,0,0,0,1,0,1,0,0,1,0,0,5,3,1,5,1,Business Intelligence Analyst,Data Analyst,Frontend Developer
26,Female,PhD,Data Science,3.62,5,1,1,1,1,0,1,1,0,0,0,1,5,5,2,4,4,Business Intelligence Analyst,Software Engineer,Cloud Engineer
21,Male,PhD,Software Engineering,3.9,5,0,0,0,0,1,0,0,0,0,0,1,5,5,5,2,5,AI Researcher,Security Engineer,Business Intelligence Analyst
22,Male,Bachelor,Software Engineering,3.83,4,0,0,1,1,1,1,0,1,0,1,0,2,4,4,4,1,Business Intelligence Analyst,Software Engineer,DevOps Engineer
23,Male,Master,Data Science,3.33,5,1,0,1,1,0,1,0,0,1,1,1,2,2,5,5,1,Business Intelligence Analyst,Software Engineer,DevOps Engineer
25,Male,PhD,Cybersecurity,3.03,2,1,1,1,1,0,1,1,0,1,1,0,4,4,2,2,2,Business Intelligence Analyst,Software Engineer,Cloud Engineer
22,Male,Bachelor,AI,2.91,0,1,0,1,1,1,1,1,0,0,0,0,4,3,1,4,1,Business Intelligence Analyst,Machine Learning Engineer,Data Scientist
23,Female,PhD,AI,2.62,0,0,0,0,0,1,0,0,0,1,1,1,5,3,1,1,1,DevOps Engineer,Frontend Developer,Security Engineer
22,Female,PhD,Data Science,3.02,6,0,1,0,1,1,1,1,1,0,0,1,3,5,5,4,5,Business Intelligence Analyst,Software Engineer,Cloud Engineer
31,Female,Master,Cybersecurity,2.85,3,0,0,0,1,1,1,0,1,0,0,0,3,2,5,4,2,Business Intelligence Analyst,Cybersecurity Analyst,Data Analyst
33,Male,Master,AI,2.88,8,1,0,0,1,0,1,0,0,0,0,0,3,2,4,5,1,Business Intelligence Analyst,Data Analyst,Data Scientist
23,Female,Bachelor,Cybersecurity,3.53,5,0,1,0,1,1,0,1,0,0,0,1,4,5,4,5,1,Software Engineer,Cloud Engineer,Backend Developer
21,Male,Bachelor,Data Science,3.41,4,0,0,0,0,1,0,0,1,1,0,0,3,1,3,4,5,Cybersecurity Analyst,Frontend Developer,Full Stack Developer
27,Male,PhD,Software Engineering,2.81,4,1,0,0,0,1,0,1,1,0,0,0,1,2,5,3,2,Machine Learning Engineer,Cloud Engineer,Cybersecurity Analyst
27,Male,PhD,Data Science,3.1,8,1,0,0,0,1,1,1,0,1,0,1,3,4,4,2,2,Machine Learning Engineer,Cloud Engineer,Data Scientist
31,Male,Bachelor,AI,3.23,6,0,0,1,0,0,0,0,0,1,1,0,2,2,2,5,5,Software Engineer,DevOps Engineer,Backend Developer
24,Female,Bachelor,Computer Science,3.28,6,0,0,0,1,1,0,1,0,0,1,0,1,4,4,5,1,Cloud Engineer,DevOps Engineer,Machine Learning Engineer
25,Male,Bachelor,Software Engineering,2.78,2,1,0,1,0,1,1,1,1,1,0,0,5,2,1,1,4,Machine Learning Engineer,Software Engineer,Cloud Engineer
32,Male,Bachelor,Computer Science,2.98,5,1,1,1,0,1,1,1,1,0,1,1,2,3,3,5,3,Machine Learning Engineer,Software Engineer,Cloud Engineer
27,Female,PhD,AI,3.03,0,0,1,0,1,1,1,1,0,1,0,0,3,4,5,5,4,Business Intelligence Analyst,Software Engineer,Cloud Engineer
22,Male,Bachelor,AI,3.68,7,1,1,0,1,1,0,0,1,0,1,0,1,1,1,5,2,Machine Learning Engineer,Software Engineer,DevOps Engineer
22,Male,Bachelor,Software Engineering,2.57,8,0,1,1,1,0,0,1,1,1,0,1,2,3,5,1,5,Software Engineer,Cloud Engineer,Cybersecurity Analyst
25,Male,Bachelor,Data Science,3.24,1,1,1,0,0,1,0,1,1,1,0,0,1,3,3,2,2,Machine Learning Engineer,Software Engineer,Cloud Engineer
32,Male,Bachelor,Data Science,3.3,1,0,1,1,1,0,1,1,1,1,0,0,2,5,4,5,1,Business Intelligence Analyst,Software Engineer,Cloud Engineer
30,Female,Master,AI,3.37,5,1,0,0,1,0,1,1,0,1,1,0,2,3,1,5,1,Business Intelligence Analyst,Cloud Engineer,DevOps Engineer
27,Male,Bachelor,Software Engineering,3.68,3,1,1,0,1,0,1,1,0,0,1,0,5,4,2,3,1,Business Intelligence Analyst,Software Engineer,Cloud Engineer
30,Female,Bachelor,AI,3.73,5,1,1,0,0,0,0,0,0,1,1,0,4,3,5,3,2,Software Engineer,DevOps Engineer,AI Researcher
27,Female,PhD,Software Engineering,3.08,1,1,1,0,1,0,1,0,0,1,0,0,3,2,4,5,2,Business Intelligence Analyst,Software Engineer,Data Analyst
27,Male,Bachelor,Computer Science,3.94,4,0,0,1,1,0,1,0,0,0,1,1,3,1,3,5,2,Business Intelligence Analyst,Software Engineer,DevOps Engineer
30,Female,PhD,Data Science,3.71,4,0,0,1,1,0,1,0,0,0,0,1,2,4,3,1,3,Business Intelligence Analyst,Software Engineer,AI Researcher
28,Female,Bachelor,Software Engineering,3.5,6,1,0,1,1,0,1,1,0,1,0,1,4,4,5,4,1,Business Intelligence Analyst,Software Engineer,Cloud Engineer
24,Male,Master,Data Science,3.84,0,0,0,1,0,0,1,0,1,1,1,1,3,2,4,2,1,Software Engineer,DevOps Engineer,Cybersecurity Analyst
32,Female,Master,AI,2.77,2,0,1,0,0,1,1,1,0,0,0,1,4,4,3,4,2,Software Engineer,Cloud Engineer,Backend Developer
35,Female,PhD,Software Engineering,2.93,5,1,0,1,1,0,1,1,0,0,1,0,4,1,1,2,2,Business Intelligence Analyst,Software Engineer,Cloud Engineer
28,Male,Master,Computer Science,3.1,0,0,1,0,0,1,1,0,0,1,0,1,2,4,1,5,3,Software Engineer,Backend Developer,Frontend Developer
33,Female,Master,Data Science,3.35,7,0,1,0,0,0,0,1,0,0,1,0,3,5,5,3,4,Software Engineer,Cloud Engineer,DevOps Engineer
26,Male,PhD,Software Engineering,3.73,5,1,0,0,0,0,1,0,1,0,0,1,4,5,4,2,4,Cybersecurity Analyst,AI Researcher,Security Engineer
30,Female,PhD,Computer Science,3.01,2,1,0,1,0,0,1,0,0,0,0,0,2,5,3,1,3,Software Engineer,Backend Developer,Machine Learning Engineer
30,Female,Bachelor,Software Engineering,3.77,6,1,1,1,0,0,0,0,1,0,0,0,4,5,4,1,2,Software Engineer,Cybersecurity Analyst,AI Researcher
27,Male,Bachelor,Computer Science,2.69,0,1,0,1,1,1,1,0,0,0,1,1,1,3,1,4,2,Machine Learning Engineer,Data Scientist,Business Intelligence Analyst
29,Male,PhD,Cybersecurity,2.75,8,1,1,0,1,0,1,1,0,1,1,1,3,1,3,2,2,Cloud Engineer,Business Intelligence Analyst,Software Engineer
35,Female,Master,Data Science,3.86,1,0,0,1,1,0,1,1,1,0,0,0,2,5,5,4,4,Business Intelligence Analyst,Software Engineer,Cloud Engineer
21,Male,Bachelor,Data Science,3.67,4,1,0,1,1,1,1,1,0,0,0,1,3,2,3,3,2,Machine Learning Engineer,Data Scientist,Business Intelligence Analyst
30,Female,PhD,AI,3.93,2,0,0,1,0,1,0,0,1,1,0,1,5,2,2,5,5,Software Engineer,Cybersecurity Analyst,AI Researcher
31,Female,Bachelor,Cybersecurity,3.2,5,1,0,1,0,1,1,1,1,1,0,0,1,1,3,5,3,Machine Learning Engineer,Software Engineer,Cloud Engineer
22,Female,Bachelor,Software Engineering,3.94,0,1,0,0,1,0,1,1,1,0,1,1,3,2,2,3,3,Business Intelligence Analyst,Cloud Engineer,DevOps Engineer
34,Female,Bachelor,Cybersecurity,3.44,2,0,0,1,1,0,0,0,1,1,1,1,2,5,1,1,3,Software Engineer,DevOps Engineer,Cybersecurity Analyst
33,Female,Master,Data Science,2.95,6,0,1,1,0,0,1,0,1,1,1,0,2,5,2,4,3,Software Engineer,DevOps Engineer,Cybersecurity Analyst
22,Female,Bachelor,Computer Science,3.06,5,1,0,0,1,0,1,1,0,1,1,0,5,5,4,4,5,Business Intelligence Analyst,Cloud Engineer,DevOps Engineer
27,Male,Master,Data Science,3.37,6,0,0,1,1,1,0,1,1,1,1,0,1,3,1,5,3,Software Engineer,Cloud Engineer,DevOps Engineer
22,Female,PhD,Computer Science,2.95,3,0,0,0,1,0,1,0,0,0,0,0,3,1,4,4,2,Business Intelligence Analyst,Data Analyst,Data Scientist
31,Female,Master,AI,3.65,6,1,1,1,0,1,0,0,1,1,0,1,1,5,2,3,5,Machine Learning Engineer,Software Engineer,Cybersecurity Analyst
32,Male,PhD,Software Engineering,3.74,5,1,0,0,1,0,1,1,1,1,0,0,2,2,5,1,5,Business Intelligence Analyst,Cloud Engineer,Cybersecurity Analyst
28,Male,Bachelor,Computer Science,3.44,3,0,0,0,0,1,0,0,1,0,0,0,2,5,4,4,2,Cybersecurity Analyst,Machine Learning Engineer,Data Scientist
35,Female,Master,Software Engineering,3.64,3,0,1,1,1,1,1,0,1,1,0,0,3,5,1,2,4,Business Intelligence Analyst,Software Engineer,Cybersecurity Analyst
27,Female,Bachelor,AI,3.47,5,0,0,0,1,0,1,1,1,0,0,0,4,4,4,2,3,Business Intelligence Analyst,Cloud Engineer,Cybersecurity Analyst
32,Female,Master,Software Engineering,2.67,8,0,1,1,1,1,1,1,1,1,1,0,5,3,3,1,5,Business Intelligence Analyst,Software Engineer,Cloud Engineer
34,Male,PhD,AI,3.47,8,1,0,0,1,0,0,0,0,1,1,0,2,4,5,2,5,DevOps Engineer,Frontend Developer,Full Stack Developer
34,Female,Bachelor,AI,3.31,5,0,1,0,0,0,1,1,0,0,1,1,5,3,4,2,5,Software Engineer,Cloud Engineer,DevOps Engineer
31,Male,PhD,Computer Science,2.6,1,0,1,1,0,1,0,0,0,1,0,1,5,4,5,4,2,Software Engineer,Backend Developer,Frontend Developer
33,Male,Master,Cybersecurity,3.29,4,1,1,1,0,1,1,0,0,1,0,1,3,3,2,3,4,Machine Learning Engineer,Software Engineer,Data Scientist
32,Male,Bachelor,Data Science,3.47,3,1,1,0,0,1,0,1,1,1,0,1,4,2,4,4,1,Frontend Developer,Machine Learning Engineer,Software Engineer
35,Male,Bachelor,Software Engineering,2.7,0,0,1,0,1,0,0,0,0,1,0,1,4,5,4,3,4,Software Engineer,Backend Developer,Frontend Developer
35,Male,Master,Cybersecurity,3.88,7,1,1,0,1,1,1,1,1,1,1,1,1,3,1,5,1,AI Researcher,Machine Learning Engineer,Data Scientist
23,Female,Bachelor,Software Engineering,2.93,6,1,1,0,0,0,0,0,1,1,0,0,2,2,4,1,5,Software Engineer,Cybersecurity Analyst,Backend Developer
30,Male,PhD,Computer Science,3.63,1,1,0,1,1,1,1,1,0,1,1,0,4,1,5,1,4,Business Intelligence Analyst,Machine Learning Engineer,Data Scientist
30,Male,Bachelor,Software Engineering,3.66,6,1,1,1,0,1,0,1,0,0,1,0,1,2,2,3,5,Machine Learning Engineer,Software Engineer,Cloud Engineer
27,Male,PhD,Cybersecurity,3.33,8,1,0,1,0,0,1,0,1,1,1,0,4,4,1,1,2,Software Engineer,DevOps Engineer,Cybersecurity Analyst
32,Male,Bachelor,Cybersecurity,3.19,2,0,0,1,0,1,0,1,0,0,0,0,3,1,2,2,3,Software Engineer,Cloud Engineer,Backend Developer
32,Female,PhD,Data Science,2.83,8,1,1,0,1,0,1,0,1,1,0,1,1,2,4,4,1,Business Intelligence Analyst,Software Engineer,Cybersecurity Analyst
27,Female,PhD,AI,2.56,4,0,1,0,1,1,0,0,1,1,1,0,1,2,2,2,5,Software Engineer,DevOps Engineer,Cybersecurity Analyst
30,Female,Bachelor,AI,2.85,7,0,1,0,0,0,0,0,0,1,0,1,3,4,3,2,4,Software Engineer,Backend Developer,Frontend Developer
35,Female,PhD,Data Science,3.71,8,0,1,1,0,0,0,0,1,0,1,0,1,3,2,1,2,Software Engineer,DevOps Engineer,Cybersecurity Analyst
25,Female,Bachelor,Computer Science,3.18,2,1,0,0,0,1,0,1,1,0,1,1,2,5,4,3,5,Machine Learning Engineer,Cloud Engineer,DevOps Engineer
30,Male,PhD,Data Science,2.73,1,1,1,1,1,0,0,0,1,0,1,1,5,4,1,1,4,Software Engineer,DevOps Engineer,Cybersecurity Analyst
26,Female,PhD,Computer Science,3.0,7,0,0,0,0,0,0,0,0,1,1,0,4,4,4,3,1,DevOps Engineer,Software Engineer,Frontend Developer
32,Male,Bachelor,Cybersecurity,3.0,1,0,0,1,1,1,0,1,0,0,1,0,2,4,1,1,2,Software Engineer,Cloud Engineer,DevOps Engineer
31,Male,PhD,Data Science,2.7,1,1,1,1,1,0,1,0,1,1,0,0,4,1,5,2,2,Business Intelligence Analyst,Software Engineer,Cybersecurity Analyst
33,Male,PhD,Software Engineering,3.54,3,0,0,1,1,1,1,1,1,1,0,0,5,1,5,3,4,Business Intelligence Analyst,Software Engineer,Cloud Engineer
25,Male,Bachelor,Computer Science,3.12,0,0,0,0,1,0,0,1,0,1,1,1,5,5,3,4,3,Cloud Engineer,DevOps Engineer,Frontend Developer
29,Male,PhD,Data Science,3.3,8,1,0,0,0,0,1,1,0,1,1,1,3,3,2,1,2,Cloud Engineer,DevOps Engineer,Data Scientist
32,Female,Bachelor,Computer Science,2.82,1,1,0,1,0,0,1,0,0,0,1,1,1,1,4,2,3,Software Engineer,DevOps Engineer,Backend Developer
34,Male,PhD,Computer Science,3.99,1,0,0,0,1,1,0,0,1,1,0,1,2,5,4,1,4,Cybersecurity Analyst,AI Researcher,Frontend Developer
34,Male,Bachelor,Data Science,2.56,1,1,1,0,1,1,0,1,0,0,0,1,4,2,2,5,5,Machine Learning Engineer,Software Engineer,Cloud Engineer
23,Male,Bachelor,AI,3.24,1,0,1,0,1,0,1,0,1,0,1,0,4,1,1,3,3,Business Intelligence Analyst,Software Engineer,DevOps Engineer
21,Male,Master,Software Engineering,3.19,7,1,0,1,1,0,0,0,1,0,0,0,4,1,2,2,2,Software Engineer,Cybersecurity Analyst,Backend Developer
29,Male,PhD,Data Science,3.16,2,1,0,0,1,0,0,1,0,0,0,1,3,2,4,5,1,Cloud Engineer,Security Engineer,Machine Learning Engineer
35,Male,PhD,AI,3.2,2,1,1,0,1,1,1,1,0,1,1,0,1,2,1,5,2,Machine Learning Engineer,Data Scientist,Business Intelligence Analyst
24,Male,Master,Data Science,2.5,4,0,1,1,1,0,1,1,1,0,0,0,3,5,5,5,4,Business Intelligence Analyst,Software Engineer,Cloud Engineer
22,Male,Bachelor,Software Engineering,2.63,3,1,1,0,0,0,0,1,1,1,0,0,3,3,3,2,1,Software Engineer,Cloud Engineer,Cybersecurity Analyst
21,Male,Master,Data Science,2.59,6,0,0,1,1,1,1,1,1,1,1,0,5,2,3,1,2,Business Intelligence Analyst,Software Engineer,Cloud Engineer
32,Female,Master,Computer Science,3.43,8,0,1,1,0,1,1,0,0,1,1,1,3,5,2,3,5,Software Engineer,DevOps Engineer,Backend Developer
24,Female,Bachelor,Data Science,2.56,8,1,0,1,0,1,1,0,0,0,0,1,3,1,4,5,2,Machine Learning Engineer,Software Engineer,Data Scientist
27,Male,Master,Cybersecurity,3.69,8,1,1,0,0,1,0,0,1,0,1,1,1,2,2,1,5,Machine Learning Engineer,Software Engineer,DevOps Engineer
22,Female,Master,Software Engineering,3.19,8,1,1,1,0,0,0,0,0,1,1,0,4,2,4,2,2,Software Engineer,DevOps Engineer,Backend Developer
32,Female,PhD,Software Engineering,3.44,7,0,1,0,0,0,1,0,1,1,1,1,4,5,4,4,1,Software Engineer,DevOps Engineer,Cybersecurity Analyst
30,Male,PhD,Data Science,3.1,1,0,0,1,0,0,1,0,0,0,0,1,5,5,3,1,4,Software Engineer,Backend Developer,Security Engineer
23,Female,PhD,Data Science,3.65,7,0,0,1,1,0,1,0,1,1,0,0,4,2,1,1,2,Business Intelligence Analyst,Software Engineer,Cybersecurity Analyst
26,Female,PhD,Software Engineering,3.95,2,0,0,1,1,1,0,1,0,1,0,0,5,3,2,2,5,Software Engineer,Cloud Engineer,AI Researcher
34,Female,Master,Software Engineering,3.84,7,0,0,0,0,1,0,1,0,0,1,1,4,1,5,2,5,Cloud Engineer,DevOps Engineer,AI Researcher
22,Female,Bachelor,Software Engineering,2.94,0,1,0,1,0,0,0,0,1,1,0,1,3,5,3,5,4,Software Engineer,Cybersecurity Analyst,Backend Developer
30,Male,PhD,Software Engineering,3.0,0,0,0,0,1,0,1,1,0,0,0,0,3,1,3,3,1,Business Intelligence Analyst,Cloud Engineer,Data Analyst
34,Female,PhD,Data Science,3.66,6,1,0,1,1,0,0,0,1,0,1,0,5,3,1,2,1,Software Engineer,DevOps Engineer,Cybersecurity Analyst
23,Male,Master,Software Engineering,2.57,7,1,1,0,1,0,0,0,0,0,1,1,4,4,5,4,4,Software Engineer,DevOps Engineer,Backend Developer
25,Male,PhD,Computer Science,2.92,3,0,1,0,0,0,0,0,1,0,1,0,3,5,4,1,2,Software Engineer,DevOps Engineer,Cybersecurity Analyst
29,Male,PhD,Computer Science,3.57,1,0,0,0,0,0,1,0,0,0,1,0,3,2,2,2,5,DevOps Engineer,Machine Learning Engineer,Data Scientist
31,Female,Master,Computer Science,2.68,1,1,0,0,1,1,0,1,1,1,0,0,1,5,4,4,5,Machine Learning Engineer,Cloud Engineer,Cybersecurity Analyst
27,Female,Bachelor,Software Engineering,3.45,7,0,0,0,0,0,0,1,1,0,0,1,2,1,4,5,5,Cloud Engineer,Cybersecurity Analyst,Security Engineer
33,Male,PhD,Data Science,2.59,1,1,1,1,0,0,1,1,0,0,0,1,1,4,5,3,4,Software Engineer,Cloud Engineer,Backend Developer
30,Male,Bachelor,Data Science,3.91,8,1,0,0,1,0,1,1,1,1,0,0,3,4,1,2,2,Business Intelligence Analyst,Cloud Engineer,Cybersecurity Analyst
23,Female,PhD,Computer Science,2.98,4,0,0,1,1,0,0,1,0,0,0,1,5,5,5,2,5,Software Engineer,Cloud Engineer,Backend Developer
32,Male,Master,Data Science,2.89,3,0,1,1,0,0,0,0,0,0,1,0,3,4,5,1,1,Software Engineer,DevOps Engineer,Backend Developer
32,Male,PhD,Cybersecurity,3.64,1,1,0,1,1,1,1,0,1,1,0,1,5,5,2,4,1,Business Intelligence Analyst,Machine Learning Engineer,Data Scientist
30,Male,Bachelor,AI,3.7,1,1,0,1,1,1,0,1,0,1,1,1,4,4,2,2,1,Machine Learning Engineer,Software Engineer,Cloud Engineer
24,Female,Bachelor,Data Science,3.61,1,1,0,0,1,0,1,1,1,1,1,1,5,3,4,2,1,Business Intelligence Analyst,Cloud Engineer,DevOps Engineer
24,Male,Bachelor,Computer Science,3.63,7,1,1,0,0,0,0,0,1,1,0,1,4,1,1,3,4,Software Engineer,Cybersecurity Analyst,Backend Developer
25,Male,PhD,Data Science,3.97,0,1,0,1,0,0,1,1,0,0,0,1,4,5,5,4,3,Software Engineer,Cloud Engineer,AI Researcher
28,Female,PhD,Computer Science,3.62,0,0,1,1,0,1,1,0,1,1,0,0,1,3,4,4,3,Software Engineer,Cybersecurity Analyst,Backend Developer
31,Female,Bachelor,Software Engineering,3.49,3,0,1,1,1,1,1,0,0,0,0,0,3,2,5,2,3,Business Intelligence Analyst,Software Engineer,Data Analyst
27,Male,Master,Data Science,3.37,3,0,1,0,1,1,0,0,0,0,1,1,4,2,4,4,2,Software Engineer,DevOps Engineer,Backend Developer
31,Male,Master,Computer Science,3.95,5,0,1,1,1,0,1,1,0,0,1,1,3,5,1,5,5,Business Intelligence Analyst,Software Engineer,Cloud Engineer
23,Male,Bachelor,Data Science,3.36,4,0,0,0,0,0,0,0,0,0,1,0,4,5,1,1,5,DevOps Engineer,Business Intelligence Analyst,Machine Learning Engineer
34,Male,PhD,Data Science,3.15,5,1,1,1,1,1,0,1,0,1,0,1,5,2,3,5,5,Machine Learning Engineer,Software Engineer,Cloud Engineer
29,Male,Bachelor,AI,3.87,1,0,1,1,1,1,0,0,1,1,1,0,1,3,1,1,4,Software Engineer,DevOps Engineer,Cybersecurity Analyst
27,Female,Master,Software Engineering,3.15,0,0,0,1,0,1,1,1,0,1,1,0,5,5,5,4,4,Software Engineer,Cloud Engineer,DevOps Engineer
27,Male,Master,Cybersecurity,3.91,2,1,0,0,1,0,1,0,0,0,1,0,4,3,2,3,5,Business Intelligence Analyst,DevOps Engineer,AI Researcher
34,Male,Bachelor,Software Engineering,3.94,6,1,1,1,0,0,0,0,0,1,1,1,1,3,4,4,4,Software Engineer,DevOps Engineer,AI Researcher
35,Male,Master,Cybersecurity,3.42,1,1,0,0,0,1,0,0,1,1,0,1,3,3,5,3,3,Machine Learning Engineer,Cybersecurity Analyst,Data Scientist
27,Male,PhD,Cybersecurity,3.78,5,0,0,1,0,1,0,0,1,1,0,0,1,5,5,1,5,Software Engineer,Cybersecurity Analyst,AI Researcher
25,Female,Bachelor,Cybersecurity,2.93,6,0,1,0,1,1,0,1,1,1,1,0,4,5,1,1,3,Software Engineer,Cloud Engineer,DevOps Engineer
21,Male,Master,Computer Science,2.67,6,1,1,0,1,0,0,0,1,1,1,0,4,2,2,2,5,Software Engineer,DevOps Engineer,Cybersecurity Analyst
35,Male,Bachelor,Software Engineering,2.7,6,1,1,0,1,1,1,1,0,1,1,0,3,4,3,4,2,Machine Learning Engineer,Data Scientist,Business Intelligence Analyst
22,Female,Master,Computer Science,3.17,3,0,1,0,1,1,0,0,0,1,0,0,4,1,3,4,3,Software Engineer,Backend Developer,Frontend Developer
22,Female,Bachelor,AI,3.3,7,1,0,0,1,1,1,1,0,0,0,1,1,2,5,3,3,Machine Learning Engineer,Data Scientist,Business Intelligence Analyst
33,Male,Bachelor,Cybersecurity,3.44,3,1,0,1,0,1,0,0,0,1,1,1,1,5,3,5,3,Machine Learning Engineer,Software Engineer,DevOps Engineer
26,Male,PhD,Software Engineering,3.18,2,1,0,0,1,0,1,1,1,0,0,1,5,4,2,4,5,Business Intelligence Analyst,Cloud Engineer,Cybersecurity Analyst
27,Male,Bachelor,Computer Science,3.91,8,1,1,1,0,1,1,1,1,1,0,1,3,2,2,1,1,AI Researcher,Machine Learning Engineer,Software Engineer
26,Female,Master,AI,3.89,5,1,0,0,0,1,0,0,0,0,1,1,1,3,3,2,4,AI Researcher,Security Engineer,Machine Learning Engineer
28,Male,PhD,Computer Science,3.38,7,1,1,1,0,1,0,0,1,1,1,0,3,5,3,1,2,Machine Learning Engineer,Software Engineer,DevOps Engineer
24,Male,Master,Software Engineering,3.79,3,1,0,1,1,1,1,0,0,1,1,1,3,4,4,3,2,AI Researcher,Machine Learning Engineer,Data Scientist
33,Male,Bachelor,Data Science,3.62,2,0,1,0,1,0,0,1,0,1,0,0,1,4,4,1,5,Software Engineer,Cloud Engineer,Backend Developer
35,Female,Bachelor,Computer Science,2.78,7,1,1,1,1,1,0,0,1,0,0,0,4,2,3,1,5,Machine Learning Engineer,Software Engineer,Cybersecurity Analyst
32,Female,Bachelor,Computer Science,3.32,7,1,0,0,0,1,1,1,1,0,1,0,3,1,1,4,3,Machine Learning Engineer,Cloud Engineer,DevOps Engineer
21,Male,Bachelor,Computer Science,3.9,3,1,1,0,0,1,1,1,0,1,1,1,3,4,5,1,5,AI Researcher,Machine Learning Engineer,Software Engineer
28,Female,PhD,Software Engineering,3.44,7,1,1,0,0,1,1,1,1,0,1,0,3,2,2,1,1,Machine Learning Engineer,Software Engineer,Cloud Engineer
35,Male,Bachelor,Data Science,3.61,8,1,1,0,1,0,1,1,1,0,1,1,4,5,4,2,2,Business Intelligence Analyst,Software Engineer,Cloud Engineer
25,Female,Master,Computer Science,2.66,7,0,1,0,1,1,0,0,0,1,1,0,2,2,1,1,1,Full Stack Developer,Software Engineer,DevOps Engineer
33,Male,PhD,Data Science,2.53,6,0,1,0,0,0,1,1,1,1,1,0,2,2,4,3,4,Software Engineer,Cloud Engineer,DevOps Engineer
33,Female,Bachelor,Software Engineering,2.66,3,0,0,1,0,0,1,1,0,1,0,0,2,2,5,1,5,Software Engineer,Cloud Engineer,Backend Developer
26,Male,Master,AI,3.53,0,0,1,0,0,0,0,1,0,0,0,0,1,1,2,1,2,Software Engineer,Cloud Engineer,Backend Developer
29,Female,Master,Computer Science,2.76,6,1,0,0,1,1,1,0,1,1,0,1,3,2,2,1,2,Machine Learning Engineer,Data Scientist,Business Intelligence Analyst
23,Female,Master,Software Engineering,2.8,5,1,1,0,0,0,0,1,1,1,1,0,2,2,4,5,4,Software Engineer,Cloud Engineer,DevOps Engineer
22,Female,Master,Computer Science,2.75,1,0,1,1,1,0,0,1,1,1,0,0,1,1,4,2,3,Software Engineer,Cloud Engineer,Cybersecurity Analyst
25,Male,Bachelor,Software Engineering,3.42,6,0,1,1,0,1,0,0,1,1,0,0,1,3,5,4,2,Software Engineer,Cybersecurity Analyst,Backend Developer
34,Male,Bachelor,Computer Science,3.8,3,1,1,0,0,1,1,0,1,1,1,1,3,3,3,3,4,AI Researcher,Machine Learning Engineer,Software Engineer
28,Male,Bachelor,Software Engineering,2.91,3,0,0,1,1,0,1,0,0,0,1,0,3,1,2,4,3,Business Intelligence Analyst,Software Engineer,DevOps Engineer
34,Female,Master,Computer Science,3.12,2,0,0,1,0,1,1,1,1,1,1,1,3,2,5,2,2,Software Engineer,Cloud Engineer,DevOps Engineer
29,Female,Bachelor,AI,3.63,1,1,1,0,1,1,0,1,1,0,1,0,3,4,2,1,2,Machine Learning Engineer,Software Engineer,Cloud Engineer
26,Male,Master,AI,3.86,5,0,1,0,0,1,0,0,1,1,0,1,5,3,4,5,2,Software Engineer,Cybersecurity Analyst,AI Researcher
35,Male,Master,AI,3.76,3,1,1,0,1,1,0,1,0,1,0,1,2,1,2,1,1,AI Researcher,Machine Learning Engineer,Software Engineer
31,Female,PhD,Cybersecurity,2.62,1,0,1,1,1,1,1,0,1,0,0,1,4,3,1,4,3,Business Intelligence Analyst,Software Engineer,Cybersecurity Analyst
24,Male,PhD,Software Engineering,3.42,4,1,1,0,0,1,0,0,1,1,1,0,4,5,4,3,1,Machine Learning Engineer,Software Engineer,DevOps Engineer
35,Female,PhD,Software Engineering,2.75,4,1,0,1,0,1,1,0,0,0,1,0,1,3,3,2,1,Machine Learning Engineer,Software Engineer,DevOps Engineer
29,Female,PhD,Computer Science,3.37,3,1,1,1,1,0,0,1,0,1,1,1,4,2,2,5,2,Security Engineer,Software Engineer,Cloud Engineer
33,Female,Master,Software Engineering,2.94,5,0,1,1,0,0,0,0,0,0,0,1,2,4,4,2,5,Software Engineer,Backend Developer,Security Engineer
23,Male,PhD,Software Engineering,3.35,0,0,1,1,1,0,1,1,1,1,0,1,4,4,1,3,4,Business Intelligence Analyst,Software Engineer,Cloud Engineer
31,Male,PhD,Computer Science,3.33,8,0,0,1,0,1,0,1,1,0,0,0,4,5,1,5,2,Software Engineer,Cloud Engineer,Cybersecurity Analyst
30,Male,PhD,Computer Science,2.87,3,1,1,1,1,0,0,1,1,0,1,1,5,2,1,4,3,Software Engineer,Cloud Engineer,DevOps Engineer
34,Male,PhD,Cybersecurity,2.63,0,0,1,0,1,1,0,0,1,0,0,1,2,3,5,1,5,Software Engineer,Cybersecurity Analyst,Backend Developer
31,Female,Master,AI,3.12,3,1,1,0,1,0,0,0,0,1,1,0,3,4,3,5,3,Software Engineer,DevOps Engineer,Backend Developer
34,Female,Master,AI,2.9,8,1,1,0,0,1,0,0,1,1,1,1,2,1,5,5,5,Machine Learning Engineer,Software Engineer,DevOps Engineer
34,Female,PhD,Computer Science,3.45,0,1,1,0,0,1,0,1,0,0,0,0,2,1,5,3,5,Machine Learning Engineer,Software Engineer,Cloud Engineer
24,Female,Bachelor,Cybersecurity,2.93,7,0,1,0,0,0,1,0,0,1,1,0,1,1,1,1,5,Software Engineer,DevOps Engineer,Backend Developer
21,Male,PhD,Cybersecurity,2.92,2,1,0,1,0,0,1,0,0,1,0,1,2,4,3,4,4,Software Engineer,Backend Developer,Frontend Developer
32,Male,Bachelor,Cybersecurity,3.34,0,1,1,1,1,1,1,1,1,1,1,0,1,2,1,4,1,Machine Learning Engineer,Data Scientist,Business Intelligence Analyst
34,Female,PhD,Software Engineering,3.68,4,1,0,0,0,0,0,0,1,0,0,1,1,4,2,2,3,Cybersecurity Analyst,Security Engineer,Machine Learning Engineer
27,Male,Bachelor,Software Engineering,3.12,1,0,0,0,0,1,0,0,0,0,0,1,3,5,3,5,3,Security Engineer,Machine Learning Engineer,Data Scientist
28,Female,Bachelor,Cybersecurity,2.8,1,0,0,0,0,1,1,1,1,0,1,1,4,4,2,2,1,Cloud Engineer,DevOps Engineer,Cybersecurity Analyst
30,Female,Bachelor,AI,2.65,2,0,0,0,1,0,1,0,0,1,0,1,5,4,1,1,4,Business Intelligence Analyst,Data Analyst,Frontend Developer
31,Female,Bachelor,Computer Science,2.98,5,1,0,0,1,1,0,1,0,0,1,0,5,5,1,4,2,Machine Learning Engineer,Cloud Engineer,DevOps Engineer
30,Female,Bachelor,Data Science,2.88,3,1,1,1,1,1,0,0,1,1,1,0,4,3,2,4,5,Machine Learning Engineer,Software Engineer,DevOps Engineer
27,Female,Bachelor,AI,3.92,2,0,0,0,1,1,1,0,0,1,1,0,5,4,3,4,4,Business Intelligence Analyst,DevOps Engineer,AI Researcher
23,Female,PhD,Computer Science,2.58,5,0,1,1,0,1,1,0,1,0,0,0,2,4,3,2,1,Software Engineer,Cybersecurity Analyst,Backend Developer
25,Male,Bachelor,Cybersecurity,3.83,3,1,1,1,1,0,1,1,0,0,0,1,2,5,1,3,1,Business Intelligence Analyst,Software Engineer,Cloud Engineer
27,Male,Master,Software Engineering,3.88,2,1,0,1,0,1,0,1,0,1,1,1,1,4,1,4,3,AI Researcher,Machine Learning Engineer,Software Engineer
23,Male,PhD,Software Engineering,3.9,1,0,1,1,1,0,1,0,1,0,0,1,4,1,4,1,3,Business Intelligence Analyst,Software Engineer,Cybersecurity Analyst
32,Female,Bachelor,Data Science,3.74,5,0,1,1,1,1,0,0,1,0,1,0,4,1,2,1,4,Software Engineer,DevOps Engineer,Cybersecurity Analyst
33,Male,Bachelor,Computer Science,3.85,4,0,1,1,0,0,1,0,0,0,1,1,1,3,5,3,4,Software Engineer,DevOps Engineer,AI Researcher
26,Female,Bachelor,Data Science,2.65,4,1,1,0,1,0,1,0,0,1,0,1,5,1,1,3,2,Business Intelligence Analyst,Software Engineer,Data Analyst
23,Female,PhD,Cybersecurity,3.34,4,1,1,0,0,0,0,1,0,0,0,1,3,1,3,3,3,Software Engineer,Cloud Engineer,Backend Developer
26,Male,PhD,Cybersecurity,2.59,5,1,1,0,1,1,1,0,0,1,1,1,1,3,1,1,3,Machine Learning Engineer,Data Scientist,Business Intelligence Analyst
25,Male,PhD,AI,2.73,4,0,0,1,1,0,1,0,0,1,0,0,2,5,4,4,3,Business Intelligence Analyst,Software Engineer,Data Analyst
28,Female,Bachelor,Data Science,2.75,8,1,0,0,0,0,1,0,0,1,1,1,3,1,1,2,5,DevOps Engineer,Frontend Developer,Security Engineer
35,Female,PhD,Computer Science,2.66,7,0,1,1,1,0,1,0,1,1,0,0,2,5,1,4,3,Business Intelligence Analyst,Software Engineer,Cybersecurity Analyst
35,Male,Bachelor,AI,2.82,6,0,0,1,0,0,0,0,1,0,0,0,2,1,4,1,2,Software Engineer,Cybersecurity Analyst,Backend Developer
32,Female,PhD,AI,2.8,0,0,1,1,0,0,0,1,1,0,1,0,4,3,5,5,2,Software Engineer,Cloud Engineer,DevOps Engineer
35,Female,Master,Data Science,2.85,4,0,1,0,1,1,1,0,0,0,0,0,5,3,4,2,2,Business Intelligence Analyst,Software Engineer,Data Analyst
28,Male,Master,Computer Science,2.58,0,1,1,1,1,0,1,1,0,1,1,0,5,4,2,4,3,Business Intelligence Analyst,Software Engineer,Cloud Engineer
29,Female,PhD,AI,3.02,2,1,1,1,0,1,1,1,0,0,1,1,1,4,1,2,4,Machine Learning Engineer,Software Engineer,Cloud Engineer
32,Male,Master,Data Science,3.73,3,1,1,1,1,1,0,0,0,1,1,1,2,5,2,3,1,AI Researcher,Machine Learning Engineer,Software Engineer
27,Male,Bachelor,Data Science,2.83,4,1,1,0,1,1,1,0,1,0,1,0,1,2,5,3,4,Machine Learning Engineer,Data Scientist,Business Intelligence Analyst
22,Female,PhD,Software Engineering,3.75,2,0,0,0,0,1,0,0,1,1,1,0,2,4,5,2,2,DevOps Engineer,Cybersecurity Analyst,AI Researcher
24,Female,Bachelor,Computer Science,2.75,6,0,1,1,0,0,0,1,0,1,0,1,3,2,4,4,4,Software Engineer,Cloud Engineer,Backend Developer
35,Female,PhD,Computer Science,3.51,0,0,1,0,0,1,1,1,0,1,0,1,1,2,1,1,2,Software Engineer,Cloud Engineer,Backend Developer
27,Female,Bachelor,Cybersecurity,3.56,7,1,0,0,1,0,0,1,0,1,1,1,2,3,2,1,3,Cloud Engineer,DevOps Engineer,Frontend Developer
26,Female,Master,Cybersecurity,3.82,0,1,1,1,1,1,1,1,0,0,1,1,2,3,4,3,2,AI Researcher,Machine Learning Engineer,Data Scientist
34,Female,Master,Software Engineering,3.21,1,0,0,0,0,0,1,1,1,1,1,1,3,2,2,3,4,Cloud Engineer,DevOps Engineer,Cybersecurity Analyst
21,Female,Master,Cybersecurity,2.81,8,0,1,0,1,1,1,0,1,0,1,0,4,3,2,5,4,Business Intelligence Analyst,Software Engineer,DevOps Engineer
34,Female,PhD,Cybersecurity,2.78,5,0,1,0,0,1,0,0,0,0,1,1,4,1,1,5,3,Software Engineer,DevOps Engineer,Backend Developer
26,Female,Bachelor,Software Engineering,3.06,6,0,0,1,0,0,0,1,0,1,1,0,2,5,2,3,2,Software Engineer,Cloud Engineer,DevOps Engineer
35,Male,Bachelor,Software Engineering,3.55,1,0,1,0,0,1,0,0,0,0,1,0,4,3,3,2,4,Software Engineer,DevOps Engineer,Backend Developer
34,Male,Bachelor,Computer Science,2.93,5,0,1,0,0,1,1,1,0,1,0,0,4,3,3,3,3,Software Engineer,Cloud Engineer,Backend Developer
26,Male,PhD,Software Engineering,2.73,4,0,0,1,0,1,0,0,1,1,1,0,5,5,2,5,3,Software Engineer,DevOps Engineer,Cybersecurity Analyst
30,Male,PhD,Data Science,2.72,4,1,0,1,0,0,0,0,0,0,0,1,1,3,4,1,5,Software Engineer,Backend Developer,Security Engineer
24,Female,PhD,Software Engineering,3.08,0,0,0,1,0,0,1,0,0,0,1,1,1,4,4,5,4,Software Engineer,DevOps Engineer,Backend Developer
27,Male,Master,Cybersecurity,3.1,0,0,0,0,0,1,0,0,1,1,1,1,2,5,4,3,2,DevOps Engineer,Cybersecurity Analyst,Frontend Developer
34,Male,Bachelor,Cybersecurity,3.69,0,0,0,0,1,1,0,0,1,0,0,1,1,5,5,2,5,Cybersecurity Analyst,Security Engineer,Machine Learning Engineer
22,Male,PhD,Cybersecurity,3.92,8,1,1,0,0,1,1,0,1,0,0,1,5,2,1,3,4,AI Researcher,Machine Learning Engineer,Software Engineer
21,Female,PhD,Cybersecurity,2.73,4,1,0,1,0,1,1,0,1,1,0,1,4,1,4,3,5,Machine Learning Engineer,Software Engineer,Cybersecurity Analyst
25,Female,Bachelor,Software Engineering,3.61,4,0,0,0,1,0,0,0,0,1,1,1,4,5,3,3,4,DevOps Engineer,Frontend Developer,Security Engineer
24,Female,Bachelor,AI,3.19,4,1,0,1,1,1,1,0,1,0,1,1,4,3,1,3,5,Business Intelligence Analyst,Data Analyst,Machine Learning Engineer
35,Male,PhD,AI,2.74,6,1,1,0,0,0,1,0,1,0,0,0,2,2,3,1,5,Software Engineer,Cybersecurity Analyst,Backend Developer
21,Female,Bachelor,AI,3.26,8,1,0,1,0,1,1,0,1,0,1,1,2,2,1,3,1,Machine Learning Engineer,Software Engineer,DevOps Engineer
23,Female,Master,Software Engineering,2.72,8,0,1,0,0,1,0,1,1,0,1,1,1,1,4,2,1,Software Engineer,Cloud Engineer,DevOps Engineer
30,Female,PhD,Data Science,3.54,6,0,1,0,1,1,0,1,1,1,1,1,5,2,5,2,5,Software Engineer,Cloud Engineer,DevOps Engineer
26,Male,PhD,AI,3.79,7,1,0,0,0,0,1,0,1,1,0,1,5,3,1,1,5,Cybersecurity Analyst,AI Researcher,Frontend Developer
29,Male,Master,Software Engineering,3.57,0,1,1,1,1,1,0,0,1,0,1,1,5,4,2,4,3,Machine Learning Engineer,Software Engineer,DevOps Engineer
29,Female,Master,Software Engineering,3.25,0,0,1,0,0,0,1,1,1,0,1,0,2,2,2,1,1,Software Engineer,Cloud Engineer,DevOps Engineer
26,Male,Bachelor,Computer Science,3.54,0,0,0,0,1,1,0,1,1,1,0,1,5,5,4,1,4,Cloud Engineer,Cybersecurity Analyst,Frontend Developer
32,Male,Master,Software Engineering,3.85,6,1,1,1,1,0,1,1,0,0,0,1,4,5,1,5,2,Business Intelligence Analyst,Software Engineer,Cloud Engineer
23,Female,Master,Cybersecurity,3.36,6,1,0,1,0,0,0,1,0,0,1,0,2,3,4,4,5,Software Engineer,Cloud Engineer,DevOps Engineer
32,Female,Master,Software Engineering,3.66,5,1,1,0,1,0,0,1,1,1,0,0,3,3,4,4,2,Software Engineer,Cloud Engineer,Cybersecurity Analyst
26,Female,PhD,AI,3.07,0,1,0,1,1,0,0,1,1,0,0,1,2,2,3,2,5,Software Engineer,Cloud Engineer,Cybersecurity Analyst
25,Female,Master,AI,3.2,2,1,0,1,0,0,1,1,1,0,1,1,2,1,5,5,3,Software Engineer,Cloud Engineer,DevOps Engineer
31,Male,PhD,Data Science,2.91,6,0,1,0,0,0,0,0,0,0,1,0,5,1,5,3,3,Software Engineer,DevOps Engineer,Backend Developer
30,Female,PhD,Computer Science,2.9,4,1,0,1,1,0,0,0,1,1,0,0,1,1,5,4,2,Software Engineer,Cybersecurity Analyst,Backend Developer
26,Male,PhD,AI,2.71,1,1,0,0,1,1,0,1,0,1,1,1,4,3,3,2,4,Machine Learning Engineer,Cloud Engineer,DevOps Engineer
33,Female,Bachelor,Computer Science,3.71,8,1,1,0,0,1,1,0,1,1,0,1,2,1,4,5,1,AI Researcher,Machine Learning Engineer,Software Engineer
22,Male,Bachelor,Software Engineering,3.11,7,0,1,1,0,0,1,0,0,1,1,1,1,5,1,3,1,Software Engineer,DevOps Engineer,Backend Developer
23,Male,Master,Data Science,2.75,5,1,1,0,1,0,1,0,1,0,0,0,4,4,2,2,2,Business Intelligence Analyst,Software Engineer,Cybersecurity Analyst
22,Female,Bachelor,Cybersecurity,2.79,4,1,0,0,1,1,0,0,1,1,1,1,5,2,5,1,1,Machine Learning Engineer,DevOps Engineer,Cybersecurity Analyst
21,Female,Master,Cybersecurity,3.87,8,1,0,1,1,0,1,0,0,1,0,0,5,1,5,4,5,Business Intelligence Analyst,Software Engineer,AI Researcher
31,Female,Master,Data Science,3.16,4,0,0,0,1,0,1,0,0,1,0,1,5,1,2,1,4,Business Intelligence Analyst,Data Analyst,Frontend Developer
30,Male,PhD,Software Engineering,3.48,8,1,0,0,0,0,0,0,1,0,1,0,4,1,5,1,1,DevOps Engineer,Cybersecurity Analyst,Business Intelligence Analyst
35,Female,Master,Data Science,2.76,3,1,1,0,0,0,0,0,0,0,0,0,2,2,4,2,2,Software Engineer,Backend Developer,Machine Learning Engineer
22,Female,Bachelor,Cybersecurity,2.8,8,0,0,0,1,1,1,1,0,0,1,1,4,5,4,1,4,Business Intelligence Analyst,Cloud Engineer,DevOps Engineer
24,Female,Master,Cybersecurity,2.74,2,0,0,1,1,0,0,0,0,1,0,0,2,5,3,2,2,Software Engineer,Data Analyst,Backend Developer
27,Female,Master,Software Engineering,3.12,5,0,1,1,0,0,0,1,0,0,0,1,2,5,3,3,4,Software Engineer,Cloud Engineer,Backend Developer
22,Female,PhD,Cybersecurity,3.58,7,1,0,0,1,1,0,1,0,1,0,1,2,3,2,1,4,Machine Learning Engineer,Cloud Engineer,Data Scientist
24,Female,Bachelor,Cybersecurity,3.02,2,0,1,1,0,1,1,0,1,0,1,1,3,4,5,1,4,Software Engineer,DevOps Engineer,Cybersecurity Analyst
32,Male,Master,Software Engineering,2.86,6,1,1,1,1,1,1,0,1,0,0,1,1,5,4,3,3,Machine Learning Engineer,Data Scientist,Business Intelligence Analyst
23,Male,Master,Software Engineering,2.91,0,0,1,0,0,1,0,0,0,1,0,1,4,1,1,5,5,Software Engineer,Backend Developer,Frontend Developer
23,Male,PhD,AI,3.06,6,1,1,1,0,0,1,0,1,1,1,0,3,3,1,3,5,Software Engineer,DevOps Engineer,Cybersecurity Analyst
33,Male,Master,Cybersecurity,2.97,7,1,0,1,0,0,0,0,1,0,0,0,3,4,1,2,1,Software Engineer,Cybersecurity Analyst,Backend Developer
31,Female,Bachelor,Software Engineering,2.82,4,0,1,0,0,0,0,0,0,1,0,1,5,5,2,3,3,Software Engineer,Backend Developer,Frontend Developer
34,Male,PhD,Cybersecurity,3.31,8,1,1,0,1,0,1,1,1,0,1,0,4,2,4,2,4,Business Intelligence Analyst,Software Engineer,Cloud Engineer
25,Male,Master,Computer Science,2.6,5,0,0,1,1,1,0,0,0,1,0,1,4,2,2,5,2,Software Engineer,Backend Developer,Frontend Developer
33,Female,Master,AI,3.65,2,1,1,1,0,1,0,0,1,0,0,1,2,5,2,1,2,Machine Learning Engineer,Software Engineer,Cybersecurity Analyst
28,Male,Bachelor,Cybersecurity,3.93,7,0,0,1,1,1,0,0,0,1,1,0,1,1,4,5,3,Software Engineer,DevOps Engineer,AI Researcher
30,Male,Bachelor,Computer Science,2.81,3,0,0,1,1,1,0,1,0,0,0,0,2,5,2,5,5,Software Engineer,Cloud Engineer,Backend Developer
29,Male,Master,Computer Science,3.16,0,1,0,0,0,1,0,0,0,0,1,0,4,3,2,1,5,Machine Learning Engineer,DevOps Engineer,Data Scientist
34,Female,Master,AI,3.03,6,1,0,0,0,0,0,1,1,1,1,0,2,1,4,3,3,Cloud Engineer,DevOps Engineer,Cybersecurity Analyst
22,Female,Bachelor,Cybersecurity,3.28,4,1,0,0,1,0,1,1,1,1,0,0,3,5,3,1,3,Business Intelligence Analyst,Cloud Engineer,Cybersecurity Analyst
23,Male,Bachelor,Cybersecurity,3.45,4,0,1,0,1,0,0,0,1,0,1,1,1,1,4,1,3,Software Engineer,DevOps Engineer,Cybersecurity Analyst
30,Female,Master,AI,3.05,8,1,1,0,0,0,0,0,0,1,1,0,4,2,1,2,3,Full Stack Developer,Software Engineer,DevOps Engineer
26,Female,Master,Software Engineering,2.73,1,0,1,1,1,1,1,0,0,1,1,1,5,3,1,2,1,Business Intelligence Analyst,Software Engineer,DevOps Engineer
33,Male,PhD,Software Engineering,2.51,7,0,1,0,0,1,0,1,0,1,0,0,3,3,1,1,4,Software Engineer,Cloud Engineer,Backend Developer
35,Female,PhD,Computer Science,3.62,7,1,1,1,1,0,1,1,0,1,1,0,2,3,1,2,1,Business Intelligence Analyst,Software Engineer,Cloud Engineer
34,Male,Master,Software Engineering,3.63,5,0,1,1,0,1,0,1,1,1,1,0,2,5,5,3,2,Software Engineer,Cloud Engineer,DevOps Engineer
27,Male,PhD,Software Engineering,2.98,6,1,0,1,0,1,1,1,0,0,0,1,4,4,1,1,3,Machine Learning Engineer,Software Engineer,Cloud Engineer
21,Male,Master,Cybersecurity,3.39,0,0,1,0,0,1,1,1,1,0,0,1,3,1,5,1,4,Software Engineer,Cloud Engineer,Cybersecurity Analyst
23,Female,PhD,Data Science,2.71,8,0,1,1,1,0,1,0,0,0,1,1,2,2,1,5,5,Business Intelligence Analyst,Software Engineer,DevOps Engineer
31,Female,PhD,Data Science,2.83,7,0,1,0,0,1,1,1,0,0,1,1,4,3,4,1,4,Software Engineer,Cloud Engineer,DevOps Engineer
21,Female,PhD,AI,3.26,2,1,1,1,0,1,0,1,1,1,1,0,5,4,5,1,4,Machine Learning Engineer,Software Engineer,Cloud Engineer
26,Female,Master,Cybersecurity,2.62,5,0,0,0,0,0,1,1,0,1,0,0,3,1,1,1,2,Cloud Engineer,Frontend Developer,Full Stack Developer
33,Female,Bachelor,Data Science,3.67,1,0,1,0,1,0,1,1,1,1,0,0,3,4,1,4,4,Business Intelligence Analyst,Software Engineer,Cloud Engineer
23,Female,PhD,Data Science,3.78,3,1,0,0,1,0,1,1,1,0,1,0,4,1,2,2,4,Business Intelligence Analyst,Cloud Engineer,DevOps Engineer
34,Male,Bachelor,Cybersecurity,3.65,2,0,0,0,1,1,1,0,0,1,0,0,4,2,2,2,3,Business Intelligence Analyst,Data Analyst,Frontend Developer
33,Male,Bachelor,Software Engineering,2.84,1,1,0,0,0,1,1,0,0,1,0,0,1,1,5,1,1,Machine Learning Engineer,Data Scientist,AI Researcher
32,Female,Master,Computer Science,3.3,1,1,0,1,0,1,1,0,1,0,0,0,2,4,4,1,4,Machine Learning Engineer,Software Engineer,Cybersecurity Analyst
28,Male,PhD,Data Science,3.49,4,1,0,0,1,1,1,1,0,0,1,1,4,3,5,2,4,Business Intelligence Analyst,Machine Learning Engineer,Data Scientist
23,Male,Master,AI,2.58,0,1,0,1,1,1,0,1,1,0,1,0,3,2,1,3,2,Machine Learning Engineer,Software Engineer,Cloud Engineer
28,Male,Master,Data Science,2.69,4,1,1,1,1,0,0,1,1,1,0,1,5,3,3,3,2,Software Engineer,Cloud Engineer,Cybersecurity Analyst
31,Male,Bachelor,Cybersecurity,2.77,0,0,1,0,0,1,1,0,0,1,0,0,3,4,3,3,1,Software Engineer,Backend Developer,Frontend Developer
24,Male,Master,Software Engineering,3.09,8,0,0,0,0,0,0,0,0,1,0,1,3,1,1,2,3,Frontend Developer,Security Engineer,Full Stack Developer
28,Male,Bachelor,Computer Science,2.9,6,0,1,1,0,1,0,1,1,0,1,0,1,4,1,5,1,Software Engineer,Cloud Engineer,DevOps Engineer
21,Female,Bachelor,Data Science,2.52,0,0,0,1,1,0,1,1,1,0,0,0,1,4,1,3,3,Business Intelligence Analyst,Software Engineer,Cloud Engineer
27,Female,Bachelor,Cybersecurity,3.34,6,0,1,1,0,1,1,1,0,1,1,0,2,2,1,2,3,Software Engineer,Cloud Engineer,DevOps Engineer
28,Male,Master,Data Science,3.9,6,0,1,1,0,1,0,1,1,1,1,0,3,4,3,4,1,Software Engineer,Cloud Engineer,DevOps Engineer
29,Female,Bachelor,AI,3.4,7,1,1,0,0,0,1,1,0,0,0,1,4,2,2,3,1,Software Engineer,Cloud Engineer,Backend Developer
26,Female,Master,Cybersecurity,3.83,4,1,0,0,0,0,0,1,1,1,0,1,2,1,4,1,3,Cloud Engineer,Cybersecurity Analyst,AI Researcher
31,Female,Master,Software Engineering,3.52,7,0,1,0,0,1,1,0,1,0,1,1,2,2,4,4,4,Software Engineer,DevOps Engineer,Cybersecurity Analyst
30,Male,Bachelor,Software Engineering,3.8,2,0,1,0,0,1,0,1,0,0,0,0,1,2,5,4,4,Software Engineer,Cloud Engineer,AI Researcher
33,Female,Bachelor,Software Engineering,2.82,0,1,1,0,1,1,0,0,0,1,0,1,1,4,2,2,5,Machine Learning Engineer,Software Engineer,Data Scientist
34,Female,PhD,Data Science,2.91,5,1,1,0,0,1,1,0,1,1,0,0,1,4,3,4,2,Machine Learning Engineer,Software Engineer,Cybersecurity Analyst
32,Male,Master,Computer Science,2.75,3,1,1,0,0,0,0,1,1,0,1,0,1,2,3,4,3,Software Engineer,Cloud Engineer,DevOps Engineer
30,Female,PhD,Software Engineering,2.94,2,0,0,1,1,1,1,0,0,1,1,1,4,2,4,4,1,Business Intelligence Analyst,Software Engineer,DevOps Engineer
32,Male,Master,AI,2.65,6,1,0,1,1,0,1,0,1,1,1,1,4,5,3,1,5,Business Intelligence Analyst,Software Engineer,DevOps Engineer
25,Female,PhD,Cybersecurity,3.98,8,1,0,1,1,0,0,0,0,1,1,1,3,3,3,2,1,Software Engineer,DevOps Engineer,AI Researcher
25,Female,Master,Cybersecurity,2.6,5,0,1,1,0,0,1,1,1,1,0,1,2,5,4,3,2,Software Engineer,Cloud Engineer,Cybersecurity Analyst
24,Female,Master,AI,2.72,7,1,1,1,0,0,1,1,0,0,0,1,3,4,2,2,3,Software Engineer,Cloud Engineer,Backend Developer
31,Male,PhD,Computer Science,3.22,6,0,1,1,1,0,0,0,1,0,1,0,1,5,3,5,3,Software Engineer,DevOps Engineer,Cybersecurity Analyst
35,Male,PhD,AI,3.68,2,1,1,0,0,0,0,1,1,0,1,0,3,5,3,2,4,Software Engineer,Cloud Engineer,DevOps Engineer
24,Male,Master,Cybersecurity,3.15,7,1,0,0,0,1,1,0,1,0,1,0,4,1,3,3,2,Machine Learning Engineer,DevOps Engineer,Cybersecurity Analyst
27,Female,PhD,Computer Science,3.43,6,1,0,1,1,1,1,0,0,1,1,0,3,4,4,1,1,Machine Learning Engineer,Data Scientist,Business Intelligence Analyst
27,Female,Master,Computer Science,2.52,4,1,0,0,0,0,0,0,1,1,0,1,1,5,1,1,2,Cybersecurity Analyst,Frontend Developer,Security Engineer
25,Male,Master,Software Engineering,3.09,7,1,1,1,1,1,1,0,1,1,0,1,5,2,4,2,2,Business Intelligence Analyst,Machine Learning Engineer,Data Scientist
30,Female,Bachelor,Data Science,2.52,5,1,1,0,0,1,1,0,0,1,0,1,2,1,1,2,3,Machine Learning Engineer,Software Engineer,Data Scientist
21,Male,Bachelor,Cybersecurity,2.59,1,1,0,0,1,0,1,0,0,1,1,1,2,3,1,4,3,Business Intelligence Analyst,DevOps Engineer,Data Analyst
30,Female,Master,Cybersecurity,3.64,2,1,1,0,1,1,0,0,0,1,1,0,3,3,3,4,2,Machine Learning Engineer,Software Engineer,DevOps Engineer
24,Male,Bachelor,Computer Science,2.99,5,0,0,1,0,0,0,1,0,1,1,0,2,5,3,4,4,Software Engineer,Cloud Engineer,DevOps Engineer
35,Male,PhD,Data Science,3.33,7,0,1,1,1,0,1,1,0,1,0,0,3,1,5,5,5,Business Intelligence Analyst,Software Engineer,Cloud Engineer
22,Female,Master,Software Engineering,3.58,5,1,1,0,1,0,0,0,1,0,1,0,3,2,5,5,2,Software Engineer,DevOps Engineer,Cybersecurity Analyst
21,Female,Master,Cybersecurity,2.77,2,1,0,1,0,0,1,0,0,0,0,1,1,1,5,2,5,Software Engineer,Backend Developer,Security Engineer
35,Female,Bachelor,Data Science,3.12,5,0,0,1,1,0,0,1,0,1,1,1,2,3,4,2,2,Software Engineer,Cloud Engineer,DevOps Engineer
33,Male,Master,Data Science,2.69,6,0,1,1,0,0,0,1,0,1,1,1,3,3,4,3,2,Software Engineer,Cloud Engineer,DevOps Engineer
27,Female,Master,AI,3.41,3,0,1,0,1,0,1,0,1,1,1,0,2,3,4,5,1,Business Intelligence Analyst,Software Engineer,DevOps Engineer
31,Male,Bachelor,Software Engineering,2.66,1,0,1,1,1,1,0,1,0,1,0,0,5,5,3,3,1,Software Engineer,Cloud Engineer,Backend Developer
30,Male,PhD,AI,2.59,8,1,1,1,1,1,0,1,1,0,0,0,3,2,1,1,4,Machine Learning Engineer,Software Engineer,Cloud Engineer
23,Female,Bachelor,Cybersecurity,2.95,5,0,1,0,1,1,0,1,1,1,0,0,2,5,1,1,2,Software Engineer,Cloud Engineer,Cybersecurity Analyst
33,Male,Master,Cybersecurity,2.53,6,1,1,1,0,0,0,1,0,0,1,1,5,3,5,3,5,Software Engineer,Cloud Engineer,DevOps Engineer
27,Male,PhD,Software Engineering,2.64,0,1,0,1,1,0,1,0,1,1,0,0,1,3,1,5,1,Business Intelligence Analyst,Software Engineer,Cybersecurity Analyst
35,Female,Master,Cybersecurity,2.62,8,1,1,1,0,1,0,1,0,0,0,0,2,2,5,1,4,Machine Learning Engineer,Software Engineer,Cloud Engineer
34,Male,Bachelor,Data Science,3.45,7,1,1,1,1,0,0,1,0,0,1,1,5,4,5,5,4,Software Engineer,Cloud Engineer,DevOps Engineer
29,Male,Master,Data Science,2.79,7,1,0,0,0,0,0,1,0,0,1,1,1,3,4,4,4,Cloud Engineer,DevOps Engineer,Security Engineer
29,Female,Bachelor,Computer Science,3.74,2,1,1,0,1,0,0,1,0,1,0,1,3,3,5,1,3,Software Engineer,Cloud Engineer,AI Researcher
21,Female,Master,Computer Science,3.52,8,1,0,1,0,0,1,0,1,0,0,1,3,1,2,1,2,Software Engineer,Cybersecurity Analyst,Backend Developer
34,Female,Bachelor,Software Engineering,3.85,1,1,1,1,1,1,0,1,0,1,1,1,3,3,1,3,4,AI Researcher,Machine Learning Engineer,Software Engineer
34,Female,Bachelor,Data Science,3.57,2,1,0,0,1,0,0,0,0,1,1,0,4,4,2,2,1,DevOps Engineer,Frontend Developer,Full Stack Developer
22,Male,Master,Software Engineering,3.59,8,1,1,0,0,1,1,1,1,0,0,1,4,1,5,5,1,Machine Learning Engineer,Software Engineer,Cloud Engineer
23,Male,PhD,AI,2.82,7,1,0,0,1,1,1,1,0,0,1,1,1,3,1,5,1,Machine Learning Engineer,Data Scientist,Business Intelligence Analyst
22,Female,PhD,AI,3.57,2,1,0,0,1,0,1,0,1,1,1,1,1,4,2,1,3,DevOps Engineer,Business Intelligence Analyst,Cybersecurity Analyst
32,Male,Master,Computer Science,2.87,2,0,0,0,1,0,1,1,1,0,0,0,1,2,4,5,3,Business Intelligence Analyst,Cloud Engineer,Cybersecurity Analyst
33,Female,Master,Computer Science,2.91,2,1,0,0,0,1,1,1,1,1,0,0,2,3,4,2,1,Machine Learning Engineer,Cloud Engineer,Cybersecurity Analyst
23,Male,Bachelor,AI,2.86,6,0,0,1,1,0,1,0,0,0,1,0,1,5,3,4,3,Business Intelligence Analyst,Software Engineer,DevOps Engineer
29,Female,Master,Data Science,2.7,1,0,1,1,1,1,0,0,0,0,0,0,4,5,5,5,1,Software Engineer,Backend Developer,Business Intelligence Analyst
22,Female,PhD,Software Engineering,3.45,5,1,0,1,0,0,0,0,1,1,1,0,1,1,5,4,2,Software Engineer,DevOps Engineer,Cybersecurity Analyst
33,Female,Master,AI,3.46,3,0,0,0,1,1,1,1,1,0,1,0,3,2,2,2,5,Business Intelligence Analyst,Cloud Engineer,DevOps Engineer
35,Male,Bachelor,Software Engineering,3.95,3,0,1,1,1,0,1,0,1,1,1,0,1,3,2,3,4,Business Intelligence Analyst,Software Engineer,DevOps Engineer
23,Female,Bachelor,Data Science,3.13,3,1,0,1,1,1,0,1,1,0,0,0,5,5,2,5,3,Machine Learning Engineer,Software Engineer,Cloud Engineer
28,Female,Bachelor,Cybersecurity,2.6,1,1,1,0,0,1,1,0,0,0,1,0,1,5,4,2,1,Machine Learning Engineer,Software Engineer,DevOps Engineer
35,Female,Master,Data Science,3.26,5,1,0,1,0,1,1,1,1,1,1,1,2,5,5,4,5,Machine Learning Engineer,Software Engineer,Cloud Engineer
28,Female,PhD,Software Engineering,2.78,1,1,0,1,1,1,0,1,0,0,0,1,1,3,5,1,1,Machine Learning Engineer,Software Engineer,Cloud Engineer
24,Female,Bachelor,Computer Science,3.08,4,1,0,1,1,1,1,0,1,0,0,0,4,4,4,3,1,Business Intelligence Analyst,Machine Learning Engineer,Data Scientist
28,Female,Bachelor,Computer Science,3.11,1,0,1,0,0,0,1,0,0,0,0,1,5,5,1,5,4,Software Engineer,Backend Developer,Security Engineer
28,Male,Bachelor,Data Science,2.73,2,1,1,1,0,1,0,0,1,0,0,0,1,4,5,3,5,Machine Learning Engineer,Software Engineer,Cybersecurity Analyst
23,Male,Master,AI,2.76,3,0,1,1,0,0,0,0,0,0,1,0,5,4,1,5,5,Software Engineer,DevOps Engineer,Backend Developer
32,Male,Bachelor,Software Engineering,2.55,0,0,1,0,0,0,0,1,1,0,0,1,4,5,3,3,1,Software Engineer,Cloud Engineer,Cybersecurity Analyst
33,Male,Bachelor,Cybersecurity,2.66,2,0,1,1,1,0,0,1,1,1,1,0,1,2,4,4,3,Software Engineer,Cloud Engineer,DevOps Engineer
23,Female,PhD,Cybersecurity,3.02,6,0,1,1,0,1,0,0,1,1,1,1,4,3,3,3,3,Software Engineer,DevOps Engineer,Cybersecurity Analyst
21,Male,Master,Data Science,3.37,0,0,1,0,0,1,1,1,1,0,1,1,2,2,1,2,5,Software Engineer,Cloud Engineer,DevOps Engineer
27,Female,Bachelor,Cybersecurity,2.8,7,1,0,1,0,0,1,0,1,0,0,1,5,5,1,2,3,Software Engineer,Cybersecurity Analyst,Backend Developer
29,Female,Master,Software Engineering,2.6,2,1,1,1,1,0,0,1,0,0,0,1,4,2,3,2,2,Software Engineer,Cloud Engineer,Backend Developer
25,Male,PhD,Computer Science,2.8,6,1,1,1,1,0,1,1,1,1,1,0,2,4,1,4,2,Business Intelligence Analyst,Software Engineer,Cloud Engineer
24,Female,Bachelor,Data Science,2.51,1,1,0,1,1,1,1,0,0,1,0,0,4,2,2,2,3,Business Intelligence Analyst,Machine Learning Engineer,Data Scientist
25,Male,Master,AI,3.84,0,1,0,1,0,0,0,1,1,1,1,1,5,2,1,5,3,Software Engineer,Cloud Engineer,DevOps Engineer
25,Male,Bachelor,Cybersecurity,3.11,3,1,0,0,1,1,0,0,0,1,1,1,2,1,1,5,1,AI Researcher,Machine Learning Engineer,DevOps Engineer
28,Female,PhD,Cybersecurity,2.9,5,1,0,1,0,1,1,0,1,1,1,1,2,1,3,2,2,Machine Learning Engineer,Software Engineer,DevOps Engineer
35,Male,Master,Cybersecurity,3.52,2,0,1,0,1,1,0,0,0,1,0,1,2,3,5,2,2,Software Engineer,Backend Developer,Frontend Developer
25,Female,PhD,AI,2.8,4,0,0,0,1,0,1,1,1,0,1,0,5,5,5,4,4,Business Intelligence Analyst,Cloud Engineer,DevOps Engineer
24,Female,PhD,Computer Science,4.0,6,0,1,0,0,0,0,1,1,1,1,0,3,4,2,1,3,Software Engineer,Cloud Engineer,DevOps Engineer
29,Male,Master,AI,2.93,3,0,1,0,0,0,0,0,0,1,1,0,4,2,4,3,2,Software Engineer,DevOps Engineer,Backend Developer
26,Female,Master,Software Engineering,3.19,0,1,1,0,1,0,1,1,0,1,0,0,5,3,5,5,2,Business Intelligence Analyst,Data Scientist,Software Engineer
21,Male,PhD,AI,2.72,7,1,0,1,1,1,0,0,1,1,0,1,5,1,1,2,4,Machine Learning Engineer,Software Engineer,Cybersecurity Analyst
24,Female,Bachelor,Data Science,3.7,2,0,0,1,1,0,0,1,1,0,1,0,2,3,5,3,4,Software Engineer,Cloud Engineer,DevOps Engineer
28,Female,Master,Computer Science,3.27,2,0,1,0,1,1,1,1,1,1,1,1,2,5,3,3,4,Business Intelligence Analyst,Software Engineer,Cloud Engineer
21,Male,Bachelor,Cybersecurity,3.91,3,1,0,1,1,0,1,0,1,0,1,0,3,2,3,4,4,Business Intelligence Analyst,Software Engineer,DevOps Engineer
34,Female,PhD,Cybersecurity,3.89,8,0,0,1,1,0,0,1,1,1,0,1,4,2,1,3,4,Software Engineer,Cloud Engineer,Cybersecurity Analyst
23,Male,PhD,AI,3.44,5,1,0,1,0,1,1,0,0,0,0,1,3,1,3,3,2,Machine Learning Engineer,Software Engineer,Data Scientist
30,Male,Bachelor,Computer Science,3.2,7,0,0,0,1,1,0,0,1,0,1,1,5,2,4,2,5,DevOps Engineer,Cybersecurity Analyst,Security Engineer
26,Female,PhD,Software Engineering,3.91,5,1,1,1,1,0,1,1,1,0,1,0,1,4,1,4,5,Business Intelligence Analyst,Software Engineer,Cloud Engineer
28,Male,Bachelor,Cybersecurity,3.26,7,0,0,1,1,0,1,1,1,0,1,1,3,4,4,3,4,Business Intelligence Analyst,Software Engineer,Cloud Engineer
25,Female,PhD,Software Engineering,2.94,1,1,1,0,1,0,1,1,0,1,0,0,1,4,2,1,1,Business Intelligence Analyst,Software Engineer,Cloud Engineer
26,Male,Master,Cybersecurity,2.92,8,1,1,1,0,0,0,1,1,0,0,0,5,1,1,1,2,Software Engineer,Cloud Engineer,Cybersecurity Analyst
27,Female,PhD,Software Engineering,3.7,7,1,0,1,1,1,0,0,0,0,0,1,2,3,3,5,5,Machine Learning Engineer,Software Engineer,Data Scientist
30,Male,PhD,AI,3.58,6,1,0,1,1,1,1,1,0,1,1,0,3,4,4,3,1,Machine Learning Engineer,Data Scientist,Business Intelligence Analyst
28,Female,Master,Computer Science,2.91,0,1,0,1,1,1,0,0,1,0,0,0,2,4,4,3,1,Machine Learning Engineer,Software Engineer,Cybersecurity Analyst
27,Male,Bachelor,Computer Science,3.95,1,0,1,0,0,1,0,0,1,0,0,1,1,1,2,5,1,Software Engineer,Cybersecurity Analyst,Machine Learning Engineer
24,Female,Master,Software Engineering,2.68,6,1,1,1,0,0,0,0,0,0,1,0,2,4,4,5,3,Software Engineer,DevOps Engineer,Backend Developer
29,Female,PhD,Cybersecurity,3.67,1,1,1,0,1,1,1,1,0,1,1,0,4,4,5,4,1,Business Intelligence Analyst,Machine Learning Engineer,Data Scientist
35,Male,Bachelor,Software Engineering,3.18,6,0,1,1,1,1,0,1,0,1,1,0,5,3,1,4,5,Software Engineer,Cloud Engineer,DevOps Engineer
28,Female,Master,Cybersecurity,3.97,6,0,1,1,0,1,1,1,0,0,0,1,5,5,1,3,5,Software Engineer,Cloud Engineer,AI Researcher
35,Male,Bachelor,Software Engineering,3.31,7,1,0,0,0,1,0,1,0,0,0,1,3,2,5,5,4,Machine Learning Engineer,Cloud Engineer,Data Scientist
21,Male,PhD,Cybersecurity,3.46,8,0,0,0,0,0,0,1,1,1,1,0,1,3,3,1,1,Cloud Engineer,DevOps Engineer,Cybersecurity Analyst
26,Female,Bachelor,Cybersecurity,3.73,1,1,1,0,1,0,1,0,1,1,1,1,3,3,1,1,1,Business Intelligence Analyst,Software Engineer,DevOps Engineer
24,Female,PhD,Data Science,3.21,8,1,0,0,0,1,1,1,1,1,0,1,2,2,3,4,3,Machine Learning Engineer,Cloud Engineer,Cybersecurity Analyst
29,Male,Master,Data Science,3.1,4,1,0,1,0,1,0,0,1,0,1,0,1,3,2,1,1,Machine Learning Engineer,Software Engineer,DevOps Engineer
31,Female,Bachelor,Computer Science,3.49,2,0,0,1,1,0,0,1,0,1,0,0,4,5,3,1,3,Software Engineer,Cloud Engineer,Backend Developer
28,Male,Bachelor,AI,2.55,0,1,1,1,1,0,1,0,0,0,1,0,1,1,5,2,5,Business Intelligence Analyst,Software Engineer,DevOps Engineer
27,Female,PhD,Cybersecurity,3.48,2,0,0,0,0,0,1,1,0,0,0,0,1,2,2,5,1,Cloud Engineer,Machine Learning Engineer,Data Scientist
23,Female,Bachelor,AI,3.2,3,1,0,1,1,0,0,1,1,1,1,1,1,4,1,5,3,Software Engineer,Cloud Engineer,DevOps Engineer
27,Male,Master,Cybersecurity,3.29,6,1,1,0,1,1,0,1,1,1,1,1,2,3,3,2,5,AI Researcher,Machine Learning Engineer,Software Engineer
21,Male,Master,Software Engineering,2.74,0,1,1,1,0,1,1,1,0,0,0,0,4,5,1,4,5,Machine Learning Engineer,Software Engineer,Cloud Engineer
27,Female,PhD,Computer Science,3.97,5,1,1,1,1,1,1,0,0,0,1,0,1,5,5,4,2,Machine Learning Engineer,AI Researcher,Data Scientist
32,Female,Bachelor,Computer Science,3.23,1,1,0,0,0,1,1,1,0,1,1,0,1,1,5,2,5,Machine Learning Engineer,Cloud Engineer,DevOps Engineer
29,Female,Master,Software Engineering,3.14,8,1,0,0,0,1,1,0,1,1,0,1,4,4,2,3,4,Machine Learning Engineer,Cybersecurity Analyst,Data Scientist
30,Female,Master,AI,2.88,8,0,1,1,0,0,1,0,1,0,0,0,5,4,5,1,3,Software Engineer,Cybersecurity Analyst,Backend Developer
30,Female,Bachelor,Data Science,3.15,1,1,0,1,1,1,1,1,0,1,1,0,1,1,1,5,3,Machine Learning Engineer,Data Scientist,Business Intelligence Analyst
21,Male,Bachelor,Software Engineering,3.19,7,0,0,0,0,1,0,1,1,1,1,0,1,5,1,4,2,Cloud Engineer,DevOps Engineer,Cybersecurity Analyst
22,Male,PhD,Data Science,3.4,8,0,0,0,0,0,1,0,1,0,1,0,5,4,1,4,2,DevOps Engineer,Cybersecurity Analyst,Business Intelligence Analyst
26,Male,Bachelor,Cybersecurity,3.6,4,0,1,1,0,1,0,0,1,1,1,0,1,4,2,2,4,Software Engineer,DevOps Engineer,Cybersecurity Analyst
26,Male,Master,Data Science,3.98,3,1,1,1,0,1,0,1,1,0,0,0,4,3,5,1,5,AI Researcher,Machine Learning Engineer,Software Engineer
25,Female,PhD,Computer Science,3.79,8,1,0,0,0,0,0,0,0,0,1,1,1,5,1,1,1,DevOps Engineer,AI Researcher,Security Engineer
28,Male,Master,AI,2.91,5,1,1,1,0,0,0,0,0,0,0,0,5,5,3,2,5,Software Engineer,Backend Developer,Cloud Engineer
34,Male,Bachelor,Cybersecurity,3.79,4,1,1,1,1,0,0,1,0,1,1,0,5,2,2,3,1,Software Engineer,Cloud Engineer,DevOps Engineer
22,Female,Master,Software Engineering,3.21,0,1,1,1,0,1,0,1,1,0,0,1,1,5,3,2,5,Machine Learning Engineer,Software Engineer,Cloud Engineer
24,Female,Master,Data Science,2.92,3,0,0,0,0,1,0,0,1,1,0,0,5,1,1,4,5,Cybersecurity Analyst,Frontend Developer,Full Stack Developer
35,Male,PhD,AI,2.52,7,0,1,0,1,0,1,0,1,0,0,0,2,4,3,1,5,Business Intelligence Analyst,Software Engineer,Cybersecurity Analyst
29,Female,Bachelor,Computer Science,3.38,1,1,1,1,1,0,1,0,0,0,0,1,3,5,1,2,3,Business Intelligence Analyst,Software Engineer,Data Analyst
35,Female,PhD,Data Science,2.55,2,1,0,1,1,1,0,0,1,1,0,0,3,3,5,2,3,Machine Learning Engineer,Software Engineer,Cybersecurity Analyst
33,Male,Bachelor,Cybersecurity,3.4,4,1,0,0,1,1,0,0,0,0,1,0,5,3,2,4,4,Machine Learning Engineer,DevOps Engineer,Data Scientist
34,Female,Master,AI,2.64,7,1,1,1,1,0,0,1,1,1,0,0,5,1,5,5,3,Software Engineer,Cloud Engineer,Cybersecurity Analyst
25,Female,Bachelor,AI,2.72,0,0,1,1,1,1,0,0,0,0,0,1,4,5,1,2,4,Software Engineer,Backend Developer,Security Engineer
31,Female,Master,Data Science,3.81,3,1,1,1,1,1,0,1,1,0,0,1,5,2,1,3,2,AI Researcher,Machine Learning Engineer,Software Engineer
29,Female,Bachelor,Software Engineering,2.62,1,1,0,0,0,1,1,0,1,0,1,1,1,2,2,1,2,Machine Learning Engineer,DevOps Engineer,Cybersecurity Analyst
35,Female,Bachelor,Data Science,3.98,4,1,0,1,1,0,1,0,0,1,1,0,4,5,5,5,5,Business Intelligence Analyst,Software Engineer,DevOps Engineer
22,Male,Master,Cybersecurity,3.73,3,1,1,0,1,1,0,0,0,0,1,1,1,4,3,5,3,AI Researcher,Machine Learning Engineer,Software Engineer
22,Female,Bachelor,Data Science,3.32,6,0,0,1,0,1,0,1,0,1,0,1,5,2,2,3,5,Software Engineer,Cloud Engineer,Backend Developer
27,Female,PhD,Computer Science,3.16,1,1,0,1,1,0,0,1,1,1,0,1,3,1,5,3,3,Software Engineer,Cloud Engineer,Cybersecurity Analyst
22,Female,Bachelor,Software Engineering,3.44,5,1,1,0,1,0,0,1,0,0,0,0,5,2,1,1,4,Software Engineer,Cloud Engineer,Backend Developer
35,Male,PhD,Computer Science,3.7,6,1,1,1,0,1,0,0,0,0,0,0,2,3,1,1,1,Machine Learning Engineer,Software Engineer,Data Scientist
31,Male,PhD,Cybersecurity,2.73,4,0,1,0,0,1,1,0,1,1,0,1,5,2,3,2,5,Software Engineer,Cybersecurity Analyst,Backend Developer
26,Male,Bachelor,Software Engineering,3.21,7,0,0,0,1,0,0,1,0,1,1,0,3,2,3,2,1,Cloud Engineer,DevOps Engineer,Frontend Developer
24,Female,Master,Computer Science,3.3,3,1,0,1,0,1,1,0,1,0,0,1,4,4,3,4,1,Machine Learning Engineer,Software Engineer,Cybersecurity Analyst
25,Female,Bachelor,Cybersecurity,3.61,6,0,1,1,1,0,1,0,0,0,1,1,1,1,3,4,2,Business Intelligence Analyst,Software Engineer,DevOps Engineer
29,Male,PhD,Data Science,3.54,0,0,1,1,1,0,0,1,1,0,1,0,1,4,4,3,3,Software Engineer,Cloud Engineer,DevOps Engineer
35,Female,PhD,Software Engineering,3.59,1,1,0,1,1,0,0,0,1,1,0,0,3,3,5,5,3,Software Engineer,Cybersecurity Analyst,Backend Developer
29,Male,Bachelor,Computer Science,2.83,0,0,0,1,0,1,0,1,1,0,1,0,4,2,3,5,5,Software Engineer,Cloud Engineer,DevOps Engineer
25,Female,Bachelor,Data Science,3.26,1,0,1,0,0,1,0,0,1,0,1,1,4,2,5,4,1,Software Engineer,DevOps Engineer,Cybersecurity Analyst
28,Female,Master,Computer Science,3.88,8,0,0,1,1,1,0,1,1,0,1,1,5,2,3,3,3,Software Engineer,Cloud Engineer,DevOps Engineer
26,Female,PhD,Computer Science,3.04,5,1,0,0,0,1,1,1,0,1,1,1,3,3,5,3,5,Machine Learning Engineer,Cloud Engineer,DevOps Engineer
35,Male,Master,Software Engineering,3.19,2,0,0,1,0,0,0,0,1,1,1,0,1,5,1,1,1,Software Engineer,DevOps Engineer,Cybersecurity Analyst
35,Female,Master,Data Science,2.8,2,1,1,1,0,1,1,0,1,0,0,0,4,4,2,4,5,Machine Learning Engineer,Software Engineer,Cybersecurity Analyst
23,Female,PhD,Data Science,3.99,6,1,1,1,1,0,0,1,0,1,1,1,5,1,1,5,1,Software Engineer,Cloud Engineer,DevOps Engineer
26,Female,Bachelor,AI,3.66,7,1,1,0,0,0,0,1,1,0,0,0,3,3,4,5,1,Software Engineer,Cloud Engineer,Cybersecurity Analyst
24,Male,Master,Data Science,2.66,5,0,1,1,0,0,1,0,1,0,1,1,2,3,3,2,5,Software Engineer,DevOps Engineer,Cybersecurity Analyst
23,Male,Master,Computer Science,2.63,6,1,1,0,0,0,0,1,1,0,1,1,5,5,4,2,1,Software Engineer,Cloud Engineer,DevOps Engineer
24,Female,Master,AI,3.88,6,1,0,1,0,1,1,0,0,0,0,1,1,5,2,4,5,AI Researcher,Machine Learning Engineer,Software Engineer
28,Male,Master,Computer Science,3.63,8,0,1,0,0,0,0,1,0,1,1,0,2,2,2,3,4,Software Engineer,Cloud Engineer,DevOps Engineer
28,Female,Bachelor,Computer Science,2.68,4,0,0,0,1,1,1,1,1,0,0,1,4,1,3,3,3,Business Intelligence Analyst,Cloud Engineer,Cybersecurity Analyst
22,Female,Bachelor,Software Engineering,2.85,2,0,1,0,0,0,0,1,0,1,0,0,2,4,3,4,4,Software Engineer,Cloud Engineer,Backend Developer
31,Female,Bachelor,Data Science,2.67,0,0,1,1,1,0,0,1,1,1,0,1,5,4,3,2,5,Software Engineer,Cloud Engineer,Cybersecurity Analyst
32,Male,Master,Software Engineering,3.63,1,0,0,1,0,0,0,1,0,0,1,0,5,3,5,2,2,Software Engineer,Cloud Engineer,DevOps Engineer
22,Male,Master,Cybersecurity,3.0,3,1,0,0,1,1,1,1,0,1,0,1,4,4,1,2,4,Business Intelligence Analyst,Machine Learning Engineer,Data Scientist
34,Male,Master,Computer Science,3.55,6,1,1,1,0,0,1,1,0,1,1,0,5,4,2,5,5,Software Engineer,Cloud Engineer,DevOps Engineer
32,Male,PhD,AI,3.09,7,0,1,1,1,1,0,0,0,0,0,0,4,4,4,2,2,Software Engineer,Backend Developer,Business Intelligence Analyst
29,Female,Master,AI,3.77,5,0,0,1,1,1,1,0,1,0,0,1,3,5,3,3,4,Business Intelligence Analyst,Software Engineer,Cybersecurity Analyst
27,Male,PhD,Data Science,2.72,8,1,0,1,1,0,1,0,0,1,1,0,5,1,3,1,2,Business Intelligence Analyst,Software Engineer,DevOps Engineer
24,Male,Bachelor,Software Engineering,3.6,3,1,0,0,1,1,0,1,0,1,1,1,3,4,4,3,3,Machine Learning Engineer,Cloud Engineer,DevOps Engineer
34,Male,Bachelor,AI,2.72,4,1,1,1,0,1,0,1,0,1,0,0,3,4,5,4,3,Machine Learning Engineer,Software Engineer,Cloud Engineer
34,Male,Bachelor,Cybersecurity,3.46,6,1,1,1,0,0,1,0,0,1,1,0,4,3,3,5,4,Software Engineer,DevOps Engineer,Backend Developer
24,Female,Bachelor,Software Engineering,3.33,1,0,0,0,0,1,0,1,1,1,0,0,2,1,2,2,1,Cloud Engineer,Cybersecurity Analyst,Frontend Developer
32,Male,Bachelor,Software Engineering,3.55,8,0,0,0,1,0,1,0,0,0,1,0,5,5,5,2,4,Business Intelligence Analyst,DevOps Engineer,Data Analyst
22,Female,Master,AI,3.52,0,1,1,0,1,0,1,1,1,0,1,1,5,1,2,1,2,Business Intelligence Analyst,Software Engineer,Cloud Engineer
27,Female,PhD,Cybersecurity,2.68,4,0,0,0,1,0,0,0,1,0,1,1,2,3,3,5,2,DevOps Engineer,Cybersecurity Analyst,Security Engineer
30,Male,PhD,Data Science,3.89,8,0,1,1,1,0,1,0,1,0,1,1,2,2,1,5,4,Software Engineer,Business Intelligence Analyst,DevOps Engineer
34,Male,Master,Cybersecurity,3.12,2,0,0,0,1,0,1,1,0,0,0,1,4,3,5,1,1,Business Intelligence Analyst,Cloud Engineer,Data Analyst
32,Male,Master,Computer Science,2.72,2,0,1,0,1,1,0,0,0,0,1,1,5,4,2,5,2,Software Engineer,DevOps Engineer,Backend Developer
32,Female,Master,Computer Science,2.62,4,1,0,0,1,1,1,0,0,0,1,1,4,5,1,3,1,Business Intelligence Analyst,Machine Learning Engineer,Data Scientist
29,Female,PhD,AI,3.73,1,0,1,0,0,0,0,0,0,1,1,1,5,5,2,4,2,Software Engineer,DevOps Engineer,AI Researcher
22,Female,Master,AI,4.0,3,0,1,0,0,0,1,0,0,0,0,0,2,5,3,4,2,Software Engineer,AI Researcher,Backend Developer
31,Female,PhD,AI,3.17,0,1,1,0,0,1,1,0,1,1,0,0,1,2,4,3,1,Machine Learning Engineer,Software Engineer,Cybersecurity Analyst
22,Female,Master,Software Engineering,3.59,6,1,0,1,1,1,1,0,1,0,1,1,1,3,1,3,3,Machine Learning Engineer,Data Scientist,Business Intelligence Analyst
32,Female,Bachelor,Cybersecurity,2.76,5,1,0,1,1,1,1,0,0,0,0,1,3,2,2,1,1,Machine Learning Engineer,Data Scientist,Business Intelligence Analyst
26,Female,PhD,Computer Science,3.0,8,0,0,1,1,1,1,0,0,0,1,0,4,3,3,4,3,Business Intelligence Analyst,Software Engineer,DevOps Engineer
30,Female,Master,Software Engineering,3.87,5,0,1,0,1,1,1,0,1,0,0,1,5,3,4,1,3,Business Intelligence Analyst,Software Engineer,Cybersecurity Analyst
25,Male,Bachelor,Software Engineering,3.12,6,0,0,1,0,0,0,1,1,0,0,1,1,3,2,1,1,Software Engineer,Cloud Engineer,Cybersecurity Analyst
28,Female,Bachelor,AI,2.66,3,0,1,1,1,1,0,1,1,0,1,0,3,3,5,1,4,Software Engineer,Cloud Engineer,DevOps Engineer
28,Female,Master,Computer Science,2.91,1,1,1,1,1,1,1,0,1,1,0,1,3,3,3,2,3,Machine Learning Engineer,Data Scientist,Business Intelligence Analyst
25,Male,Bachelor,Data Science,3.97,5,0,1,1,1,1,0,0,1,1,0,0,5,3,3,4,1,Software Engineer,Cybersecurity Analyst,AI Researcher
26,Male,Master,Cybersecurity,2.56,1,0,0,1,0,0,1,0,1,0,1,1,1,5,2,1,2,Software Engineer,DevOps Engineer,Cybersecurity Analyst
22,Female,Bachelor,AI,3.14,4,1,1,1,1,0,1,1,1,0,0,0,3,5,3,4,1,Business Intelligence Analyst,Software Engineer,Cloud Engineer
23,Female,Master,Computer Science,3.26,6,1,1,0,1,1,0,1,0,0,0,0,2,4,2,1,2,Machine Learning Engineer,Software Engineer,Cloud Engineer
30,Female,PhD,AI,3.59,4,0,0,1,1,0,1,1,0,1,0,0,5,2,4,5,4,Business Intelligence Analyst,Software Engineer,Cloud Engineer
28,Male,Master,Data Science,2.71,0,1,1,0,0,0,1,0,0,0,0,1,2,1,3,1,4,Software Engineer,Backend Developer,Security Engineer
31,Female,PhD,Computer Science,3.7,1,0,0,0,0,0,0,0,0,1,1,1,4,2,4,1,2,DevOps Engineer,Frontend Developer,Security Engineer
21,Male,Bachelor,Computer Science,2.51,2,0,0,0,0,0,1,1,1,0,0,0,4,1,5,5,5,Cloud Engineer,Cybersecurity Analyst,Business Intelligence Analyst
32,Female,Bachelor,Data Science,3.14,5,0,0,0,0,1,1,1,0,1,0,1,1,2,1,4,1,Cloud Engineer,Frontend Developer,Security Engineer
33,Male,PhD,Cybersecurity,3.52,4,0,0,1,0,1,0,1,1,1,0,1,1,1,3,5,1,Cloud Engineer,Software Engineer,Cybersecurity Analyst
27,Male,Master,Software Engineering,3.47,0,0,0,0,1,1,1,1,0,0,1,0,3,3,3,3,1,Data Scientist,Business Intelligence Analyst,Cloud Engineer
27,Male,PhD,Computer Science,2.67,4,0,1,0,0,1,1,0,0,1,0,1,3,1,1,4,5,Software Engineer,Backend Developer,Frontend Developer
30,Female,Master,Cybersecurity,3.22,4,0,1,1,0,0,0,0,0,1,1,1,3,3,1,1,1,Software Engineer,DevOps Engineer,Backend Developer
31,Female,PhD,Cybersecurity,2.99,5,0,1,0,1,1,0,1,0,0,0,1,1,2,5,2,1,Software Engineer,Cloud Engineer,Backend Developer
35,Male,PhD,AI,2.57,4,1,0,0,1,1,0,1,0,1,0,1,2,5,4,1,3,Machine Learning Engineer,Cloud Engineer,Data Scientist
30,Female,Bachelor,Software Engineering,3.18,7,0,1,1,1,1,0,0,1,1,1,0,5,1,3,4,5,Software Engineer,DevOps Engineer,Cybersecurity Analyst
27,Female,PhD,AI,3.91,7,1,1,0,1,0,1,0,0,1,1,0,3,4,2,2,3,Business Intelligence Analyst,Software Engineer,DevOps Engineer
21,Female,PhD,AI,2.98,6,1,0,0,0,0,1,1,1,1,0,0,3,2,2,2,1,Cloud Engineer,Cybersecurity Analyst,Frontend Developer
23,Female,Master,Cybersecurity,3.47,0,0,1,1,0,1,0,1,0,0,1,0,3,2,4,5,5,Software Engineer,Cloud Engineer,DevOps Engineer
31,Male,Master,Computer Science,2.5,1,1,0,1,1,0,0,0,1,0,1,0,2,2,1,4,2,Software Engineer,DevOps Engineer,Cybersecurity Analyst
29,Male,Master,AI,3.62,1,0,0,1,0,1,0,0,0,0,1,1,3,2,2,3,1,Software Engineer,DevOps Engineer,Backend Developer
27,Female,PhD,Data Science,3.5,2,1,1,0,1,1,1,0,0,0,1,0,3,4,3,2,5,Machine Learning Engineer,Data Scientist,Business Intelligence Analyst
24,Female,PhD,Computer Science,3.98,0,0,0,1,0,0,0,1,0,0,1,0,4,1,5,3,3,Software Engineer,Cloud Engineer,DevOps Engineer
32,Male,PhD,Cybersecurity,3.01,8,0,1,1,1,0,0,0,1,1,1,0,4,3,4,1,2,Software Engineer,DevOps Engineer,Cybersecurity Analyst
30,Male,Master,Computer Science,2.78,3,1,1,0,0,0,0,1,0,1,1,1,3,5,1,5,3,Software Engineer,Cloud Engineer,DevOps Engineer
32,Male,Bachelor,AI,2.78,3,0,0,1,1,0,0,1,1,0,1,1,2,4,3,5,2,Software Engineer,Cloud Engineer,DevOps Engineer
21,Female,Master,AI,3.08,6,1,0,1,1,0,1,1,0,0,0,1,2,4,1,2,3,Business Intelligence Analyst,Software Engineer,Cloud Engineer
35,Male,PhD,Cybersecurity,3.83,2,1,0,1,1,0,0,0,0,0,1,0,4,3,5,1,5,Software Engineer,DevOps Engineer,AI Researcher
25,Female,Master,Software Engineering,2.69,2,0,0,1,1,1,1,1,0,1,0,0,4,4,1,1,4,Business Intelligence Analyst,Software Engineer,Cloud Engineer
27,Male,Master,Computer Science,3.44,8,0,1,0,1,1,0,0,0,1,0,0,3,1,4,4,1,Software Engineer,Backend Developer,Frontend Developer
23,Female,Bachelor,Computer Science,3.21,4,0,0,0,1,1,1,0,0,0,0,0,1,2,1,5,3,Business Intelligence Analyst,Data Analyst,Data Scientist
31,Male,PhD,Data Science,3.09,1,0,1,0,0,0,0,1,0,0,0,1,3,3,2,2,4,Software Engineer,Cloud Engineer,Backend Developer
30,Female,Bachelor,AI,3.88,3,1,0,1,1,0,0,0,0,1,1,1,2,5,4,4,1,Software Engineer,DevOps Engineer,AI Researcher
27,Male,PhD,Software Engineering,2.83,7,1,0,0,0,1,1,0,0,1,1,0,5,3,1,1,1,Machine Learning Engineer,DevOps Engineer,Data Scientist
28,Female,PhD,Software Engineering,3.16,5,0,1,0,1,0,0,0,0,1,1,1,5,3,5,1,2,Software Engineer,DevOps Engineer,Backend Developer
22,Female,PhD,Computer Science,3.88,8,1,1,0,1,1,1,1,0,1,1,1,4,4,3,1,2,AI Researcher,Business Intelligence Analyst,Machine Learning Engineer
35,Female,PhD,Software Engineering,3.36,6,0,0,1,0,0,1,1,1,0,1,0,1,2,5,5,1,Software Engineer,Cloud Engineer,DevOps Engineer
33,Female,Master,Cybersecurity,3.63,1,0,0,0,0,1,0,0,0,0,0,1,3,3,4,1,1,Security Engineer,Machine Learning Engineer,Data Scientist
34,Female,Bachelor,Software Engineering,3.4,1,0,0,1,0,0,0,0,1,1,1,1,5,3,2,5,3,Software Engineer,DevOps Engineer,Cybersecurity Analyst
25,Male,PhD,Cybersecurity,3.29,2,1,0,1,0,1,1,0,0,0,1,0,5,4,2,1,4,Machine Learning Engineer,Software Engineer,DevOps Engineer
29,Female,Master,Software Engineering,3.64,7,0,0,0,0,1,1,0,1,0,1,1,2,3,1,5,4,DevOps Engineer,Cybersecurity Analyst,Security Engineer
32,Male,PhD,Data Science,3.69,0,0,0,0,0,0,0,0,1,1,0,0,2,1,1,5,5,Cybersecurity Analyst,Frontend Developer,Full Stack Developer
23,Male,Master,Cybersecurity,3.48,6,1,1,1,0,0,1,0,0,0,1,1,5,4,1,5,2,Software Engineer,DevOps Engineer,Backend Developer
31,Female,Bachelor,AI,3.23,2,0,1,0,0,1,1,0,1,0,1,0,2,1,3,4,3,Software Engineer,DevOps Engineer,Cybersecurity Analyst
33,Female,Master,Cybersecurity,2.68,7,1,0,1,0,1,1,0,1,0,1,1,4,1,5,4,1,Machine Learning Engineer,Software Engineer,DevOps Engineer
22,Male,Master,Data Science,2.84,8,0,0,1,1,0,1,1,0,0,1,1,3,1,4,2,1,Business Intelligence Analyst,Software Engineer,Cloud Engineer
25,Male,Master,Computer Science,3.33,4,1,0,0,1,0,1,0,0,1,1,1,5,5,2,4,3,Business Intelligence Analyst,DevOps Engineer,Data Analyst
22,Female,PhD,Cybersecurity,3.99,7,0,1,1,1,1,0,1,0,1,0,1,1,3,5,2,4,Software Engineer,Cloud Engineer,AI Researcher
30,Female,PhD,Software Engineering,2.72,8,1,0,0,1,1,0,1,0,1,0,0,5,3,1,2,5,Machine Learning Engineer,Cloud Engineer,Data Scientist
34,Female,Master,Cybersecurity,3.14,4,0,1,0,0,1,1,1,0,0,1,1,1,3,5,1,3,Software Engineer,Cloud Engineer,DevOps Engineer
23,Female,Master,Computer Science,3.32,7,1,0,1,1,1,1,1,1,1,0,0,3,1,1,4,3,Machine Learning Engineer,Data Scientist,Business Intelligence Analyst
22,Male,PhD,Software Engineering,3.16,0,1,1,0,0,0,1,0,1,0,1,0,5,2,2,3,4,Software Engineer,DevOps Engineer,Cybersecurity Analyst
23,Male,Master,Cybersecurity,2.67,2,0,1,1,0,1,1,1,0,1,0,1,2,2,3,4,2,Software Engineer,Cloud Engineer,Backend Developer
22,Female,PhD,Data Science,3.1,8,1,0,1,0,1,0,0,1,0,1,1,4,5,5,1,4,Machine Learning Engineer,Software Engineer,DevOps Engineer
21,Male,Master,Cybersecurity,2.99,4,1,1,1,0,0,1,0,0,0,1,0,1,5,2,1,1,Software Engineer,DevOps Engineer,Backend Developer
30,Female,Master,Software Engineering,3.92,1,0,0,0,1,1,1,0,0,1,1,0,4,1,3,2,2,Business Intelligence Analyst,DevOps Engineer,AI Researcher
22,Male,Bachelor,AI,3.68,0,1,1,0,1,0,1,1,1,1,1,1,5,3,5,1,3,Business Intelligence Analyst,Software Engineer,Cloud Engineer
34,Female,PhD,Cybersecurity,2.76,4,1,1,1,0,1,1,0,0,1,1,1,1,5,1,1,3,Machine Learning Engineer,Software Engineer,DevOps Engineer
33,Female,PhD,Software Engineering,3.86,3,1,1,0,1,1,1,0,0,0,1,0,3,5,3,4,2,Business Intelligence Analyst,AI Researcher,Machine Learning Engineer
23,Male,Bachelor,Cybersecurity,3.58,2,1,1,0,1,0,1,1,0,0,0,0,5,4,1,4,1,Business Intelligence Analyst,Software Engineer,Cloud Engineer
28,Female,Bachelor,Data Science,3.43,6,0,1,1,0,0,1,0,0,0,1,1,5,4,4,1,4,Software Engineer,DevOps Engineer,Backend Developer
26,Male,Bachelor,AI,3.69,8,1,0,1,0,1,0,1,1,1,0,0,3,3,5,3,5,Machine Learning Engineer,Software Engineer,Cloud Engineer
29,Female,Bachelor,Computer Science,2.81,7,1,1,0,1,1,1,1,0,0,0,1,1,4,4,2,2,Machine Learning Engineer,Data Scientist,Business Intelligence Analyst
28,Female,Master,Software Engineering,3.64,2,0,0,1,1,0,1,0,1,0,0,0,4,4,2,5,1,Business Intelligence Analyst,Software Engineer,Cybersecurity Analyst
31,Female,Bachelor,Cybersecurity,2.91,8,0,0,1,0,1,1,0,1,0,1,1,2,2,5,4,5,Software Engineer,DevOps Engineer,Cybersecurity Analyst
21,Female,PhD,AI,2.71,5,1,0,0,1,0,0,1,0,0,0,0,3,4,5,1,5,Cloud Engineer,Machine Learning Engineer,Data Scientist
26,Male,PhD,Software Engineering,3.26,3,0,0,0,0,1,1,0,1,0,0,1,3,2,4,2,3,Cybersecurity Analyst,Security Engineer,Machine Learning Engineer
25,Female,Master,AI,3.46,0,0,1,0,1,1,0,0,0,1,1,1,2,2,1,4,5,Software Engineer,DevOps Engineer,Backend Developer
33,Male,Bachelor,Computer Science,3.58,1,1,1,1,0,1,1,0,1,1,1,0,1,5,2,3,3,Machine Learning Engineer,Software Engineer,DevOps Engineer
23,Female,Bachelor,Data Science,3.33,2,1,0,0,0,0,1,1,1,1,0,1,4,3,3,5,5,Cloud Engineer,Cybersecurity Analyst,Frontend Developer
21,Male,PhD,AI,2.67,0,1,1,1,1,1,0,0,1,0,0,1,2,2,2,5,3,Machine Learning Engineer,Software Engineer,Cybersecurity Analyst
26,Female,PhD,Data Science,3.23,1,1,1,1,0,1,1,0,1,0,1,1,1,3,5,5,1,Machine Learning Engineer,Software Engineer,DevOps Engineer
25,Female,Bachelor,Computer Science,3.97,3,1,1,0,0,0,0,1,0,0,0,1,5,5,1,1,1,Software Engineer,Cloud Engineer,AI Researcher
32,Female,Master,Software Engineering,3.64,8,1,1,1,1,0,1,0,0,1,1,0,5,1,1,4,5,Business Intelligence Analyst,Frontend Developer,Software Engineer
22,Female,Bachelor,Cybersecurity,3.62,4,0,1,0,0,1,1,0,1,1,1,1,5,3,4,1,4,Software Engineer,DevOps Engineer,Cybersecurity Analyst
26,Male,PhD,Computer Science,2.69,2,1,0,1,0,1,1,0,0,1,1,0,2,1,3,2,1,Machine Learning Engineer,Software Engineer,DevOps Engineer
25,Male,Master,Data Science,3.18,6,1,0,1,0,1,1,0,0,1,0,1,3,5,5,5,3,Machine Learning Engineer,Software Engineer,Data Scientist
28,Female,PhD,Software Engineering,3.01,7,0,0,0,1,1,0,0,0,0,0,1,4,4,2,5,2,Security Engineer,Business Intelligence Analyst,Machine Learning Engineer
28,Male,Master,AI,2.64,1,0,0,1,1,1,0,1,0,1,1,1,3,4,5,2,2,Software Engineer,Cloud Engineer,DevOps Engineer
30,Male,Master,Computer Science,3.29,6,0,0,1,0,1,0,1,1,0,1,1,3,3,2,4,2,Software Engineer,Cloud Engineer,DevOps Engineer
32,Female,PhD,Cybersecurity,2.8,1,1,0,1,0,1,0,1,0,0,1,0,1,3,5,2,4,Machine Learning Engineer,Software Engineer,Cloud Engineer
33,Female,Master,AI,3.69,3,0,0,1,1,1,0,0,1,1,1,0,4,1,5,5,4,Software Engineer,DevOps Engineer,Cybersecurity Analyst
23,Female,Bachelor,Software Engineering,2.77,6,1,1,1,1,0,1,0,0,0,1,0,3,3,2,3,1,Business Intelligence Analyst,Software Engineer,DevOps Engineer
33,Female,PhD,Cybersecurity,2.52,1,1,1,0,1,1,0,1,1,1,0,0,3,4,2,4,3,Machine Learning Engineer,Software Engineer,Cloud Engineer
29,Female,PhD,Software Engineering,3.85,0,0,1,1,0,1,0,0,1,0,0,0,1,4,1,3,2,Software Engineer,Cybersecurity Analyst,AI Researcher
27,Male,Bachelor,Software Engineering,3.84,0,1,1,1,1,0,0,0,0,1,1,0,5,4,5,4,2,Software Engineer,DevOps Engineer,AI Researcher
24,Male,Bachelor,Data Science,2.82,1,0,1,1,0,0,1,0,0,1,0,0,4,4,1,3,1,Software Engineer,Backend Developer,Frontend Developer
29,Female,Bachelor,Computer Science,3.81,7,1,1,1,0,1,0,0,1,1,0,0,4,2,4,3,4,AI Researcher,Machine Learning Engineer,Software Engineer
28,Female,PhD,Software Engineering,2.68,6,0,1,1,1,1,0,1,1,0,1,0,2,2,4,3,4,Software Engineer,Cloud Engineer,DevOps Engineer
23,Female,Master,Software Engineering,3.16,8,0,0,1,0,0,1,0,0,0,1,0,4,5,2,4,2,Software Engineer,DevOps Engineer,Backend Developer
31,Male,Master,Data Science,3.62,3,1,1,1,1,0,0,1,0,0,1,0,1,4,3,5,2,Software Engineer,Cloud Engineer,DevOps Engineer
35,Male,PhD,Cybersecurity,4.0,2,0,1,1,0,0,0,1,0,0,0,1,3,2,5,5,3,Software Engineer,Cloud Engineer,AI Researcher
23,Female,Bachelor,Software Engineering,3.03,5,1,1,0,1,0,0,1,1,0,1,1,1,3,3,1,5,Software Engineer,Cloud Engineer,DevOps Engineer
31,Male,Bachelor,Software Engineering,3.07,0,0,0,1,0,1,1,0,0,1,1,0,4,2,2,4,5,Software Engineer,DevOps Engineer,Backend Developer
24,Female,PhD,Software Engineering,3.25,7,1,0,1,0,0,1,1,0,0,1,0,4,1,2,3,3,Software Engineer,Cloud Engineer,DevOps Engineer
31,Male,PhD,AI,2.74,0,1,1,1,1,0,1,1,0,0,0,1,4,5,5,5,3,Business Intelligence Analyst,Software Engineer,Cloud Engineer
35,Female,Bachelor,AI,2.54,5,0,1,0,0,0,0,0,1,0,0,0,2,2,1,1,1,Software Engineer,Cybersecurity Analyst,Backend Developer
24,Male,Master,Computer Science,3.46,7,0,0,1,0,0,0,1,1,1,0,0,4,4,4,1,4,Software Engineer,Cloud Engineer,Cybersecurity Analyst
24,Female,Master,Cybersecurity,2.52,5,0,0,1,0,1,0,1,0,0,1,1,5,5,2,2,2,Software Engineer,Cloud Engineer,DevOps Engineer
33,Female,Master,Data Science,3.91,1,1,0,1,1,0,1,1,1,1,1,1,1,4,5,1,5,Business Intelligence Analyst,Software Engineer,Cloud Engineer
33,Male,Bachelor,Software Engineering,3.61,7,0,0,0,0,0,0,1,0,1,0,1,1,2,3,5,3,Cloud Engineer,Frontend Developer,Security Engineer
21,Female,Bachelor,Computer Science,3.48,7,1,0,1,0,0,0,1,1,1,1,0,2,2,1,5,3,Software Engineer,Cloud Engineer,DevOps Engineer
23,Female,PhD,Computer Science,3.82,3,0,1,0,1,0,0,1,0,1,0,1,1,1,3,5,3,Cloud Engineer,Software Engineer,AI Researcher
33,Male,Bachelor,Software Engineering,2.98,8,1,1,1,0,1,0,0,0,1,1,0,3,1,1,5,2,Machine Learning Engineer,Software Engineer,DevOps Engineer
25,Male,PhD,AI,2.71,4,0,0,0,1,0,0,1,0,1,1,1,4,4,4,3,5,Security Engineer,Cloud Engineer,DevOps Engineer
25,Male,Master,Cybersecurity,3.82,4,1,1,1,1,1,1,1,1,0,1,1,3,4,2,3,2,AI Researcher,Machine Learning Engineer,Data Scientist
23,Female,Master,Data Science,2.81,1,0,0,1,1,1,0,1,1,0,0,0,4,1,1,2,2,Software Engineer,Cloud Engineer,Cybersecurity Analyst
21,Male,Master,Data Science,3.46,8,0,1,0,1,0,0,0,0,0,1,0,4,3,5,3,3,Software Engineer,DevOps Engineer,Backend Developer
31,Male,Master,Software Engineering,3.4,1,0,1,0,1,1,1,1,1,0,0,0,2,4,1,4,3,Business Intelligence Analyst,Software Engineer,Cloud Engineer
32,Female,PhD,Data Science,3.93,0,1,0,0,0,1,0,1,1,0,1,1,3,1,3,3,5,AI Researcher,Machine Learning Engineer,Cloud Engineer
29,Male,Bachelor,Cybersecurity,2.95,1,0,1,0,0,0,1,1,0,1,0,1,4,1,2,4,5,Software Engineer,Cloud Engineer,Backend Developer
23,Male,Bachelor,Data Science,3.16,5,0,0,1,0,0,0,1,1,1,0,1,3,5,3,1,1,Software Engineer,Cloud Engineer,Cybersecurity Analyst
23,Male,PhD,Computer Science,2.95,1,0,1,1,1,1,1,1,0,0,0,0,1,2,2,1,1,Business Intelligence Analyst,Software Engineer,Cloud Engineer
35,Male,Bachelor,Software Engineering,2.83,4,0,0,1,0,0,1,1,1,0,0,1,5,2,4,2,4,Software Engineer,Cloud Engineer,Cybersecurity Analyst
33,Female,PhD,Cybersecurity,2.9,1,1,0,0,0,0,0,0,1,1,0,0,5,4,2,4,5,Cybersecurity Analyst,Frontend Developer,Full Stack Developer
28,Female,Master,Computer Science,3.62,0,0,0,1,0,0,0,1,1,1,1,0,5,1,3,2,4,Software Engineer,Cloud Engineer,DevOps Engineer
26,Female,Bachelor,Computer Science,2.61,3,1,1,1,0,1,1,1,1,0,0,0,2,2,5,1,1,Machine Learning Engineer,Software Engineer,Cloud Engineer
30,Male,Bachelor,Cybersecurity,3.22,0,0,0,1,1,1,1,0,0,1,1,0,3,2,2,2,3,Business Intelligence Analyst,Software Engineer,DevOps Engineer
21,Female,PhD,Software Engineering,2.56,2,1,1,0,0,0,0,1,0,0,0,1,2,1,3,1,3,Software Engineer,Cloud Engineer,Backend Developer
21,Male,PhD,Computer Science,3.02,7,1,0,0,0,0,1,1,1,0,1,0,4,4,2,2,2,Cloud Engineer,DevOps Engineer,Cybersecurity Analyst
24,Female,Bachelor,Software Engineering,3.65,0,1,0,0,1,1,1,1,0,0,1,0,4,3,2,1,1,Business Intelligence Analyst,Machine Learning Engineer,Data Scientist
27,Male,Master,Software Engineering,3.2,3,0,1,1,0,1,0,1,0,0,0,0,4,4,3,3,2,Software Engineer,Cloud Engineer,Backend Developer
29,Female,PhD,AI,3.0,0,0,0,1,1,0,0,0,0,1,1,0,2,3,1,2,4,Full Stack Developer,Software Engineer,DevOps Engineer
30,Male,PhD,Software Engineering,3.76,3,1,1,0,1,1,0,0,1,0,0,0,2,3,4,1,2,AI Researcher,Machine Learning Engineer,Software Engineer
22,Male,PhD,Software Engineering,2.71,6,0,0,1,0,0,1,0,1,0,0,1,5,5,5,2,1,Software Engineer,Cybersecurity Analyst,Backend Developer
28,Male,PhD,Cybersecurity,3.97,4,1,1,0,1,0,0,0,1,0,1,1,4,3,4,2,5,Software Engineer,DevOps Engineer,Cybersecurity Analyst
25,Female,PhD,Data Science,3.93,8,0,0,0,0,1,1,1,0,0,1,0,5,5,3,1,4,Cloud Engineer,DevOps Engineer,AI Researcher
33,Male,Bachelor,AI,2.52,0,1,0,1,1,0,0,0,1,1,0,1,1,5,1,4,5,Software Engineer,Cybersecurity Analyst,Backend Developer
32,Male,Bachelor,Software Engineering,2.57,8,1,1,1,1,1,0,0,0,0,1,1,3,3,5,3,4,Machine Learning Engineer,Software Engineer,DevOps Engineer
31,Female,Master,Cybersecurity,2.78,8,0,1,0,0,1,0,0,1,1,0,1,1,1,3,2,1,Software Engineer,Cybersecurity Analyst,Backend Developer
30,Female,Master,Cybersecurity,3.49,2,0,0,1,0,0,0,0,0,0,1,0,5,1,2,5,4,Software Engineer,DevOps Engineer,Backend Developer
29,Female,Master,Software Engineering,3.52,8,0,1,0,1,0,0,1,1,1,0,1,4,3,4,1,4,Software Engineer,Cloud Engineer,Cybersecurity Analyst
28,Female,PhD,Data Science,3.34,2,1,0,0,0,0,0,0,1,1,1,0,4,2,2,2,5,DevOps Engineer,Cybersecurity Analyst,Frontend Developer
23,Male,Master,AI,2.62,0,0,0,1,0,0,0,1,1,0,1,1,1,4,2,1,4,Software Engineer,Cloud Engineer,DevOps Engineer
24,Female,PhD,Computer Science,3.92,2,1,0,0,1,1,1,0,0,1,1,0,3,5,1,5,3,AI Researcher,Machine Learning Engineer,Data Scientist
33,Male,Master,Cybersecurity,2.95,7,0,0,0,0,0,1,1,0,1,1,1,2,2,1,1,5,Cloud Engineer,DevOps Engineer,Frontend Developer
29,Female,Master,Cybersecurity,3.7,7,0,1,1,1,1,0,1,1,0,0,1,5,1,5,2,3,Software Engineer,Cloud Engineer,Cybersecurity Analyst
21,Male,PhD,Data Science,3.61,6,1,0,1,0,0,0,1,1,1,1,1,1,4,5,5,5,Software Engineer,Cloud Engineer,DevOps Engineer
30,Female,PhD,Cybersecurity,3.48,8,1,0,0,0,1,0,0,1,0,1,0,1,3,1,3,4,Machine Learning Engineer,DevOps Engineer,Cybersecurity Analyst
33,Female,Master,Computer Science,3.99,4,1,1,1,0,0,0,1,1,1,1,1,5,5,1,4,2,Software Engineer,Cloud Engineer,DevOps Engineer
32,Male,PhD,Computer Science,2.98,3,0,1,0,0,1,0,0,0,0,0,1,5,2,4,2,2,Software Engineer,Backend Developer,Security Engineer
35,Female,Bachelor,AI,4.0,0,1,0,1,1,1,1,1,1,0,1,0,1,1,5,5,4,AI Researcher,Machine Learning Engineer,Data Scientist
23,Female,Bachelor,Data Science,2.79,5,0,1,1,1,1,1,1,1,0,0,0,5,4,2,3,2,Business Intelligence Analyst,Software Engineer,Cloud Engineer
24,Male,PhD,AI,2.55,4,1,1,1,0,1,1,0,0,1,1,0,5,3,1,2,5,Machine Learning Engineer,Software Engineer,DevOps Engineer
35,Male,PhD,AI,3.14,4,0,0,1,1,1,0,1,0,1,0,1,3,3,3,3,3,Software Engineer,Cloud Engineer,Backend Developer
23,Female,Master,Cybersecurity,3.59,0,1,0,1,1,0,0,0,0,1,0,0,5,2,2,4,5,Software Engineer,Backend Developer,Frontend Developer
32,Male,Bachelor,Software Engineering,3.19,3,0,1,0,1,1,0,0,1,0,0,0,4,1,1,1,1,Software Engineer,Cybersecurity Analyst,Data Analyst
28,Male,Bachelor,Cybersecurity,2.91,5,0,0,0,1,1,0,1,0,0,0,0,3,3,2,4,3,Cloud Engineer,Machine Learning Engineer,Data Scientist
23,Female,PhD,Software Engineering,2.86,2,0,0,1,0,1,1,1,0,0,1,1,5,3,3,3,2,Software Engineer,Cloud Engineer,DevOps Engineer
27,Female,PhD,Cybersecurity,2.51,4,1,1,1,1,0,1,0,0,1,0,1,2,2,3,3,4,Business Intelligence Analyst,Software Engineer,Machine Learning Engineer
28,Female,Master,Cybersecurity,3.94,6,0,0,0,0,1,1,0,0,1,1,0,4,1,1,1,4,DevOps Engineer,AI Researcher,Frontend Developer
27,Female,PhD,Software Engineering,3.8,2,0,1,0,1,0,1,1,1,1,1,1,5,3,2,5,1,Business Intelligence Analyst,Software Engineer,Cloud Engineer
35,Male,Bachelor,Computer Science,2.56,0,1,1,0,0,0,1,0,1,0,0,0,3,5,3,5,4,Software Engineer,Cybersecurity Analyst,Backend Developer
23,Female,Bachelor,Cybersecurity,3.14,8,1,0,1,1,0,1,1,0,0,0,0,5,4,5,1,4,Business Intelligence Analyst,Software Engineer,Cloud Engineer
29,Male,Bachelor,Cybersecurity,2.62,6,1,1,0,0,1,0,0,0,1,0,0,5,2,3,3,4,Machine Learning Engineer,Software Engineer,Data Scientist
32,Female,PhD,Cybersecurity,2.91,7,0,0,0,1,0,1,1,1,1,1,1,2,2,1,4,3,Business Intelligence Analyst,Cloud Engineer,DevOps Engineer
22,Male,PhD,Data Science,3.31,8,1,0,1,1,1,1,0,0,1,0,0,5,3,5,1,1,Business Intelligence Analyst,Machine Learning Engineer,Data Scientist
27,Male,Master,Computer Science,3.22,1,0,1,0,1,0,0,0,1,0,1,0,5,2,1,5,2,Software Engineer,DevOps Engineer,Cybersecurity Analyst
21,Male,Bachelor,AI,2.79,6,0,0,1,1,0,1,0,0,0,0,1,2,1,5,3,5,Business Intelligence Analyst,Software Engineer,Data Analyst
30,Female,Master,Data Science,2.63,7,0,0,1,0,0,0,1,1,1,1,1,3,1,3,5,4,Software Engineer,Cloud Engineer,DevOps Engineer
35,Female,PhD,Cybersecurity,2.59,5,0,1,1,0,1,0,0,0,0,0,1,3,3,3,1,5,Software Engineer,Backend Developer,Security Engineer
25,Male,Bachelor,Data Science,2.61,8,0,1,1,1,1,0,0,1,1,1,1,4,2,5,2,2,Software Engineer,DevOps Engineer,Cybersecurity Analyst
28,Male,PhD,AI,2.7,6,1,1,0,1,0,0,1,0,1,0,0,3,5,3,5,2,Backend Developer,Software Engineer,Cloud Engineer
32,Female,PhD,AI,3.91,3,1,1,0,0,1,1,1,0,1,0,1,4,5,2,1,4,AI Researcher,Machine Learning Engineer,Software Engineer
35,Female,Bachelor,Computer Science,3.41,6,1,1,1,1,1,1,1,0,1,0,1,1,1,2,4,3,Machine Learning Engineer,Data Scientist,Business Intelligence Analyst
31,Male,Bachelor,Cybersecurity,3.15,5,0,0,1,0,1,1,1,1,1,1,0,1,2,1,4,1,Software Engineer,Cloud Engineer,DevOps Engineer
27,Male,Master,Software Engineering,3.09,0,1,0,0,0,0,0,0,0,1,1,0,3,3,5,4,4,DevOps Engineer,Frontend Developer,Full Stack Developer
24,Female,Master,Computer Science,2.83,2,0,1,1,1,1,1,0,1,0,0,0,5,3,4,4,3,Business Intelligence Analyst,Software Engineer,Cybersecurity Analyst
35,Female,PhD,Computer Science,2.61,0,0,0,0,1,1,1,1,1,0,1,1,3,2,2,5,4,Business Intelligence Analyst,Cloud Engineer,DevOps Engineer
35,Male,Master,AI,3.74,1,1,1,0,0,0,1,0,1,0,0,0,2,1,1,5,1,Software Engineer,Cybersecurity Analyst,AI Researcher
32,Female,Master,Data Science,3.51,3,1,0,0,0,1,0,0,1,0,1,0,4,3,2,1,5,Machine Learning Engineer,DevOps Engineer,Cybersecurity Analyst
23,Male,PhD,Computer Science,3.28,3,1,0,0,0,1,0,0,1,0,0,0,4,5,5,2,4,Machine Learning Engineer,Cybersecurity Analyst,Data Scientist
29,Female,PhD,AI,3.81,5,0,0,1,1,0,1,0,0,0,1,0,1,1,3,4,4,Business Intelligence Analyst,Software Engineer,DevOps Engineer
33,Female,PhD,Data Science,3.61,7,1,1,0,1,0,1,1,0,0,1,0,5,3,4,2,4,Business Intelligence Analyst,Software Engineer,Cloud Engineer
31,Male,PhD,Cybersecurity,2.5,4,1,0,1,0,1,1,0,1,0,1,1,4,3,3,3,2,Machine Learning Engineer,Software Engineer,DevOps Engineer
25,Male,PhD,Data Science,3.35,6,1,1,1,0,0,1,0,1,1,1,1,4,3,1,3,3,Software Engineer,DevOps Engineer,Cybersecurity Analyst
32,Male,Bachelor,Cybersecurity,2.65,4,1,0,0,0,0,1,1,0,0,0,1,1,3,4,1,2,Cloud Engineer,Security Engineer,Machine Learning Engineer
31,Male,Master,Software Engineering,3.32,3,0,1,1,1,1,0,0,1,0,0,1,4,3,2,5,5,Software Engineer,Cybersecurity Analyst,Backend Developer
32,Male,Bachelor,Data Science,2.87,2,0,0,1,1,1,1,0,1,0,1,1,3,2,1,5,5,Business Intelligence Analyst,Software Engineer,DevOps Engineer
24,Male,Bachelor,Cybersecurity,3.2,6,1,1,1,1,1,1,1,0,0,0,0,3,3,2,5,1,Machine Learning Engineer,Data Scientist,Business Intelligence Analyst
24,Male,Bachelor,Cybersecurity,3.33,3,1,1,1,0,0,1,1,1,1,0,0,4,5,3,5,3,Software Engineer,Cloud Engineer,Cybersecurity Analyst
26,Female,Bachelor,Cybersecurity,3.59,8,0,0,0,1,1,0,0,0,0,0,0,2,2,1,3,5,Machine Learning Engineer,Data Scientist,AI Researcher
30,Female,Bachelor,Cybersecurity,3.77,8,1,0,0,0,0,0,1,1,1,1,1,3,5,5,2,4,Cloud Engineer,DevOps Engineer,Cybersecurity Analyst
35,Male,Bachelor,Software Engineering,3.46,3,0,1,1,1,1,0,0,0,0,1,0,4,3,1,2,5,Software Engineer,DevOps Engineer,Backend Developer
24,Male,Master,Cybersecurity,3.29,5,1,1,0,0,1,1,1,1,0,0,1,3,2,1,5,4,Machine Learning Engineer,Software Engineer,Cloud Engineer
31,Male,Master,Computer Science,3.59,8,1,0,1,0,1,0,1,1,1,0,0,1,1,5,2,3,Machine Learning Engineer,Software Engineer,Cloud Engineer
31,Female,Master,Data Science,3.57,4,0,0,0,1,1,1,0,0,1,1,1,4,4,1,3,5,Business Intelligence Analyst,DevOps Engineer,Data Analyst
21,Male,Bachelor,Cybersecurity,3.3,8,0,0,1,1,0,0,1,1,0,1,1,4,3,5,4,3,Software Engineer,Cloud Engineer,DevOps Engineer
22,Female,Master,Software Engineering,3.06,2,1,1,1,1,0,0,0,0,0,0,1,5,3,5,5,3,Software Engineer,Backend Developer,Security Engineer
23,Male,Bachelor,Data Science,3.7,0,0,1,0,0,0,0,1,0,1,1,1,5,3,5,5,3,Software Engineer,Cloud Engineer,DevOps Engineer
28,Female,PhD,Computer Science,3.26,7,0,0,0,0,1,0,1,1,1,1,1,5,4,3,2,3,Cloud Engineer,DevOps Engineer,Cybersecurity Analyst
34,Male,Bachelor,Data Science,2.98,1,0,0,1,0,0,1,1,1,1,1,1,4,2,3,5,4,Software Engineer,Cloud Engineer,DevOps Engineer
34,Female,Master,Data Science,2.94,0,1,1,0,1,1,0,0,0,1,1,1,5,2,2,3,2,Machine Learning Engineer,Software Engineer,DevOps Engineer
33,Female,Master,AI,3.0,4,0,0,1,1,0,0,0,1,0,1,0,3,4,5,3,4,Software Engineer,DevOps Engineer,Cybersecurity Analyst
25,Female,Master,Data Science,3.44,0,1,1,1,1,0,0,0,1,0,1,0,3,5,1,1,1,Software Engineer,DevOps Engineer,Cybersecurity Analyst
23,Female,Bachelor,Computer Science,3.06,8,1,0,1,1,0,0,1,1,0,1,1,5,4,4,2,2,Software Engineer,Cloud Engineer,DevOps Engineer
22,Male,Master,Computer Science,2.83,7,1,0,0,1,0,1,1,0,0,0,1,1,2,3,5,2,Business Intelligence Analyst,Cloud Engineer,Data Analyst
31,Female,PhD,Cybersecurity,2.68,7,0,1,1,0,0,0,1,1,0,1,1,1,5,1,3,5,Software Engineer,Cloud Engineer,DevOps Engineer
34,Male,PhD,Data Science,3.86,7,1,1,1,1,1,0,1,1,1,0,1,2,2,1,1,2,AI Researcher,Full Stack Developer,Machine Learning Engineer
30,Female,PhD,AI,3.86,1,1,1,1,0,1,0,1,0,1,0,1,1,3,5,5,1,AI Researcher,Machine Learning Engineer,Software Engineer
27,Female,PhD,Software Engineering,3.88,0,1,1,1,1,1,1,0,1,1,0,0,3,3,4,2,2,AI Researcher,Machine Learning Engineer,Data Scientist
35,Female,Bachelor,Data Science,3.87,8,0,0,1,1,0,1,1,1,0,0,0,1,3,1,3,3,Business Intelligence Analyst,Software Engineer,Cloud Engineer
33,Female,Bachelor,Cybersecurity,3.09,7,0,1,1,0,0,0,1,1,0,1,1,2,1,4,4,2,Software Engineer,Cloud Engineer,DevOps Engineer
22,Male,PhD,Cybersecurity,3.27,4,1,0,1,0,0,1,1,1,0,1,1,4,4,2,1,5,Software Engineer,Cloud Engineer,DevOps Engineer
28,Female,Master,Cybersecurity,2.78,7,0,1,1,0,1,1,0,0,0,0,0,4,1,4,5,1,Software Engineer,Backend Developer,Business Intelligence Analyst
33,Male,PhD,Cybersecurity,2.97,8,1,1,1,1,1,0,0,1,1,0,1,5,1,3,3,4,Machine Learning Engineer,Software Engineer,Cybersecurity Analyst
22,Male,Bachelor,Cybersecurity,2.69,8,1,0,0,0,1,0,0,1,0,1,0,3,4,3,1,3,Machine Learning Engineer,DevOps Engineer,Cybersecurity Analyst
29,Female,Bachelor,AI,3.12,7,0,1,0,1,0,1,1,1,0,1,1,5,3,3,4,4,Business Intelligence Analyst,Software Engineer,Cloud Engineer
27,Male,PhD,Computer Science,3.03,2,0,0,0,0,0,1,1,0,0,0,1,2,2,3,2,1,Cloud Engineer,Security Engineer,Machine Learning Engineer
35,Female,Bachelor,AI,3.95,4,0,1,1,1,0,0,1,1,1,0,0,5,5,5,2,4,Software Engineer,Cloud Engineer,Cybersecurity Analyst
31,Male,Master,Software Engineering,3.42,7,0,0,0,1,1,1,0,1,1,0,0,1,3,2,1,3,Business Intelligence Analyst,Cybersecurity Analyst,Data Analyst
23,Male,Master,AI,3.4,2,1,1,1,1,0,1,0,1,0,1,1,2,3,3,5,2,Business Intelligence Analyst,Software Engineer,DevOps Engineer
32,Female,PhD,Computer Science,3.26,8,1,1,0,0,0,1,0,0,1,1,1,1,3,4,3,5,Software Engineer,DevOps Engineer,Backend Developer
34,Male,Bachelor,AI,3.49,2,1,1,1,1,1,1,0,1,1,0,0,2,3,1,1,2,Machine Learning Engineer,Data Scientist,Business Intelligence Analyst
32,Male,Master,Computer Science,3.36,1,0,0,0,1,1,0,0,0,1,1,0,2,4,4,5,4,DevOps Engineer,Frontend Developer,Full Stack Developer
29,Male,PhD,Cybersecurity,3.48,3,0,0,1,0,1,1,1,0,0,1,1,3,2,4,5,2,Software Engineer,Cloud Engineer,DevOps Engineer
33,Female,PhD,Software Engineering,2.87,6,1,1,0,0,0,1,0,0,0,0,1,3,4,2,5,3,Software Engineer,Backend Developer,Security Engineer
34,Male,Master,Software Engineering,3.12,8,0,0,0,0,0,0,0,1,0,0,0,5,2,2,2,2,Cybersecurity Analyst,Business Intelligence Analyst,Machine Learning Engineer
26,Female,PhD,Cybersecurity,3.98,7,0,0,1,1,0,1,1,0,1,0,1,5,3,2,1,3,Business Intelligence Analyst,Software Engineer,Cloud Engineer
24,Male,PhD,AI,3.29,4,1,0,1,0,0,0,0,1,0,1,0,2,3,3,5,1,Software Engineer,DevOps Engineer,Cybersecurity Analyst
33,Female,Master,Computer Science,3.01,6,1,1,0,1,1,1,0,0,0,0,1,4,4,2,1,2,Business Intelligence Analyst,Machine Learning Engineer,Data Scientist
22,Male,Master,Cybersecurity,2.61,5,1,1,1,1,1,0,0,0,1,0,1,3,2,1,1,4,Machine Learning Engineer,Software Engineer,Data Scientist
30,Male,PhD,Data Science,3.2,3,0,0,0,1,0,1,0,1,0,0,0,1,3,1,2,1,Business Intelligence Analyst,Cybersecurity Analyst,Data Analyst
23,Male,PhD,Computer Science,3.36,6,0,1,0,1,0,1,1,1,1,0,1,2,4,3,1,3,Business Intelligence Analyst,Software Engineer,Cloud Engineer
28,Female,PhD,Cybersecurity,3.3,5,1,1,0,0,1,1,0,0,0,1,1,1,1,1,4,2,Machine Learning Engineer,Software Engineer,DevOps Engineer
35,Male,Master,Computer Science,3.2,3,1,1,1,0,0,1,0,0,1,1,0,2,4,4,5,5,Software Engineer,DevOps Engineer,Backend Developer
34,Male,PhD,AI,3.75,8,0,0,1,1,0,0,1,1,0,1,1,2,4,2,5,3,Software Engineer,Cloud Engineer,DevOps Engineer
24,Female,Master,Software Engineering,3.54,3,1,1,0,0,1,0,1,1,0,0,0,5,3,2,1,1,Machine Learning Engineer,Software Engineer,Cloud Engineer
29,Male,Bachelor,Software Engineering,3.8,6,1,0,1,0,0,1,0,1,0,0,0,2,2,2,2,5,Software Engineer,Cybersecurity Analyst,AI Researcher
30,Male,PhD,Software Engineering,3.44,7,1,1,0,1,1,0,0,0,0,0,0,1,1,2,3,1,Machine Learning Engineer,Software Engineer,Data Scientist
24,Male,Master,AI,3.86,7,0,1,1,0,0,0,1,0,1,1,0,1,4,1,1,1,Software Engineer,Cloud Engineer,DevOps Engineer
25,Male,Master,Computer Science,3.87,7,1,0,0,0,1,1,1,1,0,0,0,5,2,3,3,1,AI Researcher,Machine Learning Engineer,Cloud Engineer
31,Male,PhD,AI,3.67,6,1,0,1,1,0,1,0,1,0,0,0,4,2,2,4,5,Business Intelligence Analyst,Software Engineer,Cybersecurity Analyst
31,Female,Master,Data Science,2.96,3,1,0,0,0,0,1,0,0,0,0,1,4,4,5,1,5,Security Engineer,Business Intelligence Analyst,Machine Learning Engineer
21,Female,PhD,AI,3.5,2,1,0,0,1,0,1,1,0,1,1,0,3,3,1,4,3,Business Intelligence Analyst,Cloud Engineer,DevOps Engineer
24,Female,PhD,AI,2.54,6,1,1,0,0,0,1,1,0,0,0,1,3,2,1,4,1,Software Engineer,Cloud Engineer,Backend Developer
29,Female,PhD,Computer Science,3.83,6,0,0,1,0,0,1,0,0,0,1,1,2,4,1,3,4,Software Engineer,DevOps Engineer,AI Researcher
23,Male,PhD,Cybersecurity,3.24,6,0,0,0,0,1,0,0,0,1,1,1,3,1,3,1,5,DevOps Engineer,Frontend Developer,Security Engineer
31,Male,Bachelor,Data Science,3.27,0,0,1,0,0,1,1,1,0,0,0,1,4,2,4,4,1,Software Engineer,Cloud Engineer,Backend Developer
23,Male,PhD,Computer Science,3.78,5,0,1,0,1,1,1,0,1,0,0,1,4,5,4,4,5,Business Intelligence Analyst,Software Engineer,Cybersecurity Analyst
26,Male,PhD,Computer Science,3.55,4,0,1,0,0,0,1,0,1,0,1,0,3,1,4,2,3,Software Engineer,DevOps Engineer,Cybersecurity Analyst
33,Female,PhD,Data Science,2.72,1,0,0,1,1,0,0,1,0,1,0,1,4,5,3,3,4,Software Engineer,Cloud Engineer,Backend Developer
21,Male,PhD,Computer Science,2.51,4,0,0,0,0,1,1,0,1,1,1,1,4,3,1,4,3,DevOps Engineer,Cybersecurity Analyst,Frontend Developer
35,Female,Bachelor,Cybersecurity,3.99,2,0,1,1,0,1,1,1,1,0,0,1,2,2,5,4,2,Software Engineer,Cloud Engineer,Cybersecurity Analyst
24,Male,Master,Software Engineering,3.82,4,1,1,1,1,0,0,1,1,1,0,1,1,4,1,3,5,Software Engineer,Cloud Engineer,Cybersecurity Analyst
32,Male,Master,AI,2.82,8,0,1,0,1,1,0,1,0,0,0,0,2,3,2,5,4,Software Engineer,Cloud Engineer,Backend Developer
32,Female,Master,Data Science,3.18,8,1,1,1,0,0,1,1,0,0,0,0,3,3,3,4,4,Software Engineer,Cloud Engineer,Backend Developer
32,Male,PhD,Cybersecurity,2.66,2,0,1,0,0,0,0,1,0,1,1,1,1,4,1,3,1,Software Engineer,Cloud Engineer,DevOps Engineer
29,Female,PhD,Software Engineering,2.88,7,1,0,0,1,0,0,1,1,1,1,1,2,4,3,5,3,Cloud Engineer,DevOps Engineer,Cybersecurity Analyst
29,Female,PhD,Data Science,2.75,7,1,1,0,0,1,0,0,1,0,1,0,2,3,3,3,1,Machine Learning Engineer,Software Engineer,DevOps Engineer
27,Male,Master,AI,3.93,7,0,1,0,0,1,0,1,1,0,1,0,4,5,3,1,2,Software Engineer,Cloud Engineer,DevOps Engineer
21,Male,PhD,Software Engineering,2.79,4,1,1,1,1,0,0,0,1,1,0,0,1,3,1,2,4,Software Engineer,Cybersecurity Analyst,Backend Developer
31,Male,Master,Computer Science,3.77,0,1,1,0,0,1,0,1,0,1,0,1,5,1,2,3,1,AI Researcher,Machine Learning Engineer,Software Engineer
32,Male,PhD,AI,3.07,5,1,1,0,1,1,0,1,0,0,1,0,1,5,1,5,1,Machine Learning Engineer,Software Engineer,Cloud Engineer
28,Male,Bachelor,Computer Science,3.72,7,0,0,1,0,1,0,1,1,1,1,1,2,5,3,5,2,Software Engineer,Cloud Engineer,DevOps Engineer
27,Male,Master,Cybersecurity,3.8,3,0,1,1,1,0,0,0,1,1,1,0,3,4,5,3,5,Software Engineer,DevOps Engineer,Cybersecurity Analyst
26,Male,PhD,Software Engineering,3.07,6,0,1,0,1,1,0,0,0,1,1,1,1,3,2,5,3,Software Engineer,DevOps Engineer,Backend Developer
35,Male,PhD,Data Science,2.54,7,1,1,1,0,1,1,1,1,1,1,1,5,2,4,1,4,Machine Learning Engineer,Software Engineer,Cloud Engineer
29,Male,PhD,Cybersecurity,2.87,6,1,0,1,1,0,0,0,0,1,1,1,5,3,3,3,4,Software Engineer,DevOps Engineer,Backend Developer
25,Female,Master,AI,2.99,2,1,1,1,0,1,0,0,1,1,1,0,1,3,2,1,3,Machine Learning Engineer,Software Engineer,DevOps Engineer
21,Male,Bachelor,AI,2.93,1,0,0,1,0,0,0,0,1,0,0,1,5,2,2,1,1,Software Engineer,Cybersecurity Analyst,Backend Developer
22,Female,Master,Computer Science,2.89,7,0,1,0,0,1,1,0,0,1,1,1,3,2,5,4,4,Software Engineer,DevOps Engineer,Backend Developer
32,Female,Bachelor,AI,3.17,4,0,1,0,1,1,0,0,1,0,0,0,5,1,5,5,2,Software Engineer,Cybersecurity Analyst,Backend Developer
28,Male,Bachelor,Software Engineering,3.21,3,0,0,0,1,0,1,0,0,0,1,0,4,2,4,5,3,Business Intelligence Analyst,DevOps Engineer,Data Analyst
33,Male,Master,AI,3.0,0,0,1,0,1,1,0,0,1,1,1,1,1,3,5,2,4,Frontend Developer,Software Engineer,DevOps Engineer
22,Male,Bachelor,AI,3.89,4,1,0,1,0,0,1,0,1,0,1,0,1,1,1,2,2,Software Engineer,DevOps Engineer,Cybersecurity Analyst
25,Female,Bachelor,Software Engineering,3.89,1,1,0,1,1,1,1,1,1,1,1,1,2,2,5,2,4,AI Researcher,Machine Learning Engineer,Data Scientist
23,Female,Bachelor,Cybersecurity,2.93,7,0,0,0,1,1,0,1,0,0,0,0,3,5,5,5,5,Cloud Engineer,Machine Learning Engineer,Data Scientist
32,Male,Master,Data Science,3.22,6,1,0,1,0,0,1,1,0,0,0,0,2,4,3,5,3,Software Engineer,Cloud Engineer,Backend Developer
31,Male,PhD,Software Engineering,3.11,2,0,0,0,1,1,0,1,1,1,1,1,2,1,2,5,4,Cloud Engineer,DevOps Engineer,Cybersecurity Analyst
23,Female,PhD,Computer Science,2.93,7,1,1,0,1,1,0,1,1,0,1,0,4,1,5,2,4,Machine Learning Engineer,Software Engineer,Cloud Engineer
29,Male,Master,AI,2.59,8,0,0,0,0,0,0,1,0,1,1,1,1,1,2,3,1,Cloud Engineer,DevOps Engineer,Software Engineer
21,Female,Master,Computer Science,3.09,8,0,0,0,0,1,0,1,1,1,0,1,5,5,4,2,4,Cloud Engineer,Cybersecurity Analyst,Frontend Developer
27,Male,Bachelor,Software Engineering,3.23,2,1,1,0,1,0,0,1,1,0,1,1,5,3,5,4,2,Software Engineer,Cloud Engineer,DevOps Engineer
26,Male,Master,Data Science,3.95,1,0,0,1,1,1,0,0,0,0,1,0,2,3,3,5,3,Software Engineer,DevOps Engineer,AI Researcher
35,Male,PhD,Cybersecurity,3.55,3,1,1,1,1,1,1,0,1,0,1,1,5,3,2,2,3,Business Intelligence Analyst,Machine Learning Engineer,Data Scientist
27,Female,PhD,Cybersecurity,4.0,6,0,0,0,0,1,0,1,1,1,0,1,4,4,3,2,3,Cloud Engineer,Cybersecurity Analyst,AI Researcher
26,Female,Master,AI,3.1,1,1,1,0,1,0,1,1,0,0,0,0,1,3,1,4,3,Business Intelligence Analyst,Software Engineer,Cloud Engineer
23,Male,Master,Cybersecurity,2.86,2,0,1,0,0,0,1,1,1,1,1,1,1,5,1,2,4,Software Engineer,Cloud Engineer,DevOps Engineer
22,Female,Bachelor,Computer Science,3.57,3,0,1,0,0,0,0,1,1,0,1,1,3,5,4,3,1,Software Engineer,Cloud Engineer,DevOps Engineer
30,Male,PhD,Cybersecurity,3.16,4,0,1,0,0,0,0,0,1,1,1,0,3,3,2,4,2,Software Engineer,DevOps Engineer,Cybersecurity Analyst
22,Male,PhD,Data Science,3.93,2,0,0,0,1,0,0,0,1,1,1,1,1,1,2,4,4,DevOps Engineer,Cybersecurity Analyst,AI Researcher
29,Female,Bachelor,Cybersecurity,3.5,2,1,1,1,1,1,0,1,0,1,1,0,1,5,4,2,5,Machine Learning Engineer,Software Engineer,Cloud Engineer
27,Female,PhD,AI,3.36,1,1,1,1,1,0,0,0,1,0,1,1,2,1,2,2,3,Software Engineer,DevOps Engineer,Cybersecurity Analyst
30,Female,Bachelor,Computer Science,2.67,4,0,1,1,0,1,1,0,0,1,1,1,2,5,3,3,2,Software Engineer,DevOps Engineer,AI Researcher
23,Female,Master,Data Science,3.76,5,1,1,1,1,0,0,1,0,0,0,1,1,4,5,5,1,Cloud Engineer,Software Engineer,AI Researcher
29,Female,PhD,Software Engineering,3.69,7,1,0,1,0,1,0,1,0,1,1,0,3,4,1,5,4,Machine Learning Engineer,Software Engineer,Cloud Engineer
35,Male,PhD,Data Science,2.82,3,1,1,0,0,1,0,1,0,0,1,0,1,4,3,2,3,Machine Learning Engineer,Software Engineer,Cloud Engineer
28,Female,Master,Software Engineering,3.86,5,1,1,0,1,0,0,0,0,1,1,1,2,5,2,3,3,Software Engineer,DevOps Engineer,AI Researcher
33,Female,Bachelor,Software Engineering,3.15,8,0,1,0,0,0,0,1,0,0,1,1,4,3,2,5,4,Software Engineer,Cloud Engineer,DevOps Engineer
34,Female,PhD,Computer Science,3.46,2,0,0,0,1,0,0,0,0,1,1,0,3,5,5,5,4,DevOps Engineer,Frontend Developer,Full Stack Developer
25,Female,PhD,Software Engineering,3.17,4,0,0,0,1,0,0,0,0,1,0,1,4,3,5,5,2,Frontend Developer,Security Engineer,Full Stack Developer
35,Male,Bachelor,Cybersecurity,3.87,3,0,1,1,0,1,1,1,1,0,0,1,5,2,4,2,2,Software Engineer,Cloud Engineer,Cybersecurity Analyst
25,Male,PhD,Computer Science,3.8,1,1,1,0,0,0,0,1,1,1,0,0,2,4,3,1,5,Software Engineer,Cloud Engineer,Cybersecurity Analyst
29,Female,PhD,AI,3.27,3,1,1,1,1,1,1,1,1,0,0,1,5,2,2,4,4,Business Intelligence Analyst,Machine Learning Engineer,Data Scientist
33,Female,Bachelor,Data Science,3.19,6,1,1,1,1,1,1,0,0,1,1,1,3,1,5,1,1,Machine Learning Engineer,Data Scientist,Business Intelligence Analyst
25,Female,Master,Computer Science,3.91,8,0,1,1,1,1,0,0,1,1,1,1,5,5,5,2,2,Software Engineer,DevOps Engineer,Cybersecurity Analyst
29,Male,Master,Cybersecurity,3.52,4,1,0,0,0,0,1,1,1,0,1,1,5,4,2,5,1,Cloud Engineer,DevOps Engineer,Cybersecurity Analyst
21,Male,Bachelor,Data Science,3.19,1,1,1,1,0,1,1,0,1,1,0,0,4,4,1,4,4,Machine Learning Engineer,Software Engineer,Cybersecurity Analyst
22,Male,PhD,Cybersecurity,2.97,1,1,0,1,1,0,0,0,0,1,0,0,2,1,4,1,4,Software Engineer,Backend Developer,Frontend Developer
33,Female,PhD,AI,3.47,5,0,0,0,1,1,1,0,1,1,0,1,3,2,3,3,3,Business Intelligence Analyst,Cybersecurity Analyst,Data Analyst
23,Male,PhD,Software Engineering,3.19,2,1,0,1,1,0,0,0,0,0,1,1,1,1,1,3,5,Software Engineer,DevOps Engineer,Backend Developer
24,Female,Master,Software Engineering,3.14,1,1,0,1,0,0,1,0,0,0,1,0,2,2,4,3,5,Software Engineer,DevOps Engineer,Backend Developer
35,Male,Bachelor,Computer Science,3.59,6,0,1,1,0,1,1,1,0,1,0,0,3,4,1,5,4,Software Engineer,Cloud Engineer,Backend Developer
28,Female,PhD,Data Science,3.9,7,0,1,0,1,1,1,0,0,0,0,0,2,3,5,4,1,Business Intelligence Analyst,Software Engineer,AI Researcher
26,Male,PhD,Software Engineering,3.46,0,1,1,1,1,1,0,0,1,0,0,1,1,1,5,2,2,Machine Learning Engineer,Software Engineer,Cybersecurity Analyst
26,Male,Master,AI,3.74,1,1,0,1,1,0,1,0,1,1,1,0,2,4,2,1,2,Business Intelligence Analyst,Software Engineer,DevOps Engineer
25,Male,Master,Cybersecurity,2.73,8,1,1,0,0,0,0,1,0,0,0,1,4,1,1,5,2,Software Engineer,Cloud Engineer,Backend Developer
27,Male,PhD,AI,3.42,5,1,0,0,1,1,0,1,1,1,0,0,1,5,3,2,2,Machine Learning Engineer,Cloud Engineer,Cybersecurity Analyst
23,Male,Master,Data Science,3.96,3,0,1,0,1,1,0,0,1,1,0,0,4,2,5,4,5,Software Engineer,Cybersecurity Analyst,AI Researcher
32,Male,PhD,AI,2.99,2,0,1,0,0,0,0,0,0,1,0,0,3,3,3,5,5,Software Engineer,Backend Developer,Frontend Developer
30,Male,PhD,Cybersecurity,3.2,0,1,1,1,1,0,1,1,1,0,1,1,5,1,1,2,2,Business Intelligence Analyst,Software Engineer,Cloud Engineer
22,Female,Master,Software Engineering,3.44,1,0,1,1,1,0,0,0,0,1,1,0,1,4,1,1,3,Software Engineer,DevOps Engineer,Backend Developer
29,Male,PhD,Software Engineering,2.81,6,0,0,1,0,0,0,1,1,1,1,0,5,5,3,4,2,Software Engineer,Cloud Engineer,DevOps Engineer
28,Male,PhD,Software Engineering,3.46,0,0,0,1,0,0,0,0,1,0,0,0,5,3,3,1,2,Software Engineer,Cybersecurity Analyst,Backend Developer
34,Male,Bachelor,AI,3.77,5,1,1,1,1,1,1,1,1,0,1,1,3,5,4,5,4,AI Researcher,Machine Learning Engineer,Data Scientist
30,Female,PhD,Cybersecurity,2.77,8,1,0,1,1,0,0,0,0,1,1,0,1,4,2,4,3,Software Engineer,DevOps Engineer,Data Scientist
28,Female,PhD,Cybersecurity,3.6,0,0,0,0,0,1,0,1,0,1,1,1,3,5,5,5,4,Full Stack Developer,Cloud Engineer,DevOps Engineer
28,Male,Master,Computer Science,2.96,1,1,0,1,1,1,1,1,0,1,1,0,2,5,3,3,5,Machine Learning Engineer,Data Scientist,Business Intelligence Analyst
23,Female,Bachelor,Data Science,3.92,6,1,1,1,1,0,0,0,1,0,1,0,4,3,5,2,4,Software Engineer,DevOps Engineer,Cybersecurity Analyst
21,Female,Master,Computer Science,2.9,3,0,1,0,0,1,0,1,0,0,0,1,4,1,2,4,1,Business Intelligence Analyst,Software Engineer,Cloud Engineer
34,Male,Bachelor,Computer Science,2.64,5,1,1,1,1,1,1,0,1,1,1,1,5,2,3,5,3,Business Intelligence Analyst,Machine Learning Engineer,Data Scientist
24,Female,Master,Software Engineering,3.73,0,0,0,1,1,0,0,0,0,1,0,1,1,3,2,5,2,Software Engineer,AI Researcher,Backend Developer
27,Male,PhD,Data Science,3.76,2,1,1,1,0,1,1,0,1,0,1,0,1,4,5,5,4,AI Researcher,Machine Learning Engineer,Software Engineer
28,Male,Master,Computer Science,2.54,1,1,0,0,1,0,1,0,1,0,1,1,3,3,3,1,5,Business Intelligence Analyst,DevOps Engineer,Cybersecurity Analyst
30,Male,PhD,AI,3.29,1,0,0,1,1,1,1,0,1,0,0,0,3,5,3,4,2,Business Intelligence Analyst,Software Engineer,Cybersecurity Analyst
23,Male,Bachelor,Computer Science,3.34,4,0,0,0,0,0,0,0,1,1,0,1,4,2,4,3,5,Cybersecurity Analyst,Frontend Developer,Security Engineer
25,Male,PhD,Cybersecurity,3.86,0,0,1,0,1,1,0,1,1,1,0,1,2,1,3,1,2,Software Engineer,Cloud Engineer,Cybersecurity Analyst
23,Male,Bachelor,Computer Science,3.47,1,0,0,0,0,1,1,1,1,1,1,1,3,1,4,1,4,Frontend Developer,Cloud Engineer,DevOps Engineer
26,Male,Master,AI,3.85,1,1,0,0,1,0,0,0,1,0,0,0,2,5,3,3,3,Cybersecurity Analyst,AI Researcher,Machine Learning Engineer
23,Female,PhD,Software Engineering,3.5,5,0,1,0,1,1,1,0,1,1,1,1,5,2,4,4,3,Business Intelligence Analyst,Software Engineer,DevOps Engineer
22,Female,PhD,Cybersecurity,3.92,0,1,1,1,1,0,1,0,0,0,0,1,1,3,3,1,4,Business Intelligence Analyst,Software Engineer,AI Researcher
24,Female,Master,Data Science,3.21,7,0,0,0,1,0,0,1,1,1,1,1,1,1,2,2,5,Cloud Engineer,DevOps Engineer,Cybersecurity Analyst
32,Female,Bachelor,Data Science,3.32,8,0,1,0,1,0,0,1,1,0,0,1,2,3,1,2,2,Software Engineer,Cloud Engineer,Cybersecurity Analyst
33,Male,PhD,Software Engineering,3.36,3,1,0,1,1,0,1,1,1,1,1,1,1,2,2,5,5,Business Intelligence Analyst,Software Engineer,Cloud Engineer
29,Male,PhD,Software Engineering,3.17,1,1,0,1,0,1,1,0,0,0,0,0,2,1,4,2,2,Machine Learning Engineer,Software Engineer,Data Scientist
23,Male,Bachelor,Data Science,3.03,5,1,1,0,1,1,1,0,1,1,1,1,2,5,4,1,4,Software Engineer,Machine Learning Engineer,Data Scientist
26,Male,PhD,Data Science,3.64,4,0,1,0,0,1,0,0,0,1,1,0,4,2,4,4,1,Software Engineer,DevOps Engineer,Backend Developer
32,Female,Master,Software Engineering,2.82,2,0,1,1,1,1,0,1,1,0,0,1,4,5,5,1,1,Software Engineer,Cloud Engineer,Cybersecurity Analyst
24,Male,Bachelor,Software Engineering,2.58,8,1,1,0,0,0,1,1,0,0,1,0,2,1,5,5,1,Software Engineer,Cloud Engineer,DevOps Engineer
21,Male,Bachelor,Data Science,2.97,1,0,1,1,0,0,0,0,0,1,0,0,4,4,4,4,1,Software Engineer,Backend Developer,Frontend Developer
25,Female,PhD,Software Engineering,2.59,3,0,0,0,1,0,1,0,1,0,1,1,2,5,1,2,2,Business Intelligence Analyst,DevOps Engineer,Cybersecurity Analyst
28,Female,Master,Computer Science,2.99,7,1,0,1,0,0,0,1,0,1,1,1,1,3,4,1,1,Software Engineer,Cloud Engineer,DevOps Engineer
34,Female,Master,Software Engineering,2.85,6,0,0,0,0,0,0,1,0,1,0,0,1,5,5,3,4,Cloud Engineer,Frontend Developer,Full Stack Developer
28,Female,PhD,Data Science,3.78,1,0,0,1,1,1,1,1,1,0,1,1,5,3,3,2,2,Business Intelligence Analyst,Software Engineer,Cloud Engineer
35,Female,PhD,Computer Science,3.06,1,0,0,1,1,0,1,0,0,1,0,1,1,5,4,4,2,Business Intelligence Analyst,Software Engineer,Data Analyst
27,Male,Bachelor,Data Science,3.0,7,0,0,1,0,0,1,1,1,0,0,0,5,5,3,2,1,Software Engineer,Cloud Engineer,Cybersecurity Analyst
28,Female,Master,Cybersecurity,3.57,5,0,1,0,0,0,1,1,0,0,1,0,2,1,1,4,4,Software Engineer,Cloud Engineer,DevOps Engineer
33,Male,Master,Data Science,2.98,5,1,1,0,1,0,1,0,1,1,0,1,2,2,3,1,1,Business Intelligence Analyst,Software Engineer,Cybersecurity Analyst
27,Male,PhD,AI,2.78,1,1,0,1,1,1,1,1,1,0,1,0,3,1,4,5,3,Machine Learning Engineer,Data Scientist,Business Intelligence Analyst
27,Male,Master,Data Science,3.14,1,1,0,0,1,1,0,1,0,1,1,1,4,5,4,1,4,Machine Learning Engineer,Cloud Engineer,DevOps Engineer
22,Male,Master,Computer Science,3.88,8,0,0,1,1,0,1,1,1,1,1,1,1,4,4,4,4,Business Intelligence Analyst,Software Engineer,Cloud Engineer
31,Female,Master,Software Engineering,3.47,8,0,0,1,1,0,1,0,1,0,1,0,1,5,5,4,3,Business Intelligence Analyst,Software Engineer,DevOps Engineer
30,Male,Master,AI,3.27,7,1,1,0,1,1,0,1,0,0,1,1,5,5,2,2,5,Machine Learning Engineer,Software Engineer,Cloud Engineer
34,Male,PhD,Software Engineering,2.5,4,1,0,1,1,1,0,0,1,1,0,0,4,2,1,5,1,Machine Learning Engineer,Software Engineer,Cybersecurity Analyst
35,Female,Bachelor,Software Engineering,3.25,2,1,1,0,1,0,0,1,1,0,1,0,1,1,3,1,2,Software Engineer,Cloud Engineer,DevOps Engineer
30,Female,Bachelor,Software Engineering,3.99,2,1,0,0,1,1,0,0,0,0,1,0,3,3,3,4,1,AI Researcher,Machine Learning Engineer,DevOps Engineer
27,Female,Master,Cybersecurity,2.98,1,1,1,0,1,1,0,1,0,1,0,0,5,1,2,4,4,Machine Learning Engineer,Software Engineer,Cloud Engineer
30,Female,Bachelor,Cybersecurity,2.78,3,1,0,1,1,0,0,0,0,0,1,0,4,2,5,3,3,Software Engineer,DevOps Engineer,Machine Learning Engineer
27,Male,Bachelor,Data Science,2.52,3,1,1,0,1,1,1,1,1,1,0,1,5,5,4,2,3,Business Intelligence Analyst,Machine Learning Engineer,Data Scientist
35,Male,PhD,Cybersecurity,3.15,5,0,0,1,1,1,0,1,1,0,0,0,2,3,3,4,1,Software Engineer,Cloud Engineer,Cybersecurity Analyst
35,Male,PhD,Computer Science,3.04,7,1,1,1,0,1,0,1,1,1,1,1,1,4,3,4,5,Machine Learning Engineer,Software Engineer,Cloud Engineer
29,Male,Master,Cybersecurity,2.75,1,0,0,1,1,1,1,0,0,1,0,0,5,4,2,2,4,Business Intelligence Analyst,Software Engineer,Data Analyst
28,Male,Master,Data Science,2.88,5,1,1,0,0,1,1,0,1,0,1,0,5,1,1,4,3,Machine Learning Engineer,Software Engineer,DevOps Engineer
30,Male,Master,Cybersecurity,3.88,3,0,0,0,0,0,1,1,1,0,1,1,5,2,3,2,4,Cloud Engineer,DevOps Engineer,Cybersecurity Analyst
27,Female,PhD,Cybersecurity,3.31,6,0,1,0,0,1,0,0,1,0,1,0,3,2,4,3,3,Software Engineer,DevOps Engineer,Cybersecurity Analyst
30,Female,PhD,Computer Science,3.18,6,1,0,0,0,1,1,0,0,1,1,1,2,1,4,3,4,Machine Learning Engineer,DevOps Engineer,Data Scientist
22,Male,Master,Data Science,2.7,2,0,1,1,1,0,1,0,1,0,0,1,1,4,1,2,5,Business Intelligence Analyst,Software Engineer,Cybersecurity Analyst
21,Female,PhD,AI,2.55,6,0,1,1,0,1,1,0,0,0,1,1,5,1,4,2,1,Software Engineer,DevOps Engineer,Backend Developer
26,Female,Bachelor,Computer Science,2.7,4,1,1,0,1,1,1,1,0,0,0,1,5,1,5,5,1,Business Intelligence Analyst,Machine Learning Engineer,Data Scientist
34,Male,PhD,Computer Science,3.28,7,1,1,0,0,0,1,1,0,1,1,1,3,2,1,2,4,Software Engineer,Cloud Engineer,DevOps Engineer
22,Male,Bachelor,AI,3.97,1,0,0,0,1,1,0,1,0,0,1,0,4,3,1,5,5,Cloud Engineer,DevOps Engineer,AI Researcher
24,Male,PhD,Cybersecurity,2.98,8,0,1,0,1,1,0,0,0,0,1,1,3,5,1,1,5,Software Engineer,DevOps Engineer,Backend Developer
33,Male,Bachelor,AI,2.69,8,1,0,0,0,1,1,0,0,1,0,0,5,1,2,5,1,Machine Learning Engineer,Data Scientist,AI Researcher
21,Female,Bachelor,Software Engineering,2.57,5,0,0,0,0,1,0,1,0,1,0,1,4,2,2,1,5,Cloud Engineer,Frontend Developer,Security Engineer
25,Male,Master,AI,3.0,2,1,0,1,0,1,0,0,1,0,0,0,3,1,4,1,5,Machine Learning Engineer,Software Engineer,Cybersecurity Analyst
22,Female,Master,AI,2.94,4,0,1,0,1,0,0,0,1,0,1,0,2,4,5,2,2,Software Engineer,DevOps Engineer,Cybersecurity Analyst
31,Female,Bachelor,Data Science,3.3,8,1,0,1,0,1,0,1,1,0,1,1,3,2,3,4,5,Machine Learning Engineer,Software Engineer,Cloud Engineer
21,Female,PhD,AI,3.09,2,1,1,0,0,1,0,0,1,1,1,0,1,5,4,4,5,Machine Learning Engineer,Software Engineer,DevOps Engineer
31,Male,PhD,Cybersecurity,3.63,7,0,1,1,1,0,1,1,0,0,0,0,4,5,2,5,5,Business Intelligence Analyst,Software Engineer,Cloud Engineer
24,Female,PhD,Computer Science,3.4,3,0,1,1,0,1,0,0,0,1,1,1,5,3,4,4,5,Software Engineer,DevOps Engineer,Backend Developer
29,Male,Bachelor,Cybersecurity,2.56,4,1,1,1,1,0,1,0,0,1,1,1,3,2,2,2,1,Business Intelligence Analyst,Software Engineer,DevOps Engineer
30,Male,PhD,AI,3.27,5,0,0,0,0,1,1,1,0,0,0,1,5,3,4,4,2,Cloud Engineer,Security Engineer,Business Intelligence Analyst
23,Female,Bachelor,AI,3.08,3,0,0,1,1,1,0,0,1,1,1,1,5,5,1,3,1,Software Engineer,DevOps Engineer,Cybersecurity Analyst
27,Male,Bachelor,Software Engineering,3.82,7,1,0,0,1,1,0,1,0,1,0,0,5,1,4,3,1,AI Researcher,Machine Learning Engineer,Cloud Engineer
23,Female,PhD,Computer Science,3.05,0,1,1,1,1,1,0,1,0,1,1,1,3,4,4,3,1,Machine Learning Engineer,Software Engineer,Cloud Engineer
35,Male,Master,Cybersecurity,2.96,7,1,1,1,1,0,0,1,0,1,0,1,2,1,3,1,2,Software Engineer,Cloud Engineer,Backend Developer
23,Female,Bachelor,Data Science,2.77,2,1,1,0,0,0,1,0,1,0,0,0,1,2,2,5,3,Software Engineer,Cybersecurity Analyst,Backend Developer
24,Female,Master,Data Science,2.83,4,0,1,0,1,1,0,1,0,0,1,0,4,5,3,1,2,Software Engineer,Cloud Engineer,DevOps Engineer
35,Female,PhD,AI,3.84,3,1,0,0,1,0,0,0,0,1,0,1,3,5,4,5,3,AI Researcher,Frontend Developer,Security Engineer
30,Female,PhD,AI,3.17,5,0,0,1,1,0,1,1,0,0,1,1,3,5,3,4,2,Business Intelligence Analyst,Software Engineer,Cloud Engineer
35,Female,Master,Computer Science,3.74,3,1,1,1,1,1,1,0,1,1,1,0,4,2,2,3,1,AI Researcher,Business Intelligence Analyst,Machine Learning Engineer
34,Female,Master,AI,3.5,4,0,1,0,0,0,1,0,1,0,0,1,1,1,2,5,4,Software Engineer,Cybersecurity Analyst,Backend Developer
29,Female,Master,Software Engineering,3.18,1,0,1,0,0,0,0,1,1,0,1,0,4,4,3,1,3,Software Engineer,Cloud Engineer,DevOps Engineer
32,Female,Master,Cybersecurity,2.79,5,0,0,0,1,0,0,0,0,0,1,1,5,5,2,3,4,DevOps Engineer,Security Engineer,Business Intelligence Analyst
34,Male,Bachelor,AI,2.66,0,0,1,0,0,1,0,1,1,1,0,0,4,1,1,5,4,Software Engineer,Cloud Engineer,Cybersecurity Analyst
26,Male,Bachelor,AI,2.76,3,0,0,1,1,0,1,1,0,1,1,0,3,1,2,4,1,DevOps Engineer,Business Intelligence Analyst,Software Engineer
27,Female,Master,Software Engineering,2.57,1,0,0,1,0,0,0,1,1,1,1,1,1,4,2,4,1,Software Engineer,Cloud Engineer,DevOps Engineer
32,Male,PhD,Data Science,3.92,1,0,0,1,0,1,1,0,1,1,0,1,4,1,4,4,2,Software Engineer,Cybersecurity Analyst,AI Researcher
33,Male,Master,AI,3.25,2,1,0,1,0,1,1,1,0,1,0,0,3,1,3,3,5,Machine Learning Engineer,Software Engineer,Cloud Engineer
31,Female,PhD,AI,3.84,2,1,1,1,0,0,1,1,1,0,0,0,2,4,1,1,5,Software Engineer,Cloud Engineer,Cybersecurity Analyst
22,Male,Master,Computer Science,2.81,5,1,0,0,0,1,1,0,0,0,0,1,2,3,4,3,2,Security Engineer,Machine Learning Engineer,Data Scientist
22,Female,PhD,Data Science,2.99,8,1,0,0,1,0,0,1,1,1,1,1,2,3,5,5,2,Cloud Engineer,DevOps Engineer,Cybersecurity Analyst
29,Female,Bachelor,Computer Science,3.9,6,1,0,0,0,0,1,0,0,0,0,1,2,2,4,3,1,AI Researcher,DevOps Engineer,Security Engineer
25,Male,PhD,AI,2.6,7,1,1,1,0,0,0,0,1,1,1,0,5,1,4,4,1,Software Engineer,DevOps Engineer,Cybersecurity Analyst
31,Male,Master,Data Science,3.47,5,1,0,1,0,0,1,1,0,0,1,0,3,5,3,3,2,Software Engineer,Cloud Engineer,DevOps Engineer
34,Female,Master,Data Science,2.96,7,0,0,0,0,1,1,0,0,0,1,1,3,5,5,1,1,DevOps Engineer,Security Engineer,Machine Learning Engineer
23,Male,Bachelor,Computer Science,2.82,4,1,0,0,0,1,1,0,1,0,1,0,5,5,2,3,2,Machine Learning Engineer,DevOps Engineer,Cybersecurity Analyst
35,Female,Master,Data Science,3.91,1,1,1,0,1,0,1,1,0,0,0,0,1,2,5,5,2,Business Intelligence Analyst,Software Engineer,Cloud Engineer
34,Male,Master,Data Science,3.38,2,0,0,1,1,0,1,1,1,0,1,1,1,1,3,5,4,Business Intelligence Analyst,Software Engineer,Cloud Engineer
27,Female,Bachelor,AI,3.74,0,0,0,1,0,1,1,0,0,0,0,1,1,5,4,4,1,Software Engineer,AI Researcher,Backend Developer
26,Female,PhD,AI,3.69,7,1,1,0,1,1,1,0,1,0,1,0,3,2,4,3,2,Machine Learning Engineer,Data Scientist,Business Intelligence Analyst
25,Male,PhD,Data Science,2.93,5,1,0,1,1,1,0,0,0,0,1,0,5,1,3,3,3,Machine Learning Engineer,Software Engineer,DevOps Engineer
27,Male,PhD,Computer Science,3.82,2,1,0,0,0,0,0,1,1,0,1,0,4,4,3,5,5,Cloud Engineer,DevOps Engineer,Cybersecurity Analyst
26,Male,Bachelor,Cybersecurity,3.16,6,0,1,1,0,1,1,1,1,0,0,0,2,1,3,2,5,Software Engineer,Cloud Engineer,Cybersecurity Analyst
33,Male,Bachelor,Cybersecurity,2.59,3,1,0,1,0,0,1,0,0,0,0,0,3,3,3,5,1,Backend Developer,Software Engineer,Machine Learning Engineer
29,Female,Master,Cybersecurity,3.41,6,0,1,1,0,0,0,0,0,1,0,1,5,5,5,2,1,Software Engineer,Backend Developer,Frontend Developer
26,Female,Master,AI,3.29,7,0,1,0,0,1,1,0,0,0,0,0,2,2,3,1,3,Software Engineer,Backend Developer,Machine Learning Engineer
31,Male,Master,Computer Science,2.88,8,0,1,1,0,0,1,1,0,1,1,1,3,2,3,2,3,Software Engineer,Cloud Engineer,DevOps Engineer
31,Male,Master,Data Science,3.36,3,1,1,1,0,1,0,1,1,1,1,1,4,4,3,2,3,Backend Developer,Machine Learning Engineer,Software Engineer
24,Female,PhD,AI,2.58,3,1,1,1,0,1,0,1,0,1,1,0,1,3,3,3,2,Machine Learning Engineer,Software Engineer,Cloud Engineer
26,Male,PhD,Software Engineering,2.84,5,1,0,0,1,0,0,1,1,0,0,0,3,1,2,4,1,Cloud Engineer,Cybersecurity Analyst,Machine Learning Engineer
26,Female,Master,AI,3.85,7,1,1,0,1,0,0,0,1,0,0,0,4,4,4,1,3,Software Engineer,Cybersecurity Analyst,AI Researcher
22,Male,PhD,Cybersecurity,3.18,8,1,1,0,1,1,0,0,0,0,0,1,2,5,5,3,2,Machine Learning Engineer,Software Engineer,Data Scientist
22,Female,PhD,Cybersecurity,3.79,4,0,1,1,1,0,1,0,0,1,1,0,2,5,2,1,3,Business Intelligence Analyst,Software Engineer,DevOps Engineer
23,Male,Master,Computer Science,2.68,5,1,0,1,1,0,1,1,0,0,1,1,2,1,3,4,5,Business Intelligence Analyst,Software Engineer,Cloud Engineer
28,Male,Master,Computer Science,3.77,6,0,0,1,1,0,1,0,1,0,0,1,1,5,2,1,1,Business Intelligence Analyst,Software Engineer,Cybersecurity Analyst
34,Female,PhD,Data Science,3.19,1,0,1,1,1,0,0,1,0,0,1,1,1,4,1,1,4,Software Engineer,Cloud Engineer,DevOps Engineer
21,Male,PhD,Software Engineering,3.47,1,0,0,0,1,0,0,1,0,0,1,0,1,5,3,4,5,Cloud Engineer,DevOps Engineer,Machine Learning Engineer
22,Male,Master,Cybersecurity,2.69,6,1,1,1,0,0,0,1,0,0,1,1,4,3,2,2,4,Software Engineer,Cloud Engineer,DevOps Engineer
21,Female,PhD,Data Science,2.81,6,0,1,0,1,1,1,1,0,1,0,0,1,2,1,5,2,Business Intelligence Analyst,Software Engineer,Cloud Engineer
22,Female,Bachelor,Computer Science,3.85,3,0,1,1,0,0,1,1,0,0,0,1,1,1,2,5,3,Software Engineer,Cloud Engineer,AI Researcher
34,Male,Master,Computer Science,3.33,0,1,0,1,1,0,0,0,1,0,1,0,5,5,2,4,3,Software Engineer,DevOps Engineer,Cybersecurity Analyst
30,Female,Master,Software Engineering,3.34,5,1,0,1,0,1,0,0,1,0,0,1,5,5,5,1,3,Machine Learning Engineer,Software Engineer,Cybersecurity Analyst
34,Male,PhD,Cybersecurity,3.1,4,0,1,1,0,0,1,1,0,1,1,1,4,1,2,2,4,Software Engineer,Cloud Engineer,DevOps Engineer
33,Female,Bachelor,Software Engineering,3.33,6,0,0,0,1,0,1,1,1,0,0,0,1,1,5,5,5,Business Intelligence Analyst,Cloud Engineer,Cybersecurity Analyst
22,Female,PhD,Computer Science,3.78,4,0,0,0,1,1,1,1,0,0,1,0,5,1,5,3,1,Business Intelligence Analyst,Cloud Engineer,DevOps Engineer
33,Female,PhD,Data Science,3.5,5,1,0,0,0,0,1,1,1,1,0,0,4,1,3,1,5,Cloud Engineer,Cybersecurity Analyst,Frontend Developer
28,Male,Bachelor,Cybersecurity,3.23,2,1,1,0,0,0,0,0,0,0,1,1,4,4,2,4,5,Software Engineer,DevOps Engineer,Backend Developer
31,Male,PhD,Computer Science,2.65,0,1,1,1,1,1,0,1,0,0,0,1,1,4,1,5,1,Machine Learning Engineer,Software Engineer,Cloud Engineer
29,Male,Master,Computer Science,2.75,0,1,1,1,0,1,0,1,0,0,1,1,2,3,4,3,4,Machine Learning Engineer,Software Engineer,Cloud Engineer
28,Male,Master,Software Engineering,3.1,4,0,0,1,1,1,1,1,0,1,0,1,2,3,3,4,4,Business Intelligence Analyst,Software Engineer,Cloud Engineer
35,Female,PhD,AI,2.82,3,0,1,0,0,0,0,1,0,0,1,0,3,1,5,3,5,Software Engineer,Cloud Engineer,DevOps Engineer
21,Female,Master,AI,2.6,2,0,1,0,1,1,1,1,1,0,0,0,1,2,1,3,4,Business Intelligence Analyst,Software Engineer,Cloud Engineer
35,Male,Master,Software Engineering,2.79,3,1,0,0,1,1,0,1,0,1,1,1,2,5,1,4,4,Machine Learning Engineer,Cloud Engineer,DevOps Engineer
30,Female,Bachelor,AI,2.99,5,1,0,0,1,0,1,0,0,1,0,1,4,1,4,1,2,Business Intelligence Analyst,Data Analyst,Frontend Developer
33,Female,Bachelor,Cybersecurity,3.25,2,1,1,1,0,1,1,0,0,0,1,1,2,3,2,4,3,Machine Learning Engineer,Software Engineer,DevOps Engineer
27,Female,PhD,Computer Science,2.53,0,1,0,0,0,0,0,1,1,1,1,0,1,2,5,4,3,Cloud Engineer,DevOps Engineer,Cybersecurity Analyst
28,Male,Master,Software Engineering,3.16,6,0,1,1,0,0,0,1,1,0,0,1,4,2,2,2,2,Business Intelligence Analyst,Software Engineer,Cloud Engineer
22,Female,Bachelor,Cybersecurity,2.74,7,1,0,1,0,1,1,0,0,1,1,0,3,4,4,2,3,Machine Learning Engineer,Software Engineer,DevOps Engineer
24,Male,PhD,Software Engineering,3.56,5,1,0,1,0,1,1,1,0,0,0,1,1,3,1,5,3,Machine Learning Engineer,Software Engineer,Cloud Engineer
21,Female,Master,AI,2.89,7,0,0,1,1,1,1,0,1,1,1,0,3,5,2,2,3,Business Intelligence Analyst,Software Engineer,DevOps Engineer
27,Female,PhD,Data Science,3.33,3,0,1,0,0,0,1,0,1,0,1,1,1,1,4,2,5,Software Engineer,DevOps Engineer,Cybersecurity Analyst
33,Female,Master,Cybersecurity,3.32,5,1,1,1,1,0,0,0,0,1,0,1,2,2,4,1,3,Software Engineer,Backend Developer,Frontend Developer
31,Male,PhD,Computer Science,3.84,0,0,0,0,1,1,1,0,0,1,0,1,5,4,2,4,5,Business Intelligence Analyst,AI Researcher,Data Analyst
27,Male,Master,AI,3.72,2,1,1,1,0,0,0,0,0,0,0,0,3,2,1,1,2,Software Engineer,AI Researcher,Backend Developer
22,Male,Master,AI,2.74,6,0,1,0,1,1,1,0,1,1,1,0,5,4,5,3,3,Business Intelligence Analyst,Software Engineer,DevOps Engineer
32,Male,Master,Software Engineering,2.79,3,0,0,0,1,1,0,0,0,0,1,1,5,5,3,4,5,DevOps Engineer,Security Engineer,Business Intelligence Analyst
33,Male,Master,Data Science,3.93,3,0,1,0,1,1,1,0,0,0,1,0,1,1,2,4,1,Business Intelligence Analyst,Software Engineer,DevOps Engineer
33,Male,PhD,Computer Science,2.97,5,0,0,1,0,1,0,1,1,0,1,0,3,3,5,1,2,Software Engineer,Cloud Engineer,DevOps Engineer
28,Female,PhD,Software Engineering,3.48,0,1,1,1,0,1,1,1,0,1,0,1,3,5,5,5,2,Data Scientist,Machine Learning Engineer,Software Engineer
29,Male,Master,Computer Science,2.87,3,0,0,1,0,1,1,1,1,0,0,0,3,2,2,3,2,Software Engineer,Cloud Engineer,Cybersecurity Analyst
30,Female,Master,AI,3.25,5,0,1,1,1,1,1,0,1,0,1,1,1,3,4,4,2,Business Intelligence Analyst,Software Engineer,DevOps Engineer
28,Male,Bachelor,Data Science,2.5,0,0,1,0,0,0,1,0,1,0,1,0,2,3,3,4,4,Software Engineer,DevOps Engineer,Cybersecurity Analyst
32,Male,Master,Data Science,3.2,0,1,1,1,0,0,0,0,1,1,1,0,2,3,2,2,3,Software Engineer,DevOps Engineer,Cybersecurity Analyst
33,Female,PhD,Cybersecurity,3.53,2,1,1,1,0,0,0,1,1,0,0,1,2,2,4,2,1,Software Engineer,Cloud Engineer,Cybersecurity Analyst
28,Female,Master,Software Engineering,3.67,6,0,1,0,0,1,0,0,0,0,0,1,4,2,5,5,5,Software Engineer,Backend Developer,Security Engineer
26,Male,Bachelor,AI,3.53,1,0,0,1,1,1,1,0,1,0,0,0,5,2,4,4,3,Business Intelligence Analyst,Software Engineer,Cybersecurity Analyst
34,Female,PhD,Computer Science,3.96,4,0,1,1,1,1,1,0,1,1,0,1,4,4,3,2,5,Business Intelligence Analyst,Software Engineer,Cybersecurity Analyst
22,Male,Bachelor,Cybersecurity,3.13,4,0,1,1,1,0,0,0,0,0,0,0,1,5,4,1,1,Software Engineer,Backend Developer,Machine Learning Engineer
34,Male,Bachelor,Software Engineering,3.51,4,0,0,1,1,1,1,1,0,1,0,1,1,5,5,3,4,Business Intelligence Analyst,Software Engineer,Cloud Engineer
29,Female,PhD,Computer Science,3.11,3,0,0,1,0,0,0,0,1,0,0,1,1,5,3,2,1,Software Engineer,Cybersecurity Analyst,Backend Developer
22,Female,Bachelor,Computer Science,3.4,2,0,1,0,0,0,0,1,1,1,1,1,1,5,4,3,4,Software Engineer,Cloud Engineer,DevOps Engineer
35,Male,Bachelor,Cybersecurity,3.13,6,1,1,1,0,1,0,1,0,1,0,0,3,3,1,3,4,Machine Learning Engineer,Software Engineer,Cloud Engineer
31,Male,PhD,Cybersecurity,3.73,6,1,1,1,0,0,0,0,0,1,0,0,4,5,4,3,3,Software Engineer,AI Researcher,Backend Developer
24,Female,Master,Software Engineering,3.72,0,0,0,0,1,0,1,0,0,0,0,1,3,1,3,4,4,Business Intelligence Analyst,AI Researcher,Data Analyst
33,Male,PhD,AI,2.79,4,0,0,0,0,0,1,0,0,0,1,1,3,1,4,4,1,DevOps Engineer,Security Engineer,Machine Learning Engineer
33,Female,Bachelor,Cybersecurity,3.05,2,1,0,1,1,1,0,0,0,1,1,0,5,2,2,4,4,Machine Learning Engineer,Software Engineer,DevOps Engineer
23,Male,PhD,Software Engineering,3.31,0,0,1,1,1,1,0,0,1,0,1,0,5,4,4,2,2,Software Engineer,DevOps Engineer,Cybersecurity Analyst
30,Female,PhD,Software Engineering,3.22,2,0,0,0,0,0,1,1,1,1,0,1,2,5,2,3,1,Cloud Engineer,Cybersecurity Analyst,Frontend Developer
33,Male,Bachelor,Data Science,3.24,2,0,0,1,0,1,1,1,1,0,1,0,2,4,4,5,2,Software Engineer,Cloud Engineer,DevOps Engineer
30,Male,Bachelor,Software Engineering,3.06,4,1,1,0,1,0,1,0,0,0,1,0,5,1,4,4,2,Business Intelligence Analyst,Software Engineer,DevOps Engineer
24,Male,Bachelor,Computer Science,3.02,4,1,0,0,0,0,1,0,0,0,0,1,5,2,5,4,2,Security Engineer,Business Intelligence Analyst,Machine Learning Engineer
34,Male,PhD,Computer Science,2.71,5,1,0,0,0,0,1,0,0,0,0,1,2,3,3,1,1,Security Engineer,Machine Learning Engineer,Data Scientist
30,Female,PhD,AI,3.64,7,0,1,0,1,1,1,1,1,1,0,0,2,3,1,2,4,Business Intelligence Analyst,Software Engineer,Cloud Engineer
30,Male,Master,Computer Science,2.56,6,1,1,0,1,1,0,0,1,0,0,1,1,5,1,3,5,Machine Learning Engineer,Software Engineer,Cybersecurity Analyst
26,Male,PhD,Cybersecurity,2.67,6,1,0,0,0,0,1,0,0,1,0,1,2,1,3,3,5,Data Scientist,Frontend Developer,Security Engineer
24,Female,Bachelor,AI,3.28,1,0,0,1,0,1,1,0,0,0,0,0,1,2,3,5,4,Software Engineer,Backend Developer,Machine Learning Engineer
34,Male,Bachelor,AI,3.77,7,1,1,1,0,1,1,0,1,0,0,0,4,5,4,4,2,AI Researcher,Machine Learning Engineer,Software Engineer
27,Female,PhD,Data Science,3.26,5,1,0,1,0,1,0,0,0,1,0,1,4,5,5,1,4,Machine Learning Engineer,Software Engineer,Data Scientist
24,Male,Bachelor,Computer Science,3.86,4,1,0,0,1,0,1,1,0,0,1,1,5,1,3,3,4,Business Intelligence Analyst,Cloud Engineer,DevOps Engineer
24,Female,PhD,AI,3.0,3,0,1,0,1,1,0,1,0,0,1,1,5,1,1,3,4,Software Engineer,Cloud Engineer,DevOps Engineer
26,Male,PhD,Cybersecurity,3.0,6,0,1,1,0,1,0,0,1,0,1,0,2,3,5,5,3,Software Engineer,DevOps Engineer,Cybersecurity Analyst
21,Male,Master,Software Engineering,2.71,0,0,0,1,0,1,1,0,1,1,0,1,5,1,4,1,5,Software Engineer,Cybersecurity Analyst,Backend Developer
30,Female,Master,AI,3.0,7,1,0,1,0,0,1,0,0,1,1,1,4,4,5,5,2,Software Engineer,DevOps Engineer,Backend Developer
33,Female,Bachelor,Software Engineering,2.59,4,0,0,1,0,0,1,0,0,0,1,1,2,3,3,2,1,Software Engineer,DevOps Engineer,Backend Developer
22,Female,Bachelor,Computer Science,2.72,5,1,1,1,1,1,0,1,0,1,1,1,2,4,2,2,3,Machine Learning Engineer,Software Engineer,Cloud Engineer
33,Male,PhD,Data Science,2.99,3,1,0,1,0,1,0,0,1,0,0,0,3,1,5,2,2,Machine Learning Engineer,Software Engineer,Cybersecurity Analyst
35,Female,Master,Cybersecurity,3.43,3,1,0,1,1,0,1,0,1,1,1,0,2,4,3,2,1,Business Intelligence Analyst,Software Engineer,DevOps Engineer
22,Female,PhD,Computer Science,3.46,0,1,1,1,1,1,0,0,0,1,1,1,3,4,1,1,4,AI Researcher,Machine Learning Engineer,Software Engineer
27,Male,PhD,Computer Science,2.9,3,1,0,1,1,1,1,0,0,1,1,1,1,5,5,5,3,Machine Learning Engineer,Data Scientist,Business Intelligence Analyst
27,Female,PhD,Data Science,3.8,6,0,0,1,0,0,1,1,1,0,1,1,2,4,1,4,2,Software Engineer,Cloud Engineer,DevOps Engineer
23,Male,PhD,Data Science,3.38,2,0,1,1,1,0,0,0,1,0,1,0,2,3,3,5,2,Software Engineer,DevOps Engineer,Cybersecurity Analyst
27,Female,PhD,Software Engineering,3.62,8,0,0,0,1,1,1,0,0,1,0,0,5,3,4,2,4,Business Intelligence Analyst,Data Analyst,Frontend Developer
23,Female,Master,AI,2.86,7,1,0,1,0,0,0,1,1,0,0,1,4,3,3,3,5,Software Engineer,Cloud Engineer,Cybersecurity Analyst
26,Male,Master,Cybersecurity,3.82,1,0,1,0,1,1,1,1,0,0,0,1,4,3,2,3,2,Business Intelligence Analyst,Software Engineer,Cloud Engineer
28,Male,PhD,AI,2.54,2,1,1,0,1,0,1,0,1,0,1,0,3,4,2,4,3,Business Intelligence Analyst,Software Engineer,DevOps Engineer
32,Male,Master,Computer Science,2.86,8,1,1,0,0,1,0,1,0,0,0,0,5,4,4,2,2,Machine Learning Engineer,Software Engineer,Cloud Engineer
23,Male,PhD,Computer Science,2.55,8,0,1,0,0,1,1,1,0,0,0,1,1,1,3,5,1,Software Engineer,Cloud Engineer,Backend Developer
24,Male,PhD,Data Science,3.66,7,0,1,1,1,0,0,0,0,0,0,0,4,3,5,3,4,Software Engineer,Backend Developer,Business Intelligence Analyst
32,Female,PhD,Software Engineering,2.81,3,0,0,0,1,0,0,1,0,1,1,0,2,2,5,1,1,Cloud Engineer,DevOps Engineer,Frontend Developer
26,Female,Master,Data Science,3.27,6,0,1,1,0,1,0,1,0,1,1,1,1,1,1,1,2,Software Engineer,Cloud Engineer,DevOps Engineer
30,Female,Bachelor,AI,2.52,1,0,0,0,1,1,0,1,1,0,1,0,2,2,5,5,5,Cloud Engineer,DevOps Engineer,Cybersecurity Analyst
23,Female,PhD,Data Science,3.64,3,0,0,0,0,0,1,1,1,0,0,1,1,2,5,5,3,Cloud Engineer,Cybersecurity Analyst,Security Engineer
35,Female,PhD,Computer Science,3.82,4,0,0,1,1,0,1,0,1,0,1,1,3,1,1,1,4,Business Intelligence Analyst,Software Engineer,DevOps Engineer
23,Female,Master,Software Engineering,2.63,4,1,0,1,0,1,1,1,1,0,1,1,1,1,5,4,4,Machine Learning Engineer,Software Engineer,Cloud Engineer
21,Male,Master,AI,2.78,4,0,0,0,1,1,0,1,1,0,0,0,1,3,5,2,2,Cloud Engineer,Cybersecurity Analyst,Machine Learning Engineer
32,Male,PhD,Data Science,2.85,4,0,0,0,1,1,1,1,1,1,1,1,5,4,4,2,2,Business Intelligence Analyst,Full Stack Developer,Cloud Engineer
24,Male,Master,Data Science,2.58,1,0,1,1,1,1,0,0,1,1,1,1,1,1,4,3,1,Software Engineer,DevOps Engineer,Cybersecurity Analyst
32,Male,Master,Software Engineering,2.53,0,1,0,0,1,1,0,0,0,1,0,0,4,4,1,5,4,Machine Learning Engineer,Data Scientist,AI Researcher
34,Male,Master,AI,2.7,6,1,1,1,1,1,1,0,1,0,0,1,1,1,4,5,3,Machine Learning Engineer,Data Scientist,Business Intelligence Analyst
31,Female,Master,AI,2.81,2,0,0,0,1,1,1,1,1,0,0,1,4,5,1,1,3,Business Intelligence Analyst,Cloud Engineer,Cybersecurity Analyst
34,Male,Master,Computer Science,3.62,3,1,0,0,0,0,0,1,1,1,1,0,4,3,1,5,5,Cloud Engineer,DevOps Engineer,Cybersecurity Analyst
25,Female,Bachelor,AI,3.72,4,1,1,1,0,1,0,1,1,0,0,1,4,4,4,2,3,AI Researcher,Machine Learning Engineer,Software Engineer
32,Female,Master,AI,3.28,7,0,1,1,0,0,0,1,0,0,1,0,4,1,5,3,5,Software Engineer,Cloud Engineer,DevOps Engineer
23,Female,PhD,Computer Science,3.82,5,1,1,0,0,1,1,1,1,0,0,0,4,5,1,3,3,AI Researcher,Machine Learning Engineer,Software Engineer
33,Male,Master,Cybersecurity,2.75,7,1,0,1,1,0,1,0,0,0,0,0,2,5,3,5,3,Business Intelligence Analyst,Software Engineer,Data Analyst
34,Male,PhD,Software Engineering,3.1,2,1,0,0,1,1,0,0,0,0,0,0,2,1,1,3,4,Machine Learning Engineer,Data Scientist,AI Researcher
23,Female,Bachelor,Software Engineering,4.0,6,0,0,0,1,1,0,1,1,0,0,1,5,4,4,3,4,Cloud Engineer,Cybersecurity Analyst,AI Researcher
35,Male,Bachelor,Computer Science,2.67,7,1,1,1,0,0,0,1,1,1,1,0,3,5,2,4,2,Software Engineer,Cloud Engineer,DevOps Engineer
35,Female,Bachelor,Data Science,3.24,0,1,1,1,0,0,0,1,0,0,1,1,4,3,5,3,5,Software Engineer,Cloud Engineer,DevOps Engineer
27,Female,PhD,Software Engineering,3.97,0,1,0,1,1,1,0,1,0,1,1,1,2,5,2,1,2,AI Researcher,Machine Learning Engineer,Software Engineer
30,Female,Master,Data Science,3.02,4,0,0,0,0,0,1,1,1,0,0,0,2,1,5,5,4,Cloud Engineer,Cybersecurity Analyst,DevOps Engineer
33,Male,PhD,Software Engineering,2.91,5,0,1,1,0,1,0,0,0,1,0,0,2,5,5,2,2,Software Engineer,Backend Developer,Frontend Developer
27,Male,Bachelor,AI,3.37,0,1,1,0,1,1,0,0,0,1,0,0,4,2,5,3,1,Machine Learning Engineer,Software Engineer,Data Scientist
32,Male,PhD,Computer Science,3.5,3,0,0,0,1,1,0,1,1,0,0,1,1,5,2,5,1,Cybersecurity Analyst,Cloud Engineer,Security Engineer
28,Male,Bachelor,Computer Science,2.91,0,0,0,1,1,1,0,1,1,0,0,1,4,4,3,1,4,Software Engineer,Cloud Engineer,Cybersecurity Analyst
25,Male,Bachelor,Computer Science,2.65,4,1,0,0,1,1,1,0,1,1,0,1,1,1,3,1,4,Machine Learning Engineer,Data Scientist,Business Intelligence Analyst
32,Male,Master,Computer Science,3.84,5,0,1,1,0,0,0,1,1,0,1,0,4,1,4,3,2,Software Engineer,Cloud Engineer,DevOps Engineer
22,Female,Bachelor,Cybersecurity,3.23,6,0,1,1,1,1,1,1,1,1,1,1,5,3,1,4,4,Business Intelligence Analyst,Software Engineer,Cloud Engineer
23,Female,PhD,Data Science,2.85,6,0,0,0,0,0,0,0,0,1,1,1,1,5,5,3,1,DevOps Engineer,Frontend Developer,Security Engineer
24,Female,PhD,Computer Science,2.97,0,0,0,0,1,1,0,1,1,0,1,1,3,5,1,4,3,Cloud Engineer,DevOps Engineer,Cybersecurity Analyst
31,Male,Master,Data Science,3.92,5,1,1,0,1,1,0,1,0,0,1,1,5,5,3,4,3,AI Researcher,Machine Learning Engineer,Software Engineer
31,Male,Master,Computer Science,3.95,5,0,0,0,0,0,0,1,0,0,1,1,1,1,2,3,1,Cloud Engineer,DevOps Engineer,AI Researcher
29,Female,Bachelor,Data Science,3.82,8,0,0,0,0,0,1,1,1,1,1,0,3,5,5,1,3,Cloud Engineer,DevOps Engineer,Cybersecurity Analyst
21,Male,PhD,Computer Science,3.23,3,1,1,0,1,0,1,0,0,0,0,0,2,2,1,4,1,Business Intelligence Analyst,Software Engineer,Data Analyst
35,Female,Bachelor,AI,3.21,1,0,1,0,1,1,0,1,0,0,1,1,5,2,1,1,5,Software Engineer,Cloud Engineer,DevOps Engineer
30,Male,Master,Computer Science,3.21,6,0,0,0,1,1,0,0,1,0,0,1,5,5,2,4,2,Cybersecurity Analyst,Security Engineer,Business Intelligence Analyst
35,Female,Bachelor,Cybersecurity,2.81,7,1,1,0,0,0,1,0,1,1,0,0,2,1,2,3,2,Software Engineer,Cybersecurity Analyst,Backend Developer
21,Female,Bachelor,Data Science,4.0,2,1,0,1,1,1,1,0,0,0,0,0,2,5,5,4,2,AI Researcher,Machine Learning Engineer,Data Scientist
26,Male,Master,Software Engineering,3.96,7,0,0,0,0,0,0,1,0,1,1,0,3,5,5,4,1,Cloud Engineer,DevOps Engineer,AI Researcher
26,Female,PhD,Software Engineering,3.52,7,0,1,1,0,0,0,1,0,1,1,0,2,5,4,5,4,Software Engineer,Cloud Engineer,DevOps Engineer
23,Female,PhD,Software Engineering,2.57,7,1,0,1,0,0,1,1,0,1,0,1,2,5,5,3,4,Software Engineer,Cloud Engineer,Backend Developer
23,Male,Master,Computer Science,3.22,8,1,0,0,1,1,1,1,0,0,1,1,1,3,5,3,5,Machine Learning Engineer,Data Scientist,Business Intelligence Analyst
23,Male,Master,Software Engineering,2.97,5,0,0,0,0,1,0,1,1,0,1,1,4,3,3,5,5,Cloud Engineer,DevOps Engineer,Cybersecurity Analyst
24,Female,PhD,Data Science,3.32,0,1,1,1,0,1,0,0,0,1,0,0,4,3,3,4,1,Machine Learning Engineer,Software Engineer,Data Scientist
23,Male,Master,Software Engineering,3.65,7,0,1,0,0,1,0,1,1,1,0,1,1,4,4,5,3,Software Engineer,Cloud Engineer,Cybersecurity Analyst
30,Male,Master,Software Engineering,3.42,0,0,1,0,0,1,1,1,0,1,0,1,3,4,3,2,3,Software Engineer,Cloud Engineer,Backend Developer
24,Male,Bachelor,Data Science,3.36,3,1,1,1,1,0,0,1,0,1,1,1,3,4,3,5,3,Software Engineer,Cloud Engineer,DevOps Engineer
35,Female,PhD,Data Science,3.47,1,1,0,0,1,0,1,1,1,1,1,0,4,1,4,5,3,Business Intelligence Analyst,Cloud Engineer,DevOps Engineer
22,Female,Bachelor,Computer Science,3.39,1,1,1,1,1,1,0,1,0,1,0,0,2,1,1,1,5,Machine Learning Engineer,Software Engineer,Cloud Engineer
22,Male,Bachelor,Computer Science,2.69,0,1,1,0,0,0,1,0,1,1,0,1,2,5,5,2,3,Software Engineer,Cybersecurity Analyst,Backend Developer
34,Male,Master,Computer Science,3.98,4,1,1,0,0,1,0,0,1,0,1,0,4,4,1,1,2,AI Researcher,Machine Learning Engineer,Software Engineer
21,Male,Bachelor,Software Engineering,3.74,2,0,0,0,1,1,1,1,1,0,1,1,4,3,4,2,5,Business Intelligence Analyst,Cloud Engineer,DevOps Engineer
29,Male,PhD,Cybersecurity,2.71,2,0,0,1,0,0,1,0,1,0,0,0,1,1,2,2,2,Software Engineer,Cybersecurity Analyst,Backend Developer
22,Male,Master,Computer Science,3.06,3,0,1,1,0,1,1,1,1,0,0,1,5,2,2,1,5,Software Engineer,Cloud Engineer,Cybersecurity Analyst
31,Female,Bachelor,Cybersecurity,3.14,5,1,1,0,0,1,0,1,0,1,0,0,2,3,4,3,5,Machine Learning Engineer,Software Engineer,Cloud Engineer
35,Male,Bachelor,Software Engineering,3.29,1,0,0,0,0,0,1,0,1,0,0,1,2,4,3,3,4,Cybersecurity Analyst,Security Engineer,Machine Learning Engineer
30,Female,PhD,Data Science,3.16,0,1,1,0,0,0,0,1,1,0,1,1,1,2,4,4,1,Software Engineer,Cloud Engineer,DevOps Engineer
29,Male,Master,Data Science,3.28,6,1,0,1,0,1,1,0,0,0,1,0,2,1,3,5,2,Machine Learning Engineer,Software Engineer,DevOps Engineer
21,Male,Bachelor,Data Science,3.98,0,1,1,1,0,0,1,1,0,1,0,1,1,5,5,5,1,Software Engineer,Cloud Engineer,AI Researcher
24,Male,Master,Computer Science,2.74,0,0,0,1,0,1,1,0,0,0,0,1,2,2,3,4,3,Software Engineer,Backend Developer,Security Engineer
33,Male,Master,Data Science,3.14,2,1,1,0,0,0,0,1,1,0,0,0,5,1,1,2,5,Software Engineer,Cloud Engineer,Cybersecurity Analyst
34,Male,Bachelor,Software Engineering,2.79,8,1,1,0,1,1,1,1,1,0,1,1,4,2,4,2,5,Business Intelligence Analyst,Machine Learning Engineer,Data Scientist
30,Female,Master,Cybersecurity,2.76,3,1,0,1,1,1,0,1,0,1,1,0,5,4,3,5,1,Machine Learning Engineer,Software Engineer,Cloud Engineer
34,Female,Bachelor,Cybersecurity,2.71,4,1,1,1,1,1,1,1,0,0,1,0,5,3,1,4,5,Business Intelligence Analyst,Machine Learning Engineer,Data Scientist
25,Female,PhD,Data Science,3.26,0,0,0,1,1,1,0,1,1,1,0,0,4,2,5,2,1,Software Engineer,Cloud Engineer,Cybersecurity Analyst
21,Male,Master,Cybersecurity,3.29,7,1,0,1,1,0,0,0,1,0,0,0,5,4,2,4,3,Software Engineer,Cybersecurity Analyst,Backend Developer
30,Male,Bachelor,Software Engineering,3.08,1,0,0,0,0,0,1,0,0,1,1,0,5,2,4,5,1,DevOps Engineer,Frontend Developer,Full Stack Developer
28,Female,Master,Computer Science,3.55,0,0,1,1,1,0,1,0,0,0,1,0,5,5,5,3,5,Business Intelligence Analyst,Software Engineer,DevOps Engineer
31,Female,Bachelor,AI,3.37,6,0,0,1,0,1,1,0,1,1,0,0,3,2,4,3,5,Software Engineer,Cybersecurity Analyst,Backend Developer
31,Male,PhD,Data Science,2.89,8,0,0,0,1,1,0,1,1,0,1,1,2,4,2,4,4,Cloud Engineer,DevOps Engineer,Cybersecurity Analyst
32,Female,Master,Data Science,3.82,0,0,0,1,1,1,1,1,0,1,1,0,5,5,1,1,1,Business Intelligence Analyst,Software Engineer,Cloud Engineer
27,Male,PhD,AI,3.98,6,0,0,0,0,1,1,1,0,1,1,0,2,1,2,1,3,Cloud Engineer,DevOps Engineer,AI Researcher
21,Male,Master,Computer Science,2.99,3,1,0,1,1,1,1,0,1,0,1,1,1,4,2,1,2,Machine Learning Engineer,Data Scientist,Business Intelligence Analyst
27,Female,Master,Computer Science,3.29,2,0,0,0,1,0,0,0,1,1,1,0,1,5,1,1,4,DevOps Engineer,Cybersecurity Analyst,Frontend Developer
31,Female,PhD,Software Engineering,3.89,1,1,1,0,1,1,0,0,1,1,0,1,1,1,2,3,5,AI Researcher,Machine Learning Engineer,Software Engineer
35,Male,PhD,Computer Science,2.79,5,0,1,1,0,1,0,0,0,0,1,1,2,4,5,3,1,Software Engineer,DevOps Engineer,Backend Developer
25,Female,Bachelor,Cybersecurity,2.83,7,1,0,1,0,1,0,0,0,1,0,0,4,1,1,2,2,Machine Learning Engineer,Software Engineer,Data Scientist
25,Female,PhD,AI,3.43,2,1,1,0,0,0,0,0,1,0,0,0,4,5,1,2,3,Software Engineer,Cybersecurity Analyst,Backend Developer
24,Male,PhD,Cybersecurity,2.59,5,0,1,0,0,0,1,1,1,1,0,0,5,4,3,5,1,Software Engineer,Cloud Engineer,Cybersecurity Analyst
24,Female,PhD,Software Engineering,3.99,3,1,0,0,1,0,0,0,1,1,0,0,5,4,3,3,5,Cybersecurity Analyst,AI Researcher,Frontend Developer
25,Male,Master,Computer Science,2.57,8,1,1,0,1,0,0,0,1,0,1,0,2,4,4,4,1,Software Engineer,DevOps Engineer,Cybersecurity Analyst
24,Female,Bachelor,Cybersecurity,3.33,3,1,1,1,1,1,0,1,1,0,1,1,1,1,1,2,1,Machine Learning Engineer,Software Engineer,Cloud Engineer
22,Male,PhD,Data Science,3.74,8,0,1,1,0,0,1,1,0,0,1,0,4,5,4,2,1,Software Engineer,Cloud Engineer,DevOps Engineer
32,Female,Master,AI,3.49,7,1,0,0,1,0,0,1,0,1,1,0,4,5,5,3,1,Cloud Engineer,DevOps Engineer,Frontend Developer
29,Female,Bachelor,Cybersecurity,3.12,7,1,0,1,1,0,0,0,1,0,1,0,3,4,2,2,1,Software Engineer,DevOps Engineer,Cybersecurity Analyst
34,Male,Master,Software Engineering,3.79,5,1,0,1,0,1,1,1,0,1,1,1,3,4,3,1,5,AI Researcher,Machine Learning Engineer,Software Engineer
32,Male,Bachelor,Data Science,3.18,0,0,1,1,0,1,0,0,0,0,1,0,2,4,2,2,1,Software Engineer,DevOps Engineer,Backend Developer
30,Male,Bachelor,AI,3.56,8,0,0,0,0,1,1,1,0,1,0,1,2,1,1,2,3,Cloud Engineer,Frontend Developer,Security Engineer
26,Male,Master,Cybersecurity,3.98,3,1,0,0,1,0,1,0,1,0,0,1,2,5,3,4,5,Business Intelligence Analyst,Cybersecurity Analyst,AI Researcher
21,Male,Master,Software Engineering,2.83,7,0,0,0,1,1,0,0,0,0,0,0,4,4,4,2,4,Business Intelligence Analyst,Machine Learning Engineer,Data Scientist
33,Female,PhD,Data Science,3.91,4,0,0,1,1,0,0,1,1,1,1,0,2,2,4,1,5,Software Engineer,Cloud Engineer,DevOps Engineer
21,Male,PhD,Software Engineering,3.64,1,0,1,0,0,0,0,1,1,0,1,0,2,5,5,1,5,Software Engineer,Cloud Engineer,DevOps Engineer
30,Male,PhD,Software Engineering,3.68,7,0,0,1,0,0,1,1,1,0,1,1,2,4,3,2,1,Software Engineer,Cloud Engineer,DevOps Engineer
27,Male,Master,Computer Science,3.99,5,1,1,0,0,1,1,0,0,1,0,0,4,5,5,4,4,AI Researcher,Machine Learning Engineer,Software Engineer
30,Male,Bachelor,Computer Science,2.82,3,1,0,0,0,1,0,1,0,1,0,0,2,3,1,4,2,Machine Learning Engineer,Cloud Engineer,Data Scientist
32,Female,PhD,Software Engineering,3.46,2,1,0,0,0,1,1,0,0,0,0,1,3,3,1,5,4,Machine Learning Engineer,Data Scientist,AI Researcher
29,Male,PhD,Cybersecurity,3.84,7,1,1,1,0,0,0,1,0,1,0,1,2,3,5,4,2,Software Engineer,Cloud Engineer,AI Researcher
33,Male,Master,Computer Science,2.72,0,0,0,1,1,0,0,1,1,0,1,1,3,3,4,1,2,Software Engineer,Cloud Engineer,DevOps Engineer
25,Female,PhD,Data Science,3.42,8,1,1,0,1,1,1,0,0,0,0,0,4,5,4,5,3,Business Intelligence Analyst,Machine Learning Engineer,Data Scientist
26,Male,PhD,Computer Science,2.51,6,1,1,1,0,0,0,1,1,0,1,1,1,5,4,2,1,Software Engineer,Cloud Engineer,DevOps Engineer
35,Male,PhD,Computer Science,2.97,6,0,1,0,1,1,0,0,1,0,0,1,3,3,5,1,5,Software Engineer,Cybersecurity Analyst,Backend Developer
21,Male,PhD,Software Engineering,2.81,8,1,1,0,0,1,1,1,1,0,0,0,3,4,1,2,3,Machine Learning Engineer,Software Engineer,Cloud Engineer
28,Male,Bachelor,Cybersecurity,3.53,1,0,1,1,0,0,1,1,1,0,1,1,5,5,4,4,4,Software Engineer,Cloud Engineer,DevOps Engineer
34,Female,PhD,AI,2.97,1,0,1,0,0,1,1,0,0,0,1,1,2,2,5,5,2,Software Engineer,DevOps Engineer,Backend Developer
31,Female,Master,Cybersecurity,3.08,8,1,1,1,1,0,1,1,0,0,1,1,5,2,5,3,4,Business Intelligence Analyst,Software Engineer,Cloud Engineer
28,Female,Master,Computer Science,3.04,2,1,1,1,0,1,1,1,0,1,1,0,2,4,2,5,3,Machine Learning Engineer,Software Engineer,Cloud Engineer
33,Male,PhD,Computer Science,3.3,2,0,1,0,1,1,0,1,1,0,1,0,3,4,5,1,3,Software Engineer,Cloud Engineer,DevOps Engineer
23,Male,Bachelor,Data Science,3.61,0,0,1,1,1,0,1,1,1,1,0,0,3,3,1,2,3,Business Intelligence Analyst,Software Engineer,Cloud Engineer
21,Female,Bachelor,Data Science,3.93,4,1,1,1,1,0,0,1,1,0,1,1,2,3,4,5,4,Software Engineer,Cloud Engineer,DevOps Engineer
34,Male,Master,AI,3.17,4,0,1,0,1,1,0,1,0,0,1,1,5,3,1,4,4,Software Engineer,Cloud Engineer,DevOps Engineer
35,Male,Bachelor,Computer Science,2.77,1,0,1,0,1,1,0,1,0,1,1,1,1,5,5,2,3,Software Engineer,Cloud Engineer,DevOps Engineer
30,Male,Master,Software Engineering,2.74,7,1,0,0,1,0,0,1,0,1,0,0,3,3,5,4,2,Cloud Engineer,Frontend Developer,Full Stack Developer
35,Female,Master,Data Science,3.44,3,1,1,1,1,1,1,1,0,0,1,0,1,2,3,1,4,Machine Learning Engineer,Data Scientist,Business Intelligence Analyst
32,Female,Master,Computer Science,2.83,2,1,0,1,1,0,1,0,0,0,1,0,5,3,1,3,1,Business Intelligence Analyst,Software Engineer,DevOps Engineer
30,Female,Bachelor,Cybersecurity,3.92,6,0,0,1,1,1,1,0,0,1,0,0,3,1,5,4,2,Business Intelligence Analyst,Software Engineer,AI Researcher
27,Female,Bachelor,Cybersecurity,2.94,6,1,0,0,0,0,1,0,0,0,1,0,5,1,4,4,1,DevOps Engineer,Business Intelligence Analyst,Machine Learning Engineer
25,Female,Master,Software Engineering,2.94,7,0,0,0,1,1,0,0,0,0,1,0,3,2,2,3,1,DevOps Engineer,Machine Learning Engineer,Data Scientist
30,Female,Bachelor,AI,3.57,0,1,1,0,1,1,0,1,1,1,1,1,5,1,2,4,1,Machine Learning Engineer,Software Engineer,Cloud Engineer
24,Male,Bachelor,Software Engineering,3.12,5,1,1,1,0,0,0,1,0,1,1,1,2,2,2,5,2,Software Engineer,Cloud Engineer,DevOps Engineer
25,Male,Bachelor,Software Engineering,2.86,6,0,1,0,1,1,0,1,1,0,1,0,4,2,2,3,5,Software Engineer,Cloud Engineer,DevOps Engineer
21,Female,Master,Cybersecurity,3.61,6,0,0,1,0,0,1,1,1,0,0,0,3,1,4,3,1,Software Engineer,Cloud Engineer,Cybersecurity Analyst
35,Male,PhD,Computer Science,3.96,0,1,0,1,1,0,1,0,0,0,1,1,4,1,4,1,4,Business Intelligence Analyst,Software Engineer,DevOps Engineer
34,Male,Bachelor,Computer Science,2.83,4,1,0,1,0,0,0,0,0,0,1,0,2,2,4,3,1,Software Engineer,DevOps Engineer,Backend Developer
22,Female,Bachelor,Software Engineering,3.49,0,1,0,0,0,0,1,0,0,0,1,0,2,5,1,3,5,DevOps Engineer,Machine Learning Engineer,Data Scientist
27,Female,Bachelor,AI,3.35,0,0,0,0,0,0,1,1,0,0,0,0,4,2,2,4,4,Cloud Engineer,Business Intelligence Analyst,Machine Learning Engineer
29,Female,PhD,Software Engineering,3.96,3,0,1,0,0,0,0,0,1,0,0,0,2,1,2,1,5,Software Engineer,Cybersecurity Analyst,AI Researcher
24,Female,Bachelor,Cybersecurity,2.58,4,1,1,0,0,1,0,1,1,0,0,0,4,2,2,4,2,Machine Learning Engineer,Software Engineer,Cloud Engineer
30,Male,PhD,AI,3.33,2,1,1,0,1,1,0,1,1,0,1,1,5,1,1,1,2,Machine Learning Engineer,Software Engineer,Cloud Engineer
24,Female,Master,Cybersecurity,3.66,2,0,1,0,0,0,0,0,1,0,0,1,1,3,5,1,1,Software Engineer,Cybersecurity Analyst,Backend Developer
28,Male,Master,Software Engineering,2.53,1,0,1,0,1,1,0,0,1,0,0,0,2,1,1,1,3,Software Engineer,Cybersecurity Analyst,Backend Developer
34,Female,Bachelor,Computer Science,3.68,6,0,0,1,0,0,1,1,1,1,0,1,4,5,5,2,3,Software Engineer,Cloud Engineer,Cybersecurity Analyst
31,Male,PhD,Computer Science,3.12,6,0,0,1,0,0,1,0,0,1,1,1,3,2,1,1,3,Software Engineer,DevOps Engineer,Backend Developer
33,Female,Bachelor,Software Engineering,3.16,5,1,0,1,1,0,0,0,0,0,1,1,2,3,4,5,1,Software Engineer,DevOps Engineer,Backend Developer
30,Male,PhD,Computer Science,3.52,0,1,1,1,0,1,1,0,1,0,0,1,2,3,1,3,1,Machine Learning Engineer,Software Engineer,Cybersecurity Analyst
24,Male,PhD,AI,2.78,0,1,1,0,0,1,1,0,0,1,0,0,5,3,5,4,5,Machine Learning Engineer,Software Engineer,Data Scientist
22,Female,Bachelor,AI,3.0,4,0,0,1,1,1,0,0,0,0,1,1,1,3,3,3,2,Software Engineer,DevOps Engineer,Backend Developer
33,Male,Master,Software Engineering,3.23,1,0,1,0,0,1,1,1,1,1,1,0,1,1,4,5,2,Software Engineer,Cloud Engineer,DevOps Engineer
27,Male,Bachelor,Cybersecurity,3.48,6,0,0,1,0,1,0,1,1,0,1,1,2,4,1,5,1,Software Engineer,Cloud Engineer,DevOps Engineer
29,Female,Master,Cybersecurity,3.39,3,1,0,0,0,1,1,1,1,0,0,1,5,1,1,3,4,Machine Learning Engineer,Cloud Engineer,Cybersecurity Analyst
28,Female,Bachelor,Computer Science,3.5,4,1,1,1,1,0,0,1,1,1,1,1,1,1,1,5,4,Software Engineer,Cloud Engineer,DevOps Engineer
23,Female,PhD,Computer Science,3.71,3,0,0,1,1,0,0,1,1,1,1,1,2,3,3,2,3,Software Engineer,Cloud Engineer,DevOps Engineer
26,Male,PhD,Computer Science,3.95,4,1,1,1,1,1,0,0,0,0,0,1,4,1,5,1,4,AI Researcher,Machine Learning Engineer,Software Engineer
24,Male,PhD,AI,3.68,3,1,0,0,0,1,0,1,1,1,0,0,4,5,2,5,4,Machine Learning Engineer,Cloud Engineer,Cybersecurity Analyst
23,Female,Bachelor,Cybersecurity,3.44,3,1,0,1,1,1,0,0,1,0,0,0,2,5,1,1,1,Backend Developer,Machine Learning Engineer,Software Engineer
24,Male,PhD,Cybersecurity,2.83,2,0,1,0,1,1,1,0,1,0,0,0,4,1,2,1,3,Business Intelligence Analyst,Software Engineer,Cybersecurity Analyst
33,Female,PhD,Data Science,3.11,8,0,0,0,1,1,0,1,0,0,1,1,3,5,3,3,5,Cloud Engineer,DevOps Engineer,Security Engineer
29,Male,Bachelor,Software Engineering,2.57,4,0,0,1,1,0,1,0,0,1,0,1,2,5,5,2,2,Business Intelligence Analyst,Software Engineer,Data Analyst
24,Male,PhD,AI,2.81,4,1,0,0,1,1,1,1,1,1,1,1,3,5,2,5,2,Machine Learning Engineer,Data Scientist,Business Intelligence Analyst
31,Female,PhD,Software Engineering,3.56,0,1,1,0,0,0,1,0,0,1,0,1,2,3,1,2,5,Software Engineer,Backend Developer,Frontend Developer
34,Male,PhD,Data Science,3.52,2,1,1,0,1,0,0,0,1,1,0,0,2,5,1,4,2,Software Engineer,Cybersecurity Analyst,Backend Developer
23,Female,Bachelor,AI,3.33,8,1,1,0,1,0,1,1,1,0,1,1,4,1,1,1,4,Business Intelligence Analyst,Software Engineer,Cloud Engineer
24,Male,Master,AI,2.99,0,1,0,1,0,0,0,1,0,0,1,0,1,5,3,4,2,Software Engineer,Cloud Engineer,DevOps Engineer
34,Female,Bachelor,Cybersecurity,2.97,6,0,0,1,0,0,0,0,1,0,0,1,5,5,2,1,3,Software Engineer,Cybersecurity Analyst,Backend Developer
35,Male,PhD,Data Science,3.38,5,0,1,1,1,0,0,1,0,0,1,0,1,5,2,5,5,Software Engineer,Cloud Engineer,DevOps Engineer
24,Female,Bachelor,Data Science,3.66,4,0,0,0,1,1,1,0,1,1,0,1,1,5,4,2,5,Business Intelligence Analyst,Cybersecurity Analyst,Data Analyst
25,Female,Master,AI,3.12,8,0,1,0,1,0,0,0,0,0,0,1,5,2,4,5,4,Software Engineer,Backend Developer,Security Engineer
33,Female,Bachelor,AI,2.9,5,0,1,0,0,0,0,0,1,0,1,1,3,4,4,5,1,Software Engineer,DevOps Engineer,Cybersecurity Analyst
29,Male,Bachelor,Computer Science,2.74,7,0,1,1,0,1,1,0,0,1,0,1,4,2,1,2,5,Software Engineer,Backend Developer,Frontend Developer
21,Female,Master,AI,3.16,7,1,1,0,0,1,0,0,0,0,0,0,1,5,5,3,1,Machine Learning Engineer,Software Engineer,Data Scientist
22,Male,PhD,AI,3.66,2,0,0,0,0,1,1,0,1,1,1,1,4,2,5,2,5,DevOps Engineer,Cybersecurity Analyst,Frontend Developer
22,Male,Master,Data Science,3.41,3,1,0,1,0,0,1,0,1,0,0,1,1,5,2,1,4,Software Engineer,Cybersecurity Analyst,Backend Developer
30,Male,Master,Software Engineering,3.12,1,0,0,0,0,1,1,0,1,0,1,1,3,5,2,5,3,DevOps Engineer,Cybersecurity Analyst,Security Engineer
21,Male,Bachelor,Software Engineering,3.47,0,1,0,1,0,1,1,0,0,1,0,0,4,4,1,3,2,Machine Learning Engineer,Software Engineer,Data Scientist
29,Male,PhD,Computer Science,3.19,4,1,1,1,0,1,1,1,0,0,0,0,4,3,5,3,3,Machine Learning Engineer,Software Engineer,Cloud Engineer
35,Male,Bachelor,AI,2.99,5,1,1,1,1,0,1,1,1,0,0,0,1,4,5,1,1,Business Intelligence Analyst,Software Engineer,Cloud Engineer
24,Female,Bachelor,Software Engineering,2.64,3,1,0,1,1,0,0,1,0,0,0,1,1,2,2,1,1,Software Engineer,Cloud Engineer,Backend Developer
29,Female,Bachelor,Data Science,3.99,6,1,0,1,0,1,1,1,1,0,1,1,4,3,2,4,4,AI Researcher,Machine Learning Engineer,Software Engineer
35,Male,Master,Computer Science,3.99,0,0,1,1,0,0,1,0,0,1,1,1,3,2,1,4,1,Software Engineer,DevOps Engineer,AI Researcher
22,Male,Bachelor,Data Science,3.43,1,0,1,0,1,1,0,0,1,1,1,1,5,5,2,3,2,Software Engineer,DevOps Engineer,Cybersecurity Analyst
32,Male,PhD,Computer Science,3.59,5,1,1,1,0,0,0,1,1,0,0,1,3,1,4,5,3,Software Engineer,Cloud Engineer,Cybersecurity Analyst
33,Female,PhD,AI,3.43,3,0,1,1,1,0,1,0,0,0,0,1,4,2,1,2,3,Business Intelligence Analyst,Software Engineer,Data Analyst
34,Female,Master,AI,3.29,1,0,1,1,0,1,1,0,1,0,0,1,2,1,2,1,4,Software Engineer,Cybersecurity Analyst,Backend Developer
35,Female,Master,Computer Science,2.95,0,0,0,1,0,1,1,0,0,0,1,1,1,2,1,1,3,Software Engineer,DevOps Engineer,Backend Developer
35,Female,Master,AI,3.16,6,1,1,0,0,0,1,0,1,1,1,1,1,3,3,3,5,Software Engineer,DevOps Engineer,Cybersecurity Analyst
25,Male,Master,Data Science,3.18,7,0,1,0,1,1,1,1,1,1,1,0,1,5,5,3,1,Full Stack Developer,Business Intelligence Analyst,Software Engineer
25,Male,Bachelor,Computer Science,3.4,3,1,1,1,0,0,1,0,1,1,1,0,5,4,3,2,3,Software Engineer,DevOps Engineer,Cybersecurity Analyst
26,Male,Master,Computer Science,3.24,3,1,1,1,1,1,1,1,0,0,0,0,5,3,3,2,2,Business Intelligence Analyst,Machine Learning Engineer,Data Scientist
23,Female,PhD,AI,3.57,8,0,1,0,1,1,0,1,1,0,1,0,5,1,5,2,2,Software Engineer,Cloud Engineer,DevOps Engineer
26,Female,Bachelor,Cybersecurity,3.94,6,1,0,1,0,0,0,1,1,0,1,1,1,4,3,4,1,Software Engineer,Cloud Engineer,DevOps Engineer
25,Female,Bachelor,Computer Science,3.13,0,1,0,1,1,0,0,1,1,0,1,0,4,3,1,5,2,Software Engineer,Cloud Engineer,DevOps Engineer
35,Male,Master,Cybersecurity,2.61,7,0,0,1,0,0,0,1,0,1,1,1,2,2,1,3,3,Software Engineer,Cloud Engineer,DevOps Engineer
30,Female,Master,Data Science,3.03,5,0,1,1,1,0,0,0,1,0,1,1,1,2,4,2,1,Software Engineer,DevOps Engineer,Cybersecurity Analyst
24,Female,PhD,Cybersecurity,3.73,0,1,1,1,1,0,1,0,0,0,1,1,2,1,5,3,1,Business Intelligence Analyst,Software Engineer,DevOps Engineer
29,Female,Bachelor,Software Engineering,3.98,1,1,1,1,1,0,0,1,1,1,1,0,3,2,2,4,2,Software Engineer,Cloud Engineer,DevOps Engineer
23,Female,Bachelor,Cybersecurity,3.93,5,1,0,0,1,0,0,1,0,0,1,1,3,1,5,3,1,Cloud Engineer,DevOps Engineer,AI Researcher
27,Male,Master,Data Science,3.38,0,1,1,1,0,1,1,1,1,0,0,0,2,1,1,2,5,Machine Learning Engineer,Software Engineer,Cloud Engineer
32,Female,Master,Data Science,3.67,7,0,1,1,0,0,0,0,0,0,1,0,5,1,4,1,2,Software Engineer,DevOps Engineer,Backend Developer
33,Male,Master,Computer Science,3.2,1,1,1,0,1,0,1,0,0,1,0,0,4,3,4,3,4,Business Intelligence Analyst,Software Engineer,Data Analyst
22,Male,PhD,AI,3.7,8,1,1,1,1,1,0,1,0,1,0,0,2,4,4,3,1,Machine Learning Engineer,Software Engineer,Cloud Engineer
27,Male,Master,Computer Science,3.84,1,0,0,0,0,1,1,1,0,0,0,0,5,5,3,2,5,Cloud Engineer,AI Researcher,Business Intelligence Analyst
26,Male,Bachelor,AI,3.74,0,1,1,1,1,0,1,1,0,1,0,1,3,3,3,4,2,Backend Developer,Business Intelligence Analyst,Software Engineer
23,Female,Bachelor,Computer Science,3.0,2,0,0,1,1,1,1,0,1,0,0,0,2,5,1,5,1,Business Intelligence Analyst,Software Engineer,Cybersecurity Analyst
30,Female,Bachelor,AI,2.96,1,1,0,0,0,1,1,0,1,1,1,0,1,2,3,1,3,Machine Learning Engineer,DevOps Engineer,Cybersecurity Analyst
22,Male,Master,AI,2.76,3,1,1,0,1,1,0,0,1,0,1,1,4,3,1,2,5,Machine Learning Engineer,Software Engineer,DevOps Engineer
27,Female,Bachelor,Data Science,3.08,8,1,1,0,0,1,1,0,1,1,0,1,3,2,1,4,1,Machine Learning Engineer,Software Engineer,Cybersecurity Analyst
33,Male,Master,Computer Science,3.75,0,1,0,1,1,0,0,1,0,1,0,1,1,1,2,4,5,Software Engineer,Cloud Engineer,AI Researcher
33,Male,PhD,Software Engineering,2.71,7,0,1,1,1,1,0,1,1,0,0,1,4,5,4,2,5,Software Engineer,Cloud Engineer,Cybersecurity Analyst
29,Male,Bachelor,Software Engineering,3.2,6,1,1,1,1,1,0,0,0,1,1,0,4,1,3,3,5,Machine Learning Engineer,Software Engineer,DevOps Engineer
31,Male,Master,Computer Science,3.73,5,1,1,0,0,0,0,1,1,1,1,1,2,2,5,5,1,Frontend Developer,Software Engineer,Cloud Engineer
34,Male,PhD,Data Science,3.65,7,1,1,1,0,1,1,1,1,0,0,1,4,4,5,2,4,Machine Learning Engineer,Software Engineer,Cloud Engineer
21,Female,Bachelor,Data Science,3.43,8,1,1,0,0,1,1,0,1,0,0,0,3,3,3,1,2,Machine Learning Engineer,Software Engineer,Cybersecurity Analyst
29,Female,Master,Cybersecurity,2.57,8,0,1,1,0,0,1,1,1,1,1,1,1,3,2,4,2,Software Engineer,Cloud Engineer,DevOps Engineer
31,Male,Master,AI,3.94,8,1,0,1,1,1,0,1,1,0,1,1,3,2,2,5,3,AI Researcher,Machine Learning Engineer,Software Engineer
29,Male,Bachelor,Software Engineering,3.8,2,0,1,1,1,1,0,0,1,0,0,0,5,4,3,1,2,Software Engineer,Cybersecurity Analyst,AI Researcher
34,Male,Master,Cybersecurity,2.95,6,0,1,1,0,0,0,1,1,0,0,1,3,4,4,2,3,Software Engineer,Cloud Engineer,Cybersecurity Analyst
28,Female,Bachelor,Data Science,3.59,7,1,1,1,1,1,0,1,1,1,1,1,3,1,1,3,3,Machine Learning Engineer,Software Engineer,Cloud Engineer
35,Male,Master,Data Science,3.75,4,0,0,0,1,0,1,0,0,0,1,1,5,2,5,3,5,Business Intelligence Analyst,DevOps Engineer,AI Researcher
34,Female,PhD,Computer Science,3.45,0,0,0,0,1,1,1,0,1,1,1,0,2,2,2,4,5,Business Intelligence Analyst,DevOps Engineer,Cybersecurity Analyst
33,Female,PhD,Software Engineering,2.66,0,1,0,0,1,1,1,1,1,1,1,1,1,3,3,1,4,Machine Learning Engineer,Data Scientist,Business Intelligence Analyst
35,Female,Master,Data Science,2.81,2,1,0,1,0,0,0,1,1,0,0,0,5,2,2,3,3,Software Engineer,Cloud Engineer,Cybersecurity Analyst
23,Male,PhD,AI,3.55,5,0,0,0,1,1,1,1,1,1,1,1,4,2,2,4,5,Business Intelligence Analyst,Cloud Engineer,DevOps Engineer
24,Male,PhD,AI,3.3,8,1,0,0,1,1,1,1,0,1,1,1,1,2,1,4,2,Machine Learning Engineer,Data Scientist,Business Intelligence Analyst
25,Male,Bachelor,Data Science,2.88,7,1,1,0,1,1,1,1,1,1,1,1,3,3,1,4,3,Machine Learning Engineer,Data Scientist,Business Intelligence Analyst
31,Female,PhD,Cybersecurity,3.8,0,1,1,0,1,1,0,0,1,1,0,1,3,2,4,2,5,AI Researcher,Machine Learning Engineer,Software Engineer
22,Male,Master,Software Engineering,2.57,6,0,0,0,0,0,1,1,1,0,1,0,3,1,3,2,3,Cybersecurity Analyst,Cloud Engineer,DevOps Engineer
27,Male,Master,Software Engineering,3.82,2,0,0,0,0,0,1,0,1,1,1,1,1,5,2,5,5,DevOps Engineer,Cybersecurity Analyst,AI Researcher
27,Female,Master,Cybersecurity,3.5,2,1,0,1,0,0,0,0,0,0,1,1,1,1,1,2,4,Software Engineer,DevOps Engineer,Backend Developer
33,Male,PhD,Software Engineering,2.89,8,1,1,0,1,1,1,1,1,0,1,0,4,2,5,1,5,Business Intelligence Analyst,Machine Learning Engineer,Data Scientist
26,Male,Bachelor,Data Science,2.52,5,0,0,0,1,0,1,0,1,0,0,1,3,3,4,2,3,Business Intelligence Analyst,Cybersecurity Analyst,Data Analyst
21,Male,Master,Data Science,3.03,6,1,1,0,0,1,0,0,1,0,0,0,2,2,4,1,5,Machine Learning Engineer,Software Engineer,Cybersecurity Analyst
33,Male,Bachelor,Software Engineering,3.57,1,0,1,0,0,1,0,0,0,0,1,0,1,2,5,2,1,Software Engineer,DevOps Engineer,Backend Developer
26,Female,Bachelor,Computer Science,3.38,1,1,1,1,1,0,1,0,1,1,1,1,3,4,4,2,4,Business Intelligence Analyst,Software Engineer,DevOps Engineer
33,Female,Master,Computer Science,3.26,7,0,1,0,1,0,0,1,1,1,1,0,3,1,4,2,2,Software Engineer,Cloud Engineer,DevOps Engineer
35,Female,Master,Data Science,3.31,8,1,0,1,1,0,0,0,0,0,1,0,5,1,4,5,1,Software Engineer,DevOps Engineer,Backend Developer
31,Male,Master,AI,2.64,5,1,0,1,1,0,0,1,1,1,0,1,1,2,1,5,2,Software Engineer,Cloud Engineer,Cybersecurity Analyst
28,Female,Master,AI,2.56,1,0,0,0,1,0,1,1,0,1,1,1,1,2,5,5,2,Business Intelligence Analyst,Cloud Engineer,DevOps Engineer
26,Female,Bachelor,Cybersecurity,3.12,2,1,1,1,0,0,1,1,1,1,0,0,1,5,1,2,5,Software Engineer,Cloud Engineer,Cybersecurity Analyst
34,Male,Bachelor,Software Engineering,2.71,6,1,0,0,0,0,1,1,0,1,0,1,3,1,3,5,2,Cloud Engineer,Frontend Developer,Security Engineer
31,Male,Bachelor,AI,3.65,0,0,1,0,0,0,0,1,0,1,0,1,5,3,5,5,3,Software Engineer,Cloud Engineer,Backend Developer
28,Male,Bachelor,Cybersecurity,3.45,6,1,1,1,1,0,1,1,1,0,0,0,5,4,2,1,1,Business Intelligence Analyst,Software Engineer,Cloud Engineer
28,Male,Bachelor,Software Engineering,3.56,0,0,1,1,0,0,0,0,1,1,0,0,5,3,3,5,2,Software Engineer,Cybersecurity Analyst,Backend Developer
31,Female,Bachelor,AI,3.85,6,1,1,1,1,1,0,1,1,0,1,1,4,1,2,5,1,AI Researcher,Machine Learning Engineer,Software Engineer
34,Female,Master,Data Science,3.25,6,1,0,1,1,1,1,1,0,0,1,0,1,4,4,1,4,Machine Learning Engineer,Data Scientist,Business Intelligence Analyst
29,Female,Bachelor,Software Engineering,3.12,7,0,1,1,0,0,0,0,0,1,0,1,4,5,4,1,4,Software Engineer,Backend Developer,Frontend Developer
21,Female,Bachelor,Computer Science,2.67,3,0,1,0,0,0,0,0,0,1,1,1,1,1,4,4,1,Software Engineer,DevOps Engineer,Backend Developer
33,Male,Master,Cybersecurity,2.94,7,1,0,0,0,1,1,1,1,0,1,1,3,3,3,4,2,Machine Learning Engineer,Cloud Engineer,DevOps Engineer
21,Male,Master,Computer Science,3.98,4,0,0,1,0,1,0,1,1,1,1,1,1,5,1,4,3,Software Engineer,Cloud Engineer,DevOps Engineer
34,Male,PhD,Cybersecurity,3.69,3,0,1,0,1,1,0,1,1,1,0,0,4,3,4,2,4,Software Engineer,Cloud Engineer,Cybersecurity Analyst
30,Male,PhD,Data Science,3.28,8,0,1,1,1,0,0,1,1,0,0,0,2,5,3,4,4,Software Engineer,Cloud Engineer,Cybersecurity Analyst
26,Male,Bachelor,Cybersecurity,3.12,6,0,0,1,1,0,1,0,1,1,0,1,1,4,2,5,5,Data Scientist,Business Intelligence Analyst,Software Engineer
27,Female,Bachelor,Data Science,3.49,8,0,1,1,1,1,0,1,1,0,0,1,4,3,4,4,5,Software Engineer,Cloud Engineer,Cybersecurity Analyst
25,Female,Master,Software Engineering,3.82,7,0,1,0,0,1,0,1,1,1,0,0,2,5,5,5,5,Software Engineer,Cloud Engineer,Cybersecurity Analyst
33,Male,Bachelor,Computer Science,3.69,5,1,0,1,0,1,0,1,1,1,0,0,4,5,2,2,5,Machine Learning Engineer,Software Engineer,Cloud Engineer
26,Female,Master,Data Science,2.95,2,1,1,0,1,1,0,1,1,1,1,1,3,3,5,2,3,Machine Learning Engineer,Software Engineer,Cloud Engineer
25,Male,Master,AI,3.97,7,0,0,0,0,0,1,1,0,1,0,0,1,2,2,3,5,Cloud Engineer,AI Researcher,Frontend Developer
34,Male,Master,Computer Science,3.23,6,1,0,0,0,1,1,0,1,1,0,1,1,5,1,2,2,Machine Learning Engineer,Cybersecurity Analyst,Data Scientist
35,Female,Bachelor,Cybersecurity,3.87,0,0,0,1,0,1,1,1,0,1,1,1,4,1,4,5,4,Software Engineer,Cloud Engineer,DevOps Engineer
29,Male,PhD,Computer Science,2.64,8,1,1,1,0,0,1,0,0,1,1,0,2,4,1,3,2,Software Engineer,DevOps Engineer,Backend Developer
25,Female,PhD,Cybersecurity,2.78,5,0,1,1,1,0,0,0,0,0,0,1,2,5,3,4,2,Software Engineer,Backend Developer,Security Engineer
24,Female,PhD,Software Engineering,3.35,3,1,0,1,1,0,1,0,1,1,1,1,1,1,4,5,2,Business Intelligence Analyst,Software Engineer,DevOps Engineer
30,Male,PhD,Computer Science,2.99,2,0,0,0,0,0,0,0,0,0,0,0,3,4,1,1,2,Machine Learning Engineer,Data Scientist,AI Researcher
30,Female,Bachelor,Cybersecurity,2.96,6,1,1,1,1,1,1,0,1,1,1,0,1,4,2,4,2,Machine Learning Engineer,Data Scientist,Business Intelligence Analyst
23,Male,PhD,Computer Science,3.5,6,0,1,0,1,1,0,0,1,0,1,0,5,5,4,3,2,Software Engineer,DevOps Engineer,Cybersecurity Analyst
23,Female,PhD,Cybersecurity,2.64,5,0,1,0,1,0,1,1,0,0,0,1,1,4,4,3,5,Business Intelligence Analyst,Software Engineer,Cloud Engineer
32,Female,Master,Data Science,3.99,5,0,0,0,1,1,1,0,1,1,0,0,2,2,4,1,5,Business Intelligence Analyst,Cybersecurity Analyst,AI Researcher
30,Female,Master,Computer Science,2.66,1,1,0,1,0,1,1,1,0,0,1,0,2,2,3,4,1,Machine Learning Engineer,Software Engineer,Cloud Engineer
27,Male,PhD,Cybersecurity,2.91,2,0,0,0,0,0,1,0,0,0,1,1,5,2,1,1,2,Business Intelligence Analyst,DevOps Engineer,Security Engineer
27,Female,Master,Software Engineering,3.57,6,1,0,1,0,0,0,1,1,0,0,0,5,5,4,4,3,Software Engineer,Cloud Engineer,Cybersecurity Analyst
26,Female,PhD,Computer Science,3.26,6,0,0,1,0,1,1,1,1,0,1,0,2,3,2,4,2,Software Engineer,Cloud Engineer,DevOps Engineer
27,Male,Bachelor,Software Engineering,2.58,8,1,0,1,0,0,0,0,0,0,0,1,2,5,5,3,2,Software Engineer,Backend Developer,Security Engineer
22,Male,Bachelor,Data Science,2.98,7,0,1,0,1,1,0,0,1,0,1,1,5,2,5,2,4,Software Engineer,DevOps Engineer,Cybersecurity Analyst
24,Male,Master,Data Science,3.3,7,1,1,1,0,0,0,1,1,1,1,0,5,5,4,5,3,Software Engineer,Cloud Engineer,DevOps Engineer
30,Male,Master,Software Engineering,2.84,2,0,1,0,0,0,0,0,0,1,1,1,4,2,3,2,3,Software Engineer,DevOps Engineer,Backend Developer
21,Female,Master,Cybersecurity,2.79,1,0,1,0,1,1,0,1,1,0,0,0,5,1,1,4,5,Software Engineer,Cloud Engineer,Cybersecurity Analyst
33,Male,Master,Computer Science,2.51,0,1,0,1,1,0,0,0,0,0,1,1,4,4,1,5,3,Software Engineer,DevOps Engineer,Backend Developer
21,Female,PhD,AI,2.94,7,0,1,1,0,0,0,0,0,1,1,1,2,3,5,2,5,Software Engineer,DevOps Engineer,Backend Developer
26,Female,Master,Data Science,3.35,0,0,1,0,0,1,0,0,0,1,1,1,3,3,5,2,2,Software Engineer,DevOps Engineer,Backend Developer
30,Male,PhD,Data Science,2.8,2,0,0,0,0,1,0,1,0,0,1,0,5,3,5,4,2,Cloud Engineer,DevOps Engineer,Business Intelligence Analyst
35,Male,Master,AI,3.59,4,1,1,1,0,1,0,0,1,0,0,0,5,3,2,1,2,Machine Learning Engineer,Software Engineer,Cybersecurity Analyst
21,Female,Master,Software Engineering,3.12,0,0,1,0,1,0,1,0,1,0,0,1,3,4,4,5,5,Business Intelligence Analyst,Software Engineer,Cybersecurity Analyst
23,Male,PhD,AI,3.36,0,0,0,1,0,0,0,1,0,1,0,1,5,1,3,3,5,Software Engineer,Cloud Engineer,Backend Developer
24,Female,Bachelor,Software Engineering,3.3,7,1,0,1,0,0,1,0,0,0,1,0,2,3,1,2,4,Software Engineer,DevOps Engineer,AI Researcher
27,Male,PhD,AI,2.73,7,1,1,0,0,0,1,1,1,1,0,1,2,5,3,2,1,Software Engineer,Cloud Engineer,Cybersecurity Analyst
21,Female,Bachelor,Cybersecurity,3.0,3,1,1,0,1,0,0,1,1,0,1,1,3,3,3,4,1,Software Engineer,Cloud Engineer,DevOps Engineer
24,Female,Bachelor,Computer Science,3.56,2,0,0,1,0,0,0,1,0,1,1,0,5,4,4,4,2,Software Engineer,Cloud Engineer,DevOps Engineer
28,Male,Bachelor,Computer Science,3.53,0,1,1,0,1,0,0,1,0,0,0,1,5,4,4,1,5,Software Engineer,Cloud Engineer,Backend Developer
22,Female,PhD,Data Science,2.79,2,1,1,0,1,1,0,0,1,1,1,1,3,4,1,1,1,Machine Learning Engineer,Software Engineer,DevOps Engineer
32,Female,PhD,AI,3.9,0,1,1,1,1,0,0,0,1,1,0,0,5,5,4,4,5,Software Engineer,Cybersecurity Analyst,AI Researcher
28,Female,Bachelor,Software Engineering,2.64,0,1,1,1,1,0,1,1,0,0,1,1,5,2,1,3,3,Business Intelligence Analyst,Software Engineer,Cloud Engineer
25,Male,PhD,Software Engineering,3.67,7,1,1,1,0,0,1,0,0,0,0,0,4,1,4,4,4,Software Engineer,Backend Developer,Business Intelligence Analyst
25,Female,Bachelor,Computer Science,3.33,6,1,1,1,1,0,1,1,1,1,1,0,4,2,2,3,3,Business Intelligence Analyst,Software Engineer,Cloud Engineer
25,Male,Bachelor,AI,3.24,1,0,0,1,1,0,0,1,0,1,0,1,3,1,3,5,4,Software Engineer,Cloud Engineer,Backend Developer
33,Female,PhD,Cybersecurity,3.45,5,0,0,1,1,0,0,0,1,0,1,0,1,2,4,3,4,Software Engineer,DevOps Engineer,Cybersecurity Analyst
25,Female,PhD,Software Engineering,3.38,7,1,1,0,1,0,1,0,1,1,1,1,3,3,2,5,4,Business Intelligence Analyst,Software Engineer,DevOps Engineer
27,Male,PhD,Cybersecurity,2.54,6,0,0,1,0,1,1,1,0,1,1,0,1,5,4,4,2,Software Engineer,Cloud Engineer,DevOps Engineer
35,Female,Bachelor,Computer Science,3.25,6,1,0,1,1,0,1,1,1,0,1,1,4,4,1,5,1,Business Intelligence Analyst,Software Engineer,Cloud Engineer
23,Female,Master,Software Engineering,3.62,1,1,0,1,0,1,0,0,0,1,1,0,2,5,2,4,2,Machine Learning Engineer,Software Engineer,DevOps Engineer
23,Male,PhD,AI,2.86,2,0,1,0,0,0,0,1,1,0,1,0,1,1,4,1,5,Software Engineer,Cloud Engineer,DevOps Engineer
28,Female,Master,Cybersecurity,2.52,4,1,1,0,0,1,1,0,1,0,1,1,1,4,1,2,4,Machine Learning Engineer,Software Engineer,DevOps Engineer
31,Female,Master,AI,3.79,7,1,0,0,1,1,1,0,1,1,0,1,2,4,5,3,4,AI Researcher,Machine Learning Engineer,Data Scientist
26,Male,PhD,Data Science,2.65,5,0,0,0,0,0,0,1,1,0,1,0,1,5,1,3,1,Cloud Engineer,DevOps Engineer,Cybersecurity Analyst
24,Male,PhD,AI,3.9,2,1,0,0,0,0,1,1,0,1,1,0,1,2,1,1,4,Cloud Engineer,DevOps Engineer,AI Researcher
24,Male,Master,AI,2.91,6,0,0,0,0,0,0,1,1,1,0,1,1,4,3,3,3,Cloud Engineer,Cybersecurity Analyst,Frontend Developer
34,Female,PhD,Software Engineering,3.51,1,0,1,1,1,1,0,0,0,0,0,1,2,3,5,1,4,Software Engineer,Backend Developer,Security Engineer
21,Male,PhD,Software Engineering,3.74,1,1,1,0,1,1,0,0,0,0,0,1,5,5,2,5,2,AI Researcher,Machine Learning Engineer,Software Engineer
22,Female,Bachelor,Computer Science,3.85,5,1,0,1,0,1,1,0,1,1,1,1,3,4,1,5,4,AI Researcher,Machine Learning Engineer,Software Engineer
25,Female,Bachelor,Data Science,2.68,8,1,0,1,1,0,1,1,0,1,1,1,2,2,3,3,2,Business Intelligence Analyst,Software Engineer,Cloud Engineer
34,Male,PhD,AI,2.55,4,0,0,0,0,1,1,0,1,1,0,1,1,4,3,1,3,Cybersecurity Analyst,Frontend Developer,Security Engineer
26,Male,PhD,Software Engineering,3.39,0,0,0,1,1,1,0,1,0,1,0,0,4,4,2,3,4,Software Engineer,Cloud Engineer,Backend Developer
24,Male,Bachelor,Software Engineering,3.15,1,1,1,0,1,1,1,1,0,0,1,0,3,3,3,2,3,Machine Learning Engineer,Data Scientist,Business Intelligence Analyst
24,Male,Master,Data Science,3.27,2,0,1,1,1,0,0,0,0,0,0,1,5,2,4,4,3,Software Engineer,Backend Developer,Security Engineer
26,Male,PhD,Software Engineering,4.0,2,1,0,1,1,0,0,0,1,1,1,1,3,1,4,4,4,Software Engineer,DevOps Engineer,Cybersecurity Analyst
28,Female,Master,Software Engineering,3.31,6,0,0,1,0,0,1,0,0,1,1,1,1,1,3,5,4,Software Engineer,DevOps Engineer,Business Intelligence Analyst
30,Female,PhD,Software Engineering,3.12,6,1,1,0,0,1,0,1,0,0,0,1,5,2,3,5,3,Machine Learning Engineer,Software Engineer,Cloud Engineer
26,Female,PhD,Cybersecurity,3.84,5,1,0,1,0,0,1,1,0,0,0,0,1,2,3,4,5,Software Engineer,Cloud Engineer,AI Researcher
25,Male,Bachelor,Software Engineering,3.78,0,0,1,1,1,1,0,0,0,0,1,1,2,2,2,2,5,Software Engineer,DevOps Engineer,AI Researcher
33,Female,PhD,AI,3.42,3,0,0,0,1,0,1,1,0,0,0,1,1,4,1,1,3,Business Intelligence Analyst,Cloud Engineer,Data Analyst
34,Male,Master,Cybersecurity,3.5,7,1,1,0,1,0,0,1,0,1,0,1,2,4,1,5,1,Software Engineer,Cloud Engineer,Backend Developer
30,Male,PhD,AI,2.61,2,0,1,1,0,0,0,0,1,1,0,1,5,3,5,3,2,Software Engineer,Cybersecurity Analyst,Backend Developer
27,Male,Master,Data Science,2.94,8,1,0,0,0,1,1,1,0,1,0,1,4,3,1,5,3,Machine Learning Engineer,Cloud Engineer,Data Scientist
27,Female,Master,Cybersecurity,3.6,7,1,1,1,1,1,0,1,0,1,0,1,1,5,5,3,3,Machine Learning Engineer,Software Engineer,Cloud Engineer
30,Male,PhD,AI,2.78,1,1,0,1,0,1,0,1,1,0,0,0,5,2,5,5,5,Machine Learning Engineer,Software Engineer,Cloud Engineer
21,Female,Bachelor,Data Science,3.54,5,1,0,1,1,1,0,1,0,1,1,0,2,3,4,3,2,Machine Learning Engineer,Software Engineer,Cloud Engineer
21,Male,Master,AI,2.95,2,0,1,1,1,1,0,1,1,0,0,1,3,2,2,3,1,Software Engineer,Cloud Engineer,Cybersecurity Analyst
28,Male,PhD,Cybersecurity,2.53,7,1,1,0,1,1,1,0,0,0,0,0,2,5,4,5,1,Machine Learning Engineer,Data Scientist,Business Intelligence Analyst
22,Male,Master,Data Science,3.3,0,1,0,1,0,1,1,0,0,1,0,0,3,1,2,5,3,Machine Learning Engineer,Software Engineer,Data Scientist
32,Male,Master,Cybersecurity,3.7,2,1,1,1,1,0,1,1,1,1,0,0,5,2,4,5,2,Business Intelligence Analyst,Software Engineer,Cloud Engineer
26,Male,Bachelor,Computer Science,2.9,0,1,1,1,0,0,0,0,0,0,0,1,5,4,2,3,4,Business Intelligence Analyst,Software Engineer,Backend Developer
25,Female,Bachelor,Cybersecurity,3.81,6,1,0,0,0,0,0,1,0,1,0,1,2,2,3,2,5,Cloud Engineer,AI Researcher,Frontend Developer
28,Female,Bachelor,Data Science,2.92,1,0,1,1,1,1,0,1,1,1,1,0,1,5,5,1,3,Software Engineer,Cloud Engineer,DevOps Engineer
31,Male,PhD,Software Engineering,3.58,8,1,0,0,1,0,1,1,0,0,0,1,2,5,1,2,4,Business Intelligence Analyst,Cloud Engineer,Data Analyst
22,Female,Master,Computer Science,3.69,2,1,1,0,1,0,0,0,0,1,0,1,1,3,1,3,3,Software Engineer,Backend Developer,Frontend Developer
27,Male,Master,Software Engineering,2.64,3,0,0,1,0,1,0,0,1,0,0,0,5,5,5,5,5,Software Engineer,Cybersecurity Analyst,Backend Developer
22,Female,Bachelor,Data Science,3.52,0,0,0,1,1,1,0,1,0,0,0,0,4,5,2,5,2,Software Engineer,Cloud Engineer,Backend Developer
24,Male,PhD,Data Science,3.73,6,0,0,0,1,0,1,1,1,0,0,1,1,1,1,5,2,Business Intelligence Analyst,Cloud Engineer,Cybersecurity Analyst
24,Male,PhD,Software Engineering,3.7,2,0,0,0,1,0,1,0,1,1,1,1,4,4,5,5,5,Business Intelligence Analyst,DevOps Engineer,Cybersecurity Analyst
34,Male,PhD,Cybersecurity,3.64,3,0,1,1,1,1,0,0,1,0,0,1,2,1,1,3,1,Software Engineer,Cybersecurity Analyst,Backend Developer
35,Female,PhD,Software Engineering,2.61,3,1,0,1,1,0,0,0,0,1,1,1,1,1,2,2,1,Software Engineer,DevOps Engineer,Backend Developer
35,Male,Master,AI,3.3,0,0,1,0,0,1,1,0,0,0,0,1,1,4,2,3,2,Software Engineer,Backend Developer,Security Engineer
35,Male,PhD,Data Science,3.06,4,1,1,1,0,0,0,1,0,0,1,0,4,1,4,1,1,Software Engineer,Cloud Engineer,DevOps Engineer
34,Male,Master,Cybersecurity,3.8,6,0,0,0,1,1,0,1,1,0,1,1,5,2,4,5,3,Cloud Engineer,DevOps Engineer,Cybersecurity Analyst
29,Female,Bachelor,Computer Science,3.1,4,1,0,0,0,1,0,0,0,1,0,0,1,2,2,1,2,Machine Learning Engineer,Data Scientist,AI Researcher
25,Male,PhD,Cybersecurity,3.73,7,0,1,0,0,0,0,0,0,0,1,1,3,3,3,1,5,Software Engineer,DevOps Engineer,AI Researcher
28,Male,Bachelor,Computer Science,3.07,2,1,1,0,0,0,1,0,1,1,0,1,2,2,3,2,2,Software Engineer,Cybersecurity Analyst,Backend Developer
30,Female,PhD,Cybersecurity,2.83,1,1,1,0,1,1,0,1,1,1,1,1,3,4,4,2,5,Machine Learning Engineer,Software Engineer,Cloud Engineer
26,Male,Bachelor,Cybersecurity,3.17,4,0,1,0,0,0,1,0,1,1,1,0,4,1,5,5,3,DevOps Engineer,Software Engineer,Cybersecurity Analyst
22,Female,Master,Computer Science,3.8,0,0,0,1,1,1,0,0,0,0,1,0,2,1,2,1,2,Software Engineer,DevOps Engineer,AI Researcher
22,Female,Master,Computer Science,2.83,7,1,0,0,1,1,1,1,0,0,1,0,4,5,2,3,2,Business Intelligence Analyst,Machine Learning Engineer,Data Scientist
28,Female,PhD,AI,3.92,7,0,0,1,1,1,0,0,0,0,0,0,4,5,1,1,2,Software Engineer,AI Researcher,Backend Developer
21,Female,PhD,Data Science,3.7,6,1,1,0,1,0,0,0,0,0,0,1,1,5,3,4,5,Software Engineer,Backend Developer,Security Engineer
30,Male,Master,AI,3.13,8,1,1,1,0,1,0,0,0,1,1,0,2,5,2,1,2,Machine Learning Engineer,Software Engineer,DevOps Engineer
22,Male,PhD,Software Engineering,2.94,2,1,0,1,0,1,0,0,0,1,0,0,5,5,2,3,3,Machine Learning Engineer,Software Engineer,Data Scientist
29,Female,Bachelor,Computer Science,2.61,3,1,1,1,0,0,0,0,0,1,1,0,3,3,3,1,3,Software Engineer,DevOps Engineer,Backend Developer
31,Female,Master,Software Engineering,3.33,2,1,0,1,0,0,1,0,0,0,1,1,3,4,4,4,1,Software Engineer,DevOps Engineer,Backend Developer
34,Male,Bachelor,Computer Science,3.68,2,0,0,0,1,0,1,1,1,0,0,1,2,1,4,4,1,Business Intelligence Analyst,Cloud Engineer,Cybersecurity Analyst
23,Female,PhD,Computer Science,2.6,2,0,0,1,1,1,1,1,0,0,1,1,1,2,1,1,1,Business Intelligence Analyst,Software Engineer,Cloud Engineer
25,Female,PhD,Software Engineering,3.28,0,1,1,0,0,1,0,0,0,1,0,0,4,3,1,3,3,Machine Learning Engineer,Software Engineer,Data Scientist
27,Female,Master,Software Engineering,3.28,2,0,0,1,0,0,1,0,0,1,1,1,4,2,5,2,4,Software Engineer,DevOps Engineer,Backend Developer
31,Male,Bachelor,Computer Science,3.37,8,0,0,0,1,0,0,0,0,1,0,1,5,3,1,5,3,Frontend Developer,Security Engineer,Full Stack Developer
27,Female,PhD,AI,2.81,4,0,1,0,1,1,1,0,1,0,0,1,2,3,2,2,4,Business Intelligence Analyst,Software Engineer,Cybersecurity Analyst
31,Male,PhD,Software Engineering,2.71,4,0,1,0,0,0,0,1,0,0,1,1,3,3,1,5,1,Software Engineer,Cloud Engineer,DevOps Engineer
30,Female,PhD,Cybersecurity,2.78,5,1,0,1,1,0,0,1,0,0,0,0,1,5,3,5,3,Software Engineer,Cloud Engineer,Backend Developer
28,Male,Master,Cybersecurity,3.27,1,1,1,0,1,0,1,1,0,0,0,0,2,4,4,2,5,Business Intelligence Analyst,Software Engineer,Cloud Engineer
26,Female,Bachelor,Software Engineering,3.35,4,1,1,1,0,0,0,0,0,0,0,0,3,3,1,5,2,Software Engineer,Backend Developer,Machine Learning Engineer
32,Male,Master,Computer Science,3.3,6,0,1,0,1,0,1,1,1,1,1,0,2,3,4,1,2,Business Intelligence Analyst,Software Engineer,Cloud Engineer
25,Female,Bachelor,AI,3.46,2,1,1,0,1,1,0,1,0,0,0,0,5,3,2,4,2,Machine Learning Engineer,Software Engineer,Cloud Engineer
24,Male,Bachelor,Data Science,2.71,1,0,0,1,0,0,0,0,0,1,0,1,3,5,3,2,2,Software Engineer,Backend Developer,Frontend Developer
21,Male,Master,Computer Science,3.72,1,0,0,1,1,1,1,1,1,0,1,1,2,2,4,1,2,Business Intelligence Analyst,Software Engineer,Cloud Engineer
24,Female,Master,AI,3.02,3,1,1,0,0,1,0,1,0,0,0,1,1,3,5,3,4,Machine Learning Engineer,Software Engineer,Cloud Engineer
21,Male,Master,Computer Science,3.01,0,1,1,0,1,0,0,0,1,1,0,1,4,1,4,5,5,Software Engineer,Cybersecurity Analyst,Backend Developer
23,Male,Master,AI,3.5,0,1,1,1,0,1,1,0,1,1,0,1,4,3,1,3,2,Backend Developer,Machine Learning Engineer,Software Engineer
25,Male,Bachelor,AI,3.65,8,1,1,0,0,0,1,0,0,1,0,1,5,2,3,4,4,Software Engineer,Backend Developer,Frontend Developer
28,Female,Master,AI,3.97,0,0,0,0,1,1,0,0,0,0,1,0,4,4,4,3,5,DevOps Engineer,AI Researcher,Business Intelligence Analyst
25,Female,Bachelor,Computer Science,3.58,6,0,0,1,0,1,1,1,1,0,0,0,5,1,3,1,5,Business Intelligence Analyst,Software Engineer,Cloud Engineer
22,Male,Master,Software Engineering,2.57,1,1,1,1,0,1,0,0,0,0,1,1,3,5,2,1,3,Machine Learning Engineer,Software Engineer,DevOps Engineer
21,Male,PhD,Cybersecurity,2.91,2,0,0,0,0,0,0,1,1,1,0,1,3,4,3,5,3,Cloud Engineer,Cybersecurity Analyst,Frontend Developer
32,Female,Master,Software Engineering,3.03,7,1,0,1,1,0,0,1,1,0,1,0,1,1,5,5,1,Software Engineer,Cloud Engineer,DevOps Engineer
35,Male,Master,Computer Science,2.52,3,1,1,1,0,0,1,1,0,1,1,1,1,3,1,1,3,Software Engineer,Cloud Engineer,DevOps Engineer
32,Female,Master,Data Science,2.69,7,1,1,1,0,1,0,0,1,1,1,0,1,2,2,5,1,Machine Learning Engineer,Software Engineer,DevOps Engineer
26,Female,Bachelor,AI,2.61,8,0,0,1,0,1,0,0,0,1,0,1,5,4,2,1,4,Software Engineer,Backend Developer,Frontend Developer
31,Male,Bachelor,Computer Science,3.98,0,0,0,0,0,0,0,0,0,1,1,1,5,2,1,2,2,DevOps Engineer,AI Researcher,Frontend Developer
35,Female,Master,Cybersecurity,3.1,4,0,1,0,0,1,1,1,0,1,0,1,1,1,1,2,5,Software Engineer,Cloud Engineer,Backend Developer
33,Male,PhD,AI,2.85,8,0,1,1,1,1,0,1,1,1,0,1,2,1,2,4,1,Software Engineer,Cloud Engineer,Cybersecurity Analyst
33,Female,PhD,Data Science,2.91,6,1,1,0,1,1,0,1,1,0,1,1,3,3,1,3,2,Data Scientist,Machine Learning Engineer,Software Engineer
23,Male,Bachelor,AI,2.66,5,0,0,1,1,1,0,1,0,0,1,0,2,2,1,4,5,Software Engineer,Cloud Engineer,DevOps Engineer
30,Male,PhD,Computer Science,3.97,4,1,1,1,1,0,1,0,0,0,0,0,4,5,2,5,4,Business Intelligence Analyst,Software Engineer,AI Researcher
34,Male,Bachelor,Cybersecurity,3.3,5,0,0,1,1,1,0,1,0,1,0,0,5,5,1,5,3,Software Engineer,Cloud Engineer,Backend Developer
30,Male,Master,Computer Science,2.66,3,0,1,1,0,0,1,0,1,0,0,1,1,2,2,3,3,Software Engineer,Cybersecurity Analyst,Backend Developer
34,Female,Bachelor,Computer Science,3.51,1,1,1,1,0,0,0,0,0,1,0,1,3,5,5,4,5,Software Engineer,Backend Developer,Frontend Developer
31,Male,Bachelor,Cybersecurity,3.6,3,0,1,0,0,0,1,1,1,1,0,0,4,4,4,5,3,Software Engineer,Cloud Engineer,Cybersecurity Analyst
28,Male,Master,Data Science,3.63,1,0,1,0,0,0,0,1,1,0,0,0,2,3,1,3,2,Software Engineer,Cloud Engineer,Cybersecurity Analyst
21,Male,Bachelor,Computer Science,2.65,3,0,0,1,1,1,0,1,1,0,1,0,2,2,1,5,3,Software Engineer,Cloud Engineer,DevOps Engineer
31,Female,Master,Data Science,2.74,3,1,1,1,1,0,0,0,0,0,0,0,2,3,5,1,5,Software Engineer,Backend Developer,Machine Learning Engineer
33,Female,Master,Data Science,3.81,4,1,0,1,0,1,0,1,1,0,0,0,3,3,3,1,4,AI Researcher,Machine Learning Engineer,Software Engineer
21,Female,Bachelor,Cybersecurity,2.91,5,1,0,0,0,0,1,1,1,0,0,1,3,3,2,2,1,Cloud Engineer,Cybersecurity Analyst,Security Engineer
31,Female,Master,Computer Science,3.14,5,0,1,0,1,1,0,1,0,1,1,0,2,2,2,3,4,Software Engineer,Cloud Engineer,DevOps Engineer
35,Male,Master,AI,3.36,6,0,1,1,1,0,1,1,0,0,1,1,4,1,5,4,3,Business Intelligence Analyst,Software Engineer,Cloud Engineer
26,Female,PhD,Software Engineering,2.63,5,0,0,1,1,1,0,0,0,1,0,0,5,2,1,4,3,Software Engineer,Backend Developer,Frontend Developer
28,Female,Master,AI,3.8,6,1,1,1,0,1,1,1,1,1,0,0,3,5,4,5,4,AI Researcher,Machine Learning Engineer,Software Engineer
30,Male,Master,Cybersecurity,2.7,7,1,0,1,1,1,0,0,0,0,1,0,5,2,2,5,2,Backend Developer,Machine Learning Engineer,Software Engineer
25,Male,Bachelor,Data Science,3.98,3,1,0,0,0,0,0,1,1,1,1,1,5,2,1,4,3,Cloud Engineer,DevOps Engineer,Cybersecurity Analyst
35,Male,Master,Data Science,3.55,4,0,0,0,1,0,1,1,1,0,1,0,4,3,1,1,2,Business Intelligence Analyst,Cloud Engineer,DevOps Engineer
27,Male,PhD,Cybersecurity,3.86,3,0,0,0,1,0,0,1,0,1,0,1,3,2,4,3,4,Cloud Engineer,AI Researcher,Frontend Developer
33,Female,Bachelor,Computer Science,3.42,4,0,0,0,0,0,0,0,0,0,1,0,5,2,2,5,1,DevOps Engineer,Business Intelligence Analyst,Machine Learning Engineer
21,Female,Master,Data Science,3.09,0,1,0,0,1,0,1,1,0,0,0,1,2,5,5,5,1,Business Intelligence Analyst,Cloud Engineer,Data Analyst
25,Female,Bachelor,Computer Science,2.78,2,0,1,1,0,0,1,0,0,1,1,0,2,3,4,2,1,Software Engineer,DevOps Engineer,Backend Developer
28,Male,Bachelor,Cybersecurity,2.55,2,1,1,0,0,0,1,1,1,1,0,1,2,5,1,4,2,Security Engineer,Software Engineer,Cloud Engineer
32,Male,Master,Software Engineering,3.19,6,0,0,0,1,1,1,0,1,1,0,1,3,5,3,4,2,Business Intelligence Analyst,Cybersecurity Analyst,Data Analyst
32,Male,Bachelor,Cybersecurity,2.51,1,1,1,0,1,0,0,1,0,1,1,1,1,5,2,1,2,Software Engineer,Cloud Engineer,DevOps Engineer
23,Female,PhD,AI,3.94,8,1,1,1,0,0,1,0,1,0,1,0,3,4,1,1,4,Cybersecurity Analyst,Software Engineer,DevOps Engineer
31,Female,Bachelor,Data Science,3.6,7,1,1,1,1,1,1,0,1,0,0,0,2,4,1,2,1,Machine Learning Engineer,Data Scientist,Business Intelligence Analyst
21,Male,Master,Cybersecurity,3.93,7,1,0,1,0,1,1,1,0,1,1,0,2,2,4,1,4,AI Researcher,Machine Learning Engineer,Software Engineer
27,Female,Bachelor,AI,2.77,8,1,1,1,1,1,0,1,1,0,0,0,1,3,2,1,5,Machine Learning Engineer,Software Engineer,Cloud Engineer
21,Female,Master,Software Engineering,3.09,2,1,0,1,0,0,0,1,0,0,1,1,1,1,2,1,5,Software Engineer,Cloud Engineer,DevOps Engineer
23,Female,Master,Cybersecurity,2.93,2,1,1,0,1,1,0,1,0,1,0,1,5,3,5,1,1,Data Scientist,Machine Learning Engineer,Software Engineer
32,Female,PhD,AI,3.52,4,1,1,1,0,1,1,1,0,0,1,0,4,2,2,2,2,Machine Learning Engineer,Software Engineer,Cloud Engineer
30,Female,Bachelor,Cybersecurity,2.68,2,1,1,1,1,0,1,1,0,0,1,1,2,3,1,2,4,Business Intelligence Analyst,Software Engineer,Cloud Engineer
33,Female,Master,Computer Science,3.34,0,0,0,1,1,1,1,1,0,0,1,1,1,5,5,4,4,Business Intelligence Analyst,Software Engineer,Cloud Engineer
23,Male,PhD,Software Engineering,3.44,8,1,0,1,1,1,0,1,1,1,0,1,3,2,5,5,2,Machine Learning Engineer,Software Engineer,Cloud Engineer
24,Female,Bachelor,Software Engineering,2.66,5,0,0,1,1,0,1,0,0,1,1,0,5,1,5,5,5,Business Intelligence Analyst,Software Engineer,DevOps Engineer
30,Male,Master,Data Science,3.92,3,0,0,1,1,0,0,1,0,0,1,0,1,1,5,4,2,Software Engineer,Cloud Engineer,DevOps Engineer
21,Female,Bachelor,Cybersecurity,3.43,1,1,1,0,0,1,1,1,0,1,0,1,3,1,4,2,3,Machine Learning Engineer,Software Engineer,Cloud Engineer
24,Male,Master,Computer Science,2.75,1,1,1,0,0,0,1,0,1,0,0,0,1,5,4,5,1,Software Engineer,Cybersecurity Analyst,Backend Developer
35,Female,Master,Data Science,3.28,3,1,0,0,1,1,1,0,0,1,0,1,4,3,4,2,1,Business Intelligence Analyst,Machine Learning Engineer,Data Scientist
23,Female,Bachelor,Cybersecurity,3.31,2,1,1,0,0,1,1,1,1,0,1,0,2,3,4,5,1,Machine Learning Engineer,Software Engineer,Cloud Engineer
29,Female,PhD,Software Engineering,3.65,7,1,1,0,0,1,0,1,1,0,1,0,5,1,4,4,4,Machine Learning Engineer,Software Engineer,Cloud Engineer
31,Male,Master,Computer Science,3.19,0,0,0,0,0,0,1,0,0,1,0,0,2,2,1,3,2,Frontend Developer,Full Stack Developer,Machine Learning Engineer
21,Female,Bachelor,Data Science,3.9,8,0,1,1,1,1,0,1,0,1,1,0,4,5,5,4,4,Software Engineer,Cloud Engineer,DevOps Engineer
25,Male,Bachelor,Software Engineering,3.0,6,1,0,1,1,1,1,0,0,0,1,0,1,1,3,4,4,Machine Learning Engineer,Data Scientist,Business Intelligence Analyst
25,Female,Master,Software Engineering,3.7,7,0,0,1,0,1,1,1,1,0,1,1,5,2,3,5,4,Software Engineer,Cloud Engineer,DevOps Engineer
32,Female,PhD,Software Engineering,2.73,5,1,1,1,0,0,0,1,1,0,0,0,2,2,3,3,2,Software Engineer,Cloud Engineer,Cybersecurity Analyst
21,Male,PhD,Computer Science,3.16,8,1,0,0,1,0,1,1,0,1,0,0,2,3,5,2,5,Business Intelligence Analyst,Cloud Engineer,Data Analyst
30,Female,Master,Computer Science,2.92,7,0,0,1,0,1,1,1,1,1,0,0,2,3,3,1,1,Software Engineer,Cloud Engineer,Cybersecurity Analyst
27,Male,Master,Cybersecurity,3.27,1,0,0,0,0,0,0,1,1,0,0,0,2,3,2,5,2,Cloud Engineer,Cybersecurity Analyst,Machine Learning Engineer
34,Female,Master,AI,3.24,5,1,1,0,1,0,0,1,1,1,1,1,5,4,3,3,5,Software Engineer,Cloud Engineer,DevOps Engineer
25,Male,Bachelor,AI,3.1,8,0,1,1,0,0,1,0,1,1,0,0,2,3,1,4,4,Software Engineer,Cybersecurity Analyst,Backend Developer
22,Female,Bachelor,Software Engineering,3.74,3,0,1,0,0,0,0,1,1,0,0,0,1,1,1,4,5,Software Engineer,Cloud Engineer,Cybersecurity Analyst
23,Male,Bachelor,Software Engineering,2.73,6,0,1,1,0,1,0,0,1,1,0,1,1,2,3,2,4,Software Engineer,Cybersecurity Analyst,Backend Developer
28,Female,Bachelor,Data Science,2.67,0,0,0,1,0,1,0,1,1,0,0,1,5,1,3,5,5,Software Engineer,Cloud Engineer,Cybersecurity Analyst
33,Female,Bachelor,Cybersecurity,3.51,3,1,1,1,0,0,1,0,1,0,0,1,4,3,2,3,2,Software Engineer,Cybersecurity Analyst,Backend Developer
30,Male,Master,Data Science,4.0,4,1,1,1,0,0,0,1,0,1,0,0,2,5,4,5,2,Software Engineer,Cloud Engineer,AI Researcher
33,Male,Master,Data Science,3.79,5,0,1,1,0,1,1,1,0,0,0,0,4,1,1,1,2,Software Engineer,Cloud Engineer,AI Researcher
34,Female,Bachelor,Software Engineering,3.32,2,1,0,1,1,0,1,0,0,0,1,0,4,4,2,4,3,Business Intelligence Analyst,Software Engineer,DevOps Engineer
34,Male,Master,Data Science,2.6,2,1,1,0,1,1,0,0,0,0,1,0,2,4,2,5,2,Machine Learning Engineer,Software Engineer,DevOps Engineer
27,Male,Master,Software Engineering,3.37,5,1,1,1,0,1,1,0,0,1,1,0,2,4,5,3,1,Machine Learning Engineer,Software Engineer,DevOps Engineer
22,Male,Master,Data Science,3.89,6,0,0,0,1,1,1,0,0,1,0,1,5,4,5,3,2,Business Intelligence Analyst,AI Researcher,Data Analyst
29,Female,Bachelor,AI,3.88,7,0,0,0,0,0,1,1,1,1,0,0,1,4,2,4,2,Cloud Engineer,Cybersecurity Analyst,AI Researcher
32,Male,Master,Cybersecurity,3.48,7,1,0,1,1,0,1,0,1,0,1,0,1,1,2,4,4,Business Intelligence Analyst,Software Engineer,DevOps Engineer
29,Male,Master,AI,2.94,0,1,0,1,1,0,1,1,0,1,0,0,4,3,4,2,1,Business Intelligence Analyst,Software Engineer,Cloud Engineer
30,Male,Master,AI,3.83,1,0,1,0,0,1,0,0,0,0,1,1,2,1,4,2,5,Software Engineer,DevOps Engineer,AI Researcher
34,Male,Bachelor,Software Engineering,3.81,7,0,1,1,1,0,1,0,0,1,1,0,2,1,1,2,1,Business Intelligence Analyst,Software Engineer,DevOps Engineer
25,Male,Bachelor,Software Engineering,3.16,7,1,0,0,0,1,0,1,0,0,1,1,2,3,1,4,5,Machine Learning Engineer,Cloud Engineer,DevOps Engineer
33,Male,Master,Software Engineering,3.49,2,1,0,1,0,1,0,0,1,0,0,1,2,4,4,4,3,Machine Learning Engineer,Software Engineer,Cybersecurity Analyst
32,Female,Bachelor,Software Engineering,3.07,2,0,0,0,1,1,0,0,0,1,0,0,4,2,3,1,5,Frontend Developer,Full Stack Developer,Business Intelligence Analyst
25,Male,Bachelor,AI,3.77,7,0,1,1,0,1,1,1,0,1,0,1,4,1,4,1,1,Software Engineer,Cloud Engineer,AI Researcher
34,Male,Bachelor,Cybersecurity,2.54,1,1,1,0,0,1,0,0,1,1,1,0,5,1,1,4,3,Machine Learning Engineer,Software Engineer,DevOps Engineer
30,Female,PhD,Computer Science,3.04,4,1,0,0,0,0,1,1,0,1,1,0,2,3,2,5,1,Cloud Engineer,DevOps Engineer,Frontend Developer
26,Male,Bachelor,Computer Science,3.16,6,1,0,0,1,0,0,0,0,0,1,0,4,3,1,4,3,DevOps Engineer,Business Intelligence Analyst,Machine Learning Engineer
34,Male,Master,Computer Science,3.28,2,0,1,1,0,0,0,0,0,1,1,1,5,4,1,2,5,Software Engineer,DevOps Engineer,Backend Developer
21,Female,PhD,Data Science,2.78,8,0,0,0,1,0,1,1,0,1,0,1,4,3,3,2,1,Business Intelligence Analyst,Cloud Engineer,Data Analyst
28,Female,Master,Computer Science,3.63,6,1,0,0,0,0,0,0,0,0,0,1,4,5,1,2,5,Security Engineer,Business Intelligence Analyst,Machine Learning Engineer
22,Female,Master,Computer Science,2.54,0,1,1,1,0,1,1,1,1,0,1,0,3,4,1,5,2,Machine Learning Engineer,Software Engineer,Cloud Engineer
35,Female,Bachelor,AI,2.8,0,1,1,0,1,1,0,0,1,0,1,1,1,5,4,3,4,Machine Learning Engineer,Software Engineer,DevOps Engineer
31,Female,Master,Software Engineering,3.83,5,0,0,0,0,0,0,1,0,1,0,1,2,1,2,5,3,Cloud Engineer,AI Researcher,Frontend Developer
24,Female,PhD,AI,2.92,3,1,0,0,0,0,0,0,0,1,1,1,5,3,2,1,2,DevOps Engineer,Frontend Developer,Security Engineer
35,Female,PhD,AI,3.89,7,1,1,0,1,0,0,1,0,0,0,1,2,5,4,2,3,Software Engineer,Cloud Engineer,AI Researcher
27,Female,PhD,AI,3.11,5,1,1,1,0,0,1,0,1,1,1,1,1,4,3,5,3,Software Engineer,DevOps Engineer,Cybersecurity Analyst
30,Female,Bachelor,Software Engineering,3.22,1,1,0,1,0,0,0,1,1,1,0,0,2,2,4,5,2,Software Engineer,Cloud Engineer,Cybersecurity Analyst
29,Male,Master,Software Engineering,3.39,1,1,1,0,0,1,0,0,1,1,1,0,5,4,1,4,3,Machine Learning Engineer,Software Engineer,DevOps Engineer
33,Male,Master,Data Science,3.57,8,1,1,0,0,0,0,1,0,1,1,1,5,1,5,4,4,Software Engineer,Cloud Engineer,DevOps Engineer
33,Male,Master,Software Engineering,3.11,0,0,0,0,0,0,1,0,1,0,1,1,2,3,2,2,5,DevOps Engineer,Cybersecurity Analyst,Security Engineer
32,Female,PhD,AI,3.18,6,1,1,1,1,1,1,0,1,1,0,1,4,3,2,3,5,Business Intelligence Analyst,Machine Learning Engineer,Data Scientist
30,Female,Master,Software Engineering,3.52,8,0,1,0,1,1,0,1,1,1,0,1,1,3,3,4,2,Software Engineer,Cloud Engineer,Cybersecurity Analyst
22,Male,PhD,Computer Science,3.7,6,0,1,0,0,1,0,0,1,1,0,0,2,4,4,5,5,Software Engineer,Cybersecurity Analyst,Backend Developer
23,Female,Bachelor,Software Engineering,3.82,7,0,0,1,1,1,0,0,1,1,1,1,2,3,5,5,1,Software Engineer,DevOps Engineer,Cybersecurity Analyst
31,Male,Master,Cybersecurity,3.86,3,0,1,1,0,1,0,0,0,0,1,1,1,5,3,3,5,Software Engineer,DevOps Engineer,AI Researcher
29,Female,Master,Computer Science,2.72,5,0,0,0,0,1,0,0,1,0,0,1,1,1,4,2,1,Cybersecurity Analyst,Security Engineer,Machine Learning Engineer
28,Female,PhD,Software Engineering,2.52,7,1,1,1,1,0,0,0,1,0,0,0,3,5,5,3,4,Software Engineer,Cybersecurity Analyst,Backend Developer
30,Female,Bachelor,AI,3.18,2,1,0,0,1,1,0,0,1,1,1,0,3,4,1,4,3,Machine Learning Engineer,DevOps Engineer,Cybersecurity Analyst
25,Female,PhD,Cybersecurity,3.31,1,0,0,1,1,0,0,0,0,0,0,0,4,5,4,4,5,Software Engineer,Backend Developer,Business Intelligence Analyst
33,Male,PhD,Software Engineering,2.82,4,0,0,1,1,0,0,0,1,1,0,0,1,5,3,4,5,Software Engineer,Cybersecurity Analyst,Backend Developer
29,Female,Master,Software Engineering,2.63,3,0,0,0,1,1,1,0,1,0,0,0,1,5,2,4,2,Business Intelligence Analyst,Cybersecurity Analyst,Data Analyst
27,Male,Bachelor,Data Science,3.49,0,0,0,0,1,1,1,0,0,1,1,0,2,4,3,2,1,Business Intelligence Analyst,DevOps Engineer,Data Analyst
32,Female,Master,Cybersecurity,3.63,2,0,1,0,0,0,0,1,0,1,0,0,2,2,4,4,3,Software Engineer,Cloud Engineer,Backend Developer
33,Female,Master,Software Engineering,2.8,0,1,0,0,0,1,1,0,0,1,0,0,1,2,1,2,1,Machine Learning Engineer,Data Scientist,AI Researcher
35,Female,Master,Data Science,3.69,0,0,1,0,0,0,1,0,1,0,1,0,5,1,1,5,5,Software Engineer,DevOps Engineer,Cybersecurity Analyst
22,Male,Master,Computer Science,3.77,7,0,1,0,0,0,0,0,1,1,0,0,2,2,3,5,5,Software Engineer,Cybersecurity Analyst,AI Researcher
28,Male,PhD,Computer Science,3.0,6,0,0,1,0,0,1,1,1,1,0,0,2,1,4,1,5,Software Engineer,Cloud Engineer,Cybersecurity Analyst
23,Female,PhD,Cybersecurity,2.94,6,1,1,1,1,0,0,0,1,1,0,0,1,2,4,4,5,Software Engineer,Cybersecurity Analyst,Backend Developer
31,Male,Bachelor,AI,3.04,4,0,0,0,0,1,1,0,1,1,0,1,5,3,1,1,2,Cybersecurity Analyst,Frontend Developer,Security Engineer
24,Male,Master,AI,2.54,2,1,0,0,1,1,1,0,0,0,1,0,2,1,1,3,4,Machine Learning Engineer,Data Scientist,Business Intelligence Analyst
27,Male,Master,AI,2.69,2,0,1,1,1,1,1,0,1,1,0,1,3,1,3,1,3,Full Stack Developer,Business Intelligence Analyst,Software Engineer
30,Female,PhD,Software Engineering,3.82,2,1,0,0,1,0,1,0,1,0,0,1,4,5,5,5,3,Business Intelligence Analyst,Cybersecurity Analyst,AI Researcher
22,Female,Master,Cybersecurity,2.71,5,1,0,1,1,1,0,1,1,1,1,1,4,3,2,1,5,Machine Learning Engineer,Software Engineer,Cloud Engineer
23,Female,Bachelor,Computer Science,3.25,2,1,1,1,0,0,1,0,0,0,1,0,2,5,5,4,5,Software Engineer,DevOps Engineer,Backend Developer
33,Female,PhD,Computer Science,3.47,7,0,1,0,1,1,0,0,1,1,1,1,4,2,5,1,5,Software Engineer,DevOps Engineer,Cybersecurity Analyst
34,Female,Master,AI,3.47,2,1,1,1,1,1,1,1,1,1,1,0,2,2,1,1,5,Machine Learning Engineer,Data Scientist,Business Intelligence Analyst
30,Female,PhD,AI,3.37,3,1,1,1,1,1,1,0,1,1,0,1,1,5,4,5,1,Cybersecurity Analyst,Machine Learning Engineer,Data Scientist
31,Male,Master,Cybersecurity,2.92,8,0,0,1,0,0,0,1,1,0,0,0,3,3,4,4,4,Software Engineer,Cloud Engineer,Cybersecurity Analyst
34,Female,Master,AI,3.53,2,0,0,0,0,0,0,0,0,1,0,1,4,2,1,3,5,Frontend Developer,Security Engineer,Full Stack Developer
33,Male,PhD,Software Engineering,3.22,3,0,1,1,0,0,1,0,0,0,1,0,1,2,5,2,2,Software Engineer,DevOps Engineer,Backend Developer
26,Female,Bachelor,AI,3.2,4,1,0,1,0,1,0,1,0,1,1,1,1,5,3,3,3,Machine Learning Engineer,Software Engineer,Cloud Engineer
30,Male,PhD,Data Science,3.88,0,0,0,0,0,0,1,0,1,1,1,0,5,1,4,5,1,DevOps Engineer,Cybersecurity Analyst,AI Researcher
24,Female,Master,Computer Science,2.77,0,1,0,1,1,1,0,0,0,0,0,0,5,3,2,4,5,Machine Learning Engineer,Software Engineer,Data Scientist
24,Female,Bachelor,AI,3.22,8,1,1,0,1,0,1,0,0,0,1,1,1,3,1,4,2,Business Intelligence Analyst,Software Engineer,DevOps Engineer
24,Male,PhD,Computer Science,3.01,0,1,0,0,0,0,1,0,1,1,0,0,5,2,3,1,2,Cybersecurity Analyst,Frontend Developer,Full Stack Developer
23,Male,Master,AI,2.65,4,1,0,1,0,0,1,1,0,1,0,0,3,1,5,3,1,Software Engineer,Cloud Engineer,Backend Developer
28,Female,PhD,Software Engineering,3.17,3,0,0,1,1,0,0,1,0,1,1,1,3,3,1,4,1,Software Engineer,Cloud Engineer,DevOps Engineer
30,Female,Bachelor,AI,3.1,2,0,0,1,1,1,1,0,1,0,1,0,3,4,4,4,5,Business Intelligence Analyst,Software Engineer,DevOps Engineer
32,Female,Master,AI,3.98,6,1,1,0,0,0,0,0,1,0,0,0,5,4,4,4,5,Software Engineer,Cybersecurity Analyst,AI Researcher
34,Female,Bachelor,AI,2.95,7,0,1,1,1,0,0,0,1,1,1,0,5,1,3,5,1,Software Engineer,DevOps Engineer,Cybersecurity Analyst
22,Male,Master,Computer Science,3.97,3,1,1,1,1,0,1,0,1,0,0,0,4,3,1,1,2,Business Intelligence Analyst,Software Engineer,Cybersecurity Analyst
29,Female,PhD,AI,2.86,2,0,1,1,0,0,0,0,0,0,1,1,5,3,4,2,1,Software Engineer,DevOps Engineer,Backend Developer
35,Female,Bachelor,AI,3.03,5,1,1,1,1,0,0,0,0,0,1,1,4,4,4,5,5,Software Engineer,DevOps Engineer,Backend Developer
25,Male,Bachelor,AI,3.09,8,0,0,0,1,1,0,1,0,0,0,0,2,3,3,5,1,Cloud Engineer,Machine Learning Engineer,Data Scientist
28,Female,Bachelor,Data Science,3.21,7,0,1,1,1,1,1,0,0,0,0,1,3,5,5,4,3,Business Intelligence Analyst,Software Engineer,Data Analyst
25,Female,Master,Cybersecurity,3.66,6,0,0,0,1,1,0,1,1,0,1,0,3,3,5,3,2,Cloud Engineer,DevOps Engineer,Cybersecurity Analyst
26,Female,Master,Cybersecurity,3.0,7,1,0,1,0,1,1,0,1,0,1,1,5,4,5,3,5,Machine Learning Engineer,Software Engineer,DevOps Engineer
27,Female,Bachelor,Cybersecurity,2.95,4,1,0,0,1,1,0,0,0,1,0,0,4,3,3,5,3,Machine Learning Engineer,Data Scientist,AI Researcher
35,Male,Bachelor,Data Science,3.5,6,1,0,0,1,0,1,0,1,1,1,0,1,3,1,1,4,Business Intelligence Analyst,DevOps Engineer,Cybersecurity Analyst
30,Female,Bachelor,Software Engineering,3.36,8,1,0,0,1,0,0,1,0,1,0,1,4,3,3,4,1,Cloud Engineer,Frontend Developer,Security Engineer
24,Female,PhD,AI,2.7,2,0,1,1,1,1,0,0,0,1,0,1,3,2,2,5,1,Software Engineer,AI Researcher,Backend Developer
27,Male,PhD,AI,2.61,0,1,0,1,0,0,0,0,0,0,0,0,5,5,5,5,5,Software Engineer,Backend Developer,Business Intelligence Analyst
33,Male,PhD,AI,3.98,5,1,0,1,1,1,0,0,1,1,0,0,5,1,3,2,2,AI Researcher,Machine Learning Engineer,Software Engineer
21,Female,Bachelor,Cybersecurity,3.33,7,0,0,1,1,0,0,0,1,1,0,0,2,2,3,2,3,Software Engineer,Cybersecurity Analyst,Backend Developer
21,Male,Master,Computer Science,2.87,1,0,1,0,1,1,0,0,1,0,0,0,2,4,4,2,5,Software Engineer,Cybersecurity Analyst,Backend Developer
28,Male,Master,Software Engineering,2.58,0,0,1,0,1,1,0,1,0,0,1,1,4,1,2,1,3,Software Engineer,Cloud Engineer,DevOps Engineer
27,Male,Master,Cybersecurity,2.76,1,0,0,1,1,0,1,0,0,0,0,0,5,4,5,1,2,Business Intelligence Analyst,Software Engineer,Data Analyst
25,Male,Master,Software Engineering,3.08,7,0,0,0,0,0,1,0,0,0,1,1,5,3,4,2,4,DevOps Engineer,Security Engineer,Business Intelligence Analyst
33,Male,Master,AI,3.98,6,0,1,0,1,1,1,1,0,0,0,0,5,4,3,5,1,Business Intelligence Analyst,Software Engineer,Cloud Engineer
33,Male,PhD,Data Science,2.85,5,0,0,0,0,1,0,1,0,1,1,1,3,3,3,2,1,Cloud Engineer,DevOps Engineer,Frontend Developer
26,Male,Master,Data Science,3.15,0,0,1,0,0,1,1,0,1,0,1,1,2,1,2,1,1,Software Engineer,DevOps Engineer,Cybersecurity Analyst
26,Female,Master,Data Science,3.71,0,0,1,0,0,1,0,0,1,0,0,1,5,1,1,1,1,Software Engineer,Cybersecurity Analyst,AI Researcher
34,Male,PhD,Computer Science,3.99,0,1,1,1,1,1,1,0,1,0,0,0,2,2,1,3,1,AI Researcher,Machine Learning Engineer,Data Scientist
24,Male,Bachelor,Data Science,2.6,1,0,0,0,0,0,1,0,1,0,1,0,5,5,5,1,2,DevOps Engineer,Cybersecurity Analyst,Business Intelligence Analyst
24,Male,PhD,Computer Science,3.58,7,1,1,0,0,0,0,0,0,1,0,0,5,3,4,5,2,Software Engineer,Backend Developer,Frontend Developer
24,Female,Bachelor,Computer Science,2.71,3,0,0,1,0,1,0,1,1,0,1,0,3,2,4,3,1,Software Engineer,Cloud Engineer,DevOps Engineer
29,Female,PhD,Cybersecurity,3.49,1,0,0,1,0,0,0,1,1,0,0,0,1,5,2,1,4,Software Engineer,Cloud Engineer,Cybersecurity Analyst
24,Male,Bachelor,Software Engineering,2.78,3,1,0,0,0,0,1,1,1,0,0,0,5,4,2,2,3,Cloud Engineer,Cybersecurity Analyst,Business Intelligence Analyst
23,Male,Bachelor,Computer Science,2.95,0,1,0,1,0,0,0,0,0,0,1,0,4,2,3,4,1,Software Engineer,DevOps Engineer,Backend Developer
27,Male,Bachelor,Data Science,3.45,7,0,0,0,0,0,1,1,0,1,1,0,5,5,1,1,1,Cloud Engineer,DevOps Engineer,Frontend Developer
28,Male,Bachelor,Computer Science,3.46,1,0,1,1,0,1,0,0,0,0,0,0,1,5,3,2,4,Software Engineer,Backend Developer,Machine Learning Engineer
32,Male,Master,Cybersecurity,2.69,2,0,0,0,0,1,1,1,1,0,1,1,5,4,4,4,3,Cloud Engineer,DevOps Engineer,Cybersecurity Analyst
29,Male,Master,AI,3.09,3,0,1,0,0,1,1,1,1,1,1,1,5,1,1,3,5,Software Engineer,Cloud Engineer,DevOps Engineer
33,Female,Bachelor,Data Science,2.77,5,1,0,1,1,0,0,0,0,1,1,1,3,2,1,5,2,Software Engineer,DevOps Engineer,Backend Developer
23,Female,Bachelor,Software Engineering,3.19,3,0,0,1,1,0,0,0,0,1,0,0,5,4,1,5,5,Software Engineer,Backend Developer,Frontend Developer
26,Female,Master,Cybersecurity,2.59,0,0,0,0,0,0,0,0,0,0,1,1,5,1,2,2,2,DevOps Engineer,Security Engineer,Business Intelligence Analyst
22,Male,PhD,Computer Science,3.96,4,0,1,0,1,1,1,1,0,1,1,0,2,2,4,5,2,Business Intelligence Analyst,Software Engineer,Cloud Engineer
35,Male,Bachelor,Software Engineering,3.68,6,1,1,1,1,0,1,0,1,0,0,0,4,2,4,5,1,Business Intelligence Analyst,Software Engineer,Cybersecurity Analyst
22,Female,Master,Computer Science,3.84,8,0,0,0,1,0,0,0,1,1,0,1,1,4,5,5,5,Cybersecurity Analyst,AI Researcher,Frontend Developer
24,Male,Master,Cybersecurity,2.51,0,0,1,1,0,1,1,0,1,1,1,0,5,2,4,3,1,Software Engineer,DevOps Engineer,Cybersecurity Analyst
24,Male,Master,Cybersecurity,3.11,5,1,1,1,0,1,0,0,1,0,1,1,5,5,5,3,5,Machine Learning Engineer,Software Engineer,DevOps Engineer
25,Female,Bachelor,AI,3.69,5,1,0,0,1,1,1,1,0,0,0,1,3,4,3,2,3,Machine Learning Engineer,Data Scientist,Business Intelligence Analyst
22,Female,Bachelor,AI,3.68,6,0,1,1,0,0,1,0,1,0,0,1,1,3,5,5,2,Software Engineer,Cybersecurity Analyst,Backend Developer
35,Male,PhD,Computer Science,3.12,7,1,1,1,0,1,1,1,0,0,0,0,1,3,3,4,1,Machine Learning Engineer,Software Engineer,Cloud Engineer
25,Female,Bachelor,Cybersecurity,3.62,6,1,1,1,1,1,1,0,1,0,1,1,2,5,3,3,2,Machine Learning Engineer,Data Scientist,Business Intelligence Analyst
33,Female,Master,Cybersecurity,3.5,1,0,0,1,0,1,1,1,0,0,1,0,2,2,4,2,2,Software Engineer,Cloud Engineer,DevOps Engineer
35,Female,Master,Data Science,3.1,1,0,1,0,1,0,0,0,0,1,1,1,4,2,1,4,5,Software Engineer,DevOps Engineer,Backend Developer
34,Female,PhD,Cybersecurity,2.56,5,1,0,0,0,1,0,0,1,1,1,0,4,4,1,1,2,Machine Learning Engineer,DevOps Engineer,Cybersecurity Analyst
27,Male,Bachelor,Data Science,3.37,5,1,0,1,1,0,1,0,0,1,0,0,2,3,1,3,3,Business Intelligence Analyst,Software Engineer,Data Analyst
30,Male,Bachelor,Computer Science,3.19,4,1,0,1,0,1,1,0,0,1,1,0,1,4,5,1,2,Machine Learning Engineer,Software Engineer,DevOps Engineer
30,Female,PhD,Software Engineering,2.7,5,0,0,0,1,0,0,1,0,0,1,1,4,3,2,3,5,Cloud Engineer,DevOps Engineer,Security Engineer
22,Female,Master,Data Science,3.59,0,1,0,1,1,0,0,0,0,1,1,0,3,4,5,2,2,Software Engineer,DevOps Engineer,Backend Developer
34,Female,Bachelor,Cybersecurity,2.67,5,1,1,1,1,0,0,1,1,0,1,0,5,1,1,1,1,Software Engineer,Cloud Engineer,DevOps Engineer
21,Male,Master,Computer Science,2.9,1,1,0,0,0,0,1,1,1,0,1,1,4,4,3,1,5,Cloud Engineer,DevOps Engineer,Cybersecurity Analyst
28,Female,Master,AI,3.67,7,0,1,1,0,0,1,0,0,0,1,0,4,3,5,5,5,Software Engineer,DevOps Engineer,Backend Developer
24,Male,Master,Data Science,3.02,8,0,1,0,0,0,1,0,0,0,0,0,3,5,2,5,4,Software Engineer,Backend Developer,Machine Learning Engineer
24,Female,Master,Software Engineering,2.72,1,0,0,1,0,0,1,0,0,1,1,0,3,2,2,3,1,Software Engineer,DevOps Engineer,Backend Developer
30,Female,PhD,Cybersecurity,2.8,4,1,0,1,1,1,1,0,0,1,0,1,1,5,4,3,2,Machine Learning Engineer,Data Scientist,Business Intelligence Analyst
30,Male,Bachelor,Software Engineering,3.23,1,0,1,0,1,0,0,1,1,1,1,0,1,4,2,1,4,Software Engineer,Cloud Engineer,DevOps Engineer
27,Female,Bachelor,Data Science,3.49,5,1,1,1,1,0,0,0,1,0,1,0,1,2,3,2,4,Software Engineer,DevOps Engineer,Cybersecurity Analyst
22,Male,Bachelor,Software Engineering,2.67,7,0,1,0,1,1,0,1,1,0,0,0,2,2,3,3,3,Software Engineer,Cloud Engineer,Cybersecurity Analyst
35,Male,PhD,AI,3.83,7,0,0,1,1,0,0,1,1,1,1,0,1,5,5,2,5,Software Engineer,Cloud Engineer,DevOps Engineer
28,Male,Master,Computer Science,2.86,6,1,0,1,0,0,1,1,0,0,1,0,5,2,2,2,2,Software Engineer,Cloud Engineer,DevOps Engineer
34,Female,Bachelor,AI,3.59,0,0,1,1,1,0,0,1,0,0,0,0,3,5,4,5,4,Software Engineer,Cloud Engineer,Backend Developer
21,Male,Bachelor,AI,3.66,6,1,0,1,1,1,0,1,0,1,1,1,4,3,4,3,2,Machine Learning Engineer,Software Engineer,Cloud Engineer
32,Female,PhD,Data Science,2.59,5,1,1,0,0,1,0,0,1,1,0,1,2,3,1,4,3,Machine Learning Engineer,Software Engineer,Cybersecurity Analyst
29,Male,Bachelor,Computer Science,2.8,8,0,1,0,1,0,1,1,0,1,1,1,3,5,1,5,1,Business Intelligence Analyst,Software Engineer,Cloud Engineer
22,Female,Master,AI,3.03,4,0,0,1,0,1,1,1,0,0,0,0,3,1,5,1,2,Software Engineer,Cloud Engineer,Backend Developer
22,Female,PhD,AI,3.18,3,1,0,0,0,0,1,0,1,0,0,0,1,1,2,2,4,Cybersecurity Analyst,Machine Learning Engineer,Data Scientist
27,Male,PhD,Software Engineering,2.96,3,0,0,0,1,1,0,0,0,1,1,1,4,4,3,4,3,DevOps Engineer,Frontend Developer,Security Engineer
24,Female,PhD,Cybersecurity,2.61,1,1,0,0,0,0,0,1,0,1,0,0,4,3,1,1,3,Cloud Engineer,Frontend Developer,Full Stack Developer
26,Male,Master,Cybersecurity,2.86,4,0,1,0,1,1,1,0,1,0,1,0,1,3,4,4,5,Business Intelligence Analyst,Software Engineer,DevOps Engineer
22,Female,PhD,AI,3.01,6,1,0,0,0,0,0,1,1,1,1,0,1,4,1,3,1,Cloud Engineer,DevOps Engineer,Cybersecurity Analyst
30,Female,PhD,Data Science,3.93,3,0,1,1,1,1,0,0,1,0,0,1,1,3,1,1,4,Software Engineer,Cybersecurity Analyst,AI Researcher
26,Male,Master,Data Science,3.86,0,0,0,0,1,1,1,1,1,0,0,1,3,5,1,3,1,Business Intelligence Analyst,Cloud Engineer,Cybersecurity Analyst
31,Male,Master,AI,3.15,0,0,0,0,0,0,1,1,0,0,0,0,3,2,4,2,5,Cloud Engineer,Machine Learning Engineer,Data Scientist
22,Male,Bachelor,Cybersecurity,3.8,8,0,1,1,1,0,1,0,1,1,1,1,4,2,5,2,4,Business Intelligence Analyst,Software Engineer,DevOps Engineer
35,Male,Master,Software Engineering,2.53,2,1,1,1,0,1,0,1,1,0,0,0,1,5,4,5,3,Machine Learning Engineer,Software Engineer,Cloud Engineer
26,Female,Bachelor,Computer Science,2.7,2,0,0,1,1,1,0,1,0,1,1,0,3,3,1,1,3,Software Engineer,Cloud Engineer,DevOps Engineer
27,Female,PhD,Data Science,2.92,8,0,1,1,0,0,0,0,0,1,0,0,1,1,2,5,3,Software Engineer,Backend Developer,Frontend Developer
32,Female,Bachelor,Computer Science,3.95,2,0,1,0,0,0,0,1,0,1,0,0,1,1,4,2,2,Software Engineer,Cloud Engineer,AI Researcher
35,Male,PhD,Software Engineering,3.4,0,0,1,0,0,1,1,0,1,1,1,0,4,1,4,5,1,Software Engineer,DevOps Engineer,Cybersecurity Analyst
31,Female,Bachelor,Software Engineering,2.92,0,0,0,1,1,1,0,0,0,1,1,0,5,3,2,4,2,Software Engineer,DevOps Engineer,AI Researcher
21,Female,PhD,Computer Science,3.55,3,1,0,1,0,0,1,0,0,0,1,1,5,4,4,5,3,Software Engineer,DevOps Engineer,Backend Developer
27,Male,PhD,Software Engineering,3.73,3,1,0,0,1,0,1,0,0,1,0,0,5,1,5,1,5,Business Intelligence Analyst,AI Researcher,Data Analyst
25,Female,PhD,Computer Science,3.02,6,1,1,0,1,1,1,0,1,1,0,0,3,3,2,1,4,Machine Learning Engineer,Data Scientist,Business Intelligence Analyst
21,Female,Master,AI,3.4,6,1,1,1,0,1,0,1,0,0,0,0,4,1,4,1,1,Machine Learning Engineer,Software Engineer,Cloud Engineer
35,Female,Master,Computer Science,2.68,0,1,1,0,1,1,1,0,0,1,1,0,3,2,5,1,1,Machine Learning Engineer,Data Scientist,Business Intelligence Analyst
22,Female,Master,Cybersecurity,3.5,3,0,0,0,0,1,1,0,1,0,1,1,2,2,2,3,2,DevOps Engineer,Cybersecurity Analyst,Security Engineer
35,Male,Bachelor,AI,3.8,0,1,1,0,0,0,0,0,1,1,0,1,5,2,1,5,3,Software Engineer,Cybersecurity Analyst,AI Researcher
23,Male,Master,Software Engineering,3.32,0,1,0,0,0,0,1,1,0,1,1,1,5,3,4,5,3,Cloud Engineer,DevOps Engineer,Frontend Developer
27,Female,Bachelor,Computer Science,3.38,7,0,0,1,1,0,1,1,0,1,0,0,5,2,1,2,4,Software Engineer,Business Intelligence Analyst,Cloud Engineer
32,Female,PhD,Cybersecurity,3.68,2,0,1,1,0,1,1,0,1,1,1,1,3,2,4,5,5,Software Engineer,DevOps Engineer,Cybersecurity Analyst
32,Male,Master,AI,3.8,7,1,0,0,1,1,0,0,0,0,1,0,2,3,3,5,4,AI Researcher,Machine Learning Engineer,DevOps Engineer
29,Female,PhD,Software Engineering,2.54,7,1,0,1,1,1,1,1,1,1,0,0,5,2,1,2,4,Business Intelligence Analyst,Machine Learning Engineer,Data Scientist
21,Female,PhD,Data Science,2.74,3,1,1,1,0,1,0,0,0,1,1,1,1,5,5,5,2,Machine Learning Engineer,Software Engineer,DevOps Engineer
34,Female,PhD,Computer Science,2.52,1,0,0,0,1,1,1,1,1,1,1,0,5,2,3,3,5,Business Intelligence Analyst,Cloud Engineer,DevOps Engineer
25,Male,Bachelor,AI,3.57,8,1,1,1,1,0,1,0,1,1,1,1,3,4,3,5,2,Business Intelligence Analyst,Software Engineer,DevOps Engineer
31,Male,Bachelor,Data Science,3.88,3,0,0,1,0,0,0,1,1,0,1,0,2,2,4,5,5,Software Engineer,Cloud Engineer,DevOps Engineer
30,Male,Master,Cybersecurity,3.45,0,0,1,1,1,1,1,1,1,0,0,1,3,3,5,1,4,Business Intelligence Analyst,Software Engineer,Cloud Engineer
32,Female,PhD,Cybersecurity,3.82,6,0,1,0,1,1,0,0,0,1,1,0,1,2,4,4,2,Software Engineer,DevOps Engineer,AI Researcher
29,Male,Bachelor,Data Science,3.93,5,0,0,1,1,1,1,0,0,0,0,0,1,5,1,2,2,Business Intelligence Analyst,Software Engineer,AI Researcher
28,Female,Master,Software Engineering,3.06,2,1,1,0,1,1,1,1,0,0,0,1,2,4,4,2,1,Machine Learning Engineer,Data Scientist,Business Intelligence Analyst
29,Female,PhD,Data Science,3.08,8,0,0,0,0,1,0,0,0,1,0,0,5,3,3,4,4,Frontend Developer,Full Stack Developer,Business Intelligence Analyst
33,Female,Master,AI,3.61,8,1,0,1,1,1,1,1,1,0,0,1,1,2,5,3,5,Machine Learning Engineer,Data Scientist,Business Intelligence Analyst
28,Female,PhD,Cybersecurity,3.23,7,0,0,0,0,0,0,1,1,1,0,1,5,1,4,4,1,Cloud Engineer,Cybersecurity Analyst,Frontend Developer
26,Male,Bachelor,Cybersecurity,3.11,1,0,0,1,0,1,0,0,0,0,0,1,2,2,2,3,3,Software Engineer,Backend Developer,Security Engineer
21,Male,PhD,Data Science,3.3,3,0,0,0,0,0,1,0,0,1,1,1,2,2,5,3,3,DevOps Engineer,Frontend Developer,Security Engineer
26,Female,Master,Computer Science,2.61,6,0,1,1,0,0,1,0,0,1,0,0,5,3,2,1,1,Software Engineer,Backend Developer,Frontend Developer
25,Female,Bachelor,Data Science,3.38,4,0,1,1,1,1,0,0,1,1,1,1,3,4,3,4,5,Software Engineer,DevOps Engineer,Cybersecurity Analyst
29,Female,Bachelor,Data Science,3.19,0,1,0,1,0,1,0,0,0,0,1,0,2,3,1,1,5,Machine Learning Engineer,Software Engineer,DevOps Engineer
33,Female,Bachelor,Cybersecurity,2.84,1,1,0,1,0,0,0,0,1,0,1,0,5,5,5,5,4,Software Engineer,DevOps Engineer,Cybersecurity Analyst
33,Male,Bachelor,Computer Science,3.45,4,0,1,1,1,1,0,0,0,0,0,0,4,2,4,2,4,Software Engineer,Backend Developer,Business Intelligence Analyst
24,Male,Master,Computer Science,2.81,2,1,0,1,0,0,0,0,1,0,0,0,5,2,5,2,4,Software Engineer,Cybersecurity Analyst,Backend Developer
28,Female,PhD,Software Engineering,3.43,4,0,1,0,1,0,0,0,1,0,0,1,3,1,1,2,5,Software Engineer,Cybersecurity Analyst,Backend Developer
22,Male,Bachelor,AI,3.99,1,1,0,0,0,0,0,0,1,1,1,1,5,4,3,4,4,DevOps Engineer,Cybersecurity Analyst,AI Researcher
28,Male,Master,Computer Science,2.89,2,1,0,1,1,0,1,0,1,1,1,0,1,4,2,5,1,Business Intelligence Analyst,Software Engineer,DevOps Engineer
32,Male,PhD,Software Engineering,3.48,1,1,1,0,0,1,0,0,1,0,1,1,4,3,1,5,3,Machine Learning Engineer,Software Engineer,DevOps Engineer
21,Male,Master,AI,3.19,0,0,0,0,1,0,0,0,0,1,1,0,4,5,2,1,1,DevOps Engineer,Frontend Developer,Full Stack Developer
26,Female,Master,Computer Science,3.31,1,1,0,0,0,0,0,1,1,1,0,0,1,4,5,3,2,Cloud Engineer,Cybersecurity Analyst,Frontend Developer
24,Male,Bachelor,AI,2.9,0,1,1,1,1,1,0,1,1,1,0,1,3,5,1,1,2,AI Researcher,Machine Learning Engineer,Software Engineer
28,Female,Bachelor,AI,2.65,7,0,0,1,1,1,0,0,1,1,1,0,2,3,5,3,3,Software Engineer,DevOps Engineer,Cybersecurity Analyst
33,Female,PhD,Data Science,3.83,5,1,1,1,0,0,1,0,1,1,1,0,3,4,2,1,4,Software Engineer,DevOps Engineer,Cybersecurity Analyst
34,Male,PhD,Computer Science,3.11,4,1,1,1,0,0,0,0,0,1,0,1,3,2,5,1,2,Software Engineer,Backend Developer,Frontend Developer
28,Male,Bachelor,Computer Science,3.61,8,0,0,1,1,1,1,0,1,1,0,0,2,1,3,5,5,Business Intelligence Analyst,Software Engineer,Cybersecurity Analyst
35,Female,Master,AI,3.28,3,0,0,0,1,0,1,0,0,0,1,1,3,1,2,5,1,Business Intelligence Analyst,DevOps Engineer,Data Analyst
23,Female,PhD,Software Engineering,3.81,6,1,1,1,0,0,1,0,1,0,1,0,3,4,4,2,5,Software Engineer,DevOps Engineer,Cybersecurity Analyst
31,Female,Master,AI,3.89,6,1,1,1,0,0,0,1,1,1,0,0,1,1,4,5,2,Software Engineer,Cloud Engineer,Cybersecurity Analyst
23,Female,Master,Software Engineering,3.61,3,1,1,1,1,0,1,1,0,0,1,1,1,1,3,5,1,Business Intelligence Analyst,Software Engineer,Cloud Engineer
21,Female,Master,Data Science,3.37,4,1,0,1,0,0,0,1,0,1,1,1,1,3,4,2,1,Software Engineer,Cloud Engineer,DevOps Engineer
34,Female,Bachelor,AI,3.06,5,0,0,0,0,1,1,0,0,0,0,1,4,1,4,4,5,Security Engineer,Business Intelligence Analyst,Machine Learning Engineer
26,Male,Bachelor,AI,3.75,5,1,0,1,0,1,0,1,0,1,1,0,5,5,2,5,2,AI Researcher,Machine Learning Engineer,Software Engineer
31,Female,Bachelor,Data Science,3.35,5,0,1,1,1,0,0,1,1,1,0,1,3,4,3,1,4,Software Engineer,Cloud Engineer,Cybersecurity Analyst
21,Male,Master,Cybersecurity,2.94,1,0,1,1,1,1,1,0,1,0,0,1,2,5,3,1,4,Business Intelligence Analyst,Software Engineer,Cybersecurity Analyst
30,Male,Master,Software Engineering,3.7,7,1,0,0,0,0,1,1,0,1,0,0,5,5,5,4,5,Cloud Engineer,Frontend Developer,Full Stack Developer
21,Female,PhD,Computer Science,3.58,5,1,1,1,0,0,1,1,0,0,1,1,4,1,3,5,2,Backend Developer,Software Engineer,Cloud Engineer
34,Male,PhD,Computer Science,3.76,4,0,0,1,1,0,0,0,0,0,1,1,5,4,5,3,4,Software Engineer,DevOps Engineer,AI Researcher
28,Female,Bachelor,Computer Science,2.65,8,0,0,1,1,1,1,1,0,1,0,1,4,5,1,4,2,Business Intelligence Analyst,Software Engineer,Cloud Engineer
28,Female,PhD,AI,3.68,5,0,0,1,1,0,1,0,1,0,1,0,4,1,4,5,3,Business Intelligence Analyst,Software Engineer,DevOps Engineer
32,Female,Bachelor,AI,3.11,8,1,0,1,1,0,0,1,1,0,1,1,1,3,3,3,2,Software Engineer,Cloud Engineer,DevOps Engineer
34,Female,PhD,Computer Science,3.06,6,0,0,1,0,1,1,0,1,0,1,1,3,4,5,2,1,Software Engineer,DevOps Engineer,Cybersecurity Analyst
24,Female,Master,Data Science,3.71,8,1,0,0,1,1,0,0,1,0,0,0,5,4,2,2,3,AI Researcher,Machine Learning Engineer,Cybersecurity Analyst
23,Female,Master,Computer Science,2.98,0,0,1,1,1,0,0,1,1,1,1,0,2,5,4,3,4,Software Engineer,Cloud Engineer,DevOps Engineer
27,Male,PhD,Computer Science,3.25,5,1,1,1,0,1,0,1,1,1,0,1,2,1,4,3,1,Machine Learning Engineer,Software Engineer,Cloud Engineer
31,Female,Master,Cybersecurity,3.13,4,0,1,1,1,1,0,0,0,0,0,1,2,2,4,1,1,Software Engineer,Backend Developer,Security Engineer
24,Female,Master,Computer Science,3.98,8,0,1,0,0,0,0,1,0,0,1,0,1,1,2,1,4,Software Engineer,Cloud Engineer,DevOps Engineer
23,Male,Master,Cybersecurity,3.1,1,1,1,0,1,0,0,1,0,1,0,1,4,4,5,1,1,Software Engineer,Cloud Engineer,Backend Developer
30,Female,PhD,Software Engineering,3.33,0,0,1,0,1,0,0,0,0,1,0,0,1,5,1,2,4,Software Engineer,Backend Developer,Frontend Developer
22,Male,PhD,AI,2.53,6,0,0,0,1,1,0,0,1,1,1,1,1,1,5,1,2,DevOps Engineer,Cybersecurity Analyst,Frontend Developer
29,Male,PhD,Data Science,3.13,3,0,0,0,0,1,0,0,1,1,0,1,4,2,3,4,3,Cybersecurity Analyst,Frontend Developer,Security Engineer
29,Female,PhD,Cybersecurity,3.9,5,0,1,1,0,1,0,0,0,0,1,0,4,1,2,2,5,Software Engineer,DevOps Engineer,AI Researcher
26,Female,PhD,Cybersecurity,2.69,6,1,0,1,1,1,0,0,0,0,0,0,2,5,2,1,1,Machine Learning Engineer,Software Engineer,Data Scientist
22,Female,Master,Data Science,3.92,7,0,1,0,1,1,1,1,0,0,1,1,1,2,4,2,5,Business Intelligence Analyst,Software Engineer,Cloud Engineer
29,Male,PhD,Computer Science,3.46,4,1,1,1,1,1,1,0,0,1,1,0,2,2,5,1,3,Machine Learning Engineer,Data Scientist,Business Intelligence Analyst
23,Male,Bachelor,Data Science,2.74,2,0,1,1,1,1,1,1,0,1,0,1,1,2,3,2,3,Business Intelligence Analyst,Software Engineer,Cloud Engineer
34,Male,Bachelor,Computer Science,3.14,6,1,1,0,0,0,1,0,0,1,0,0,1,3,2,1,2,Software Engineer,Backend Developer,Frontend Developer
25,Female,Master,Computer Science,2.63,2,1,1,1,1,1,1,1,0,1,0,1,1,2,3,4,5,Machine Learning Engineer,Data Scientist,Business Intelligence Analyst
34,Male,Bachelor,AI,2.56,5,0,0,0,1,1,1,1,1,1,0,0,5,5,2,5,4,Business Intelligence Analyst,Cloud Engineer,Cybersecurity Analyst
31,Female,PhD,Software Engineering,3.73,3,0,1,0,1,0,0,0,0,1,1,1,2,5,3,5,4,Software Engineer,DevOps Engineer,AI Researcher
27,Female,PhD,Data Science,3.49,7,1,1,0,1,1,0,1,1,0,1,1,3,2,3,1,5,Machine Learning Engineer,Software Engineer,Cloud Engineer
23,Female,Master,Computer Science,3.86,4,0,1,1,0,1,1,1,0,1,0,1,2,2,5,1,3,Software Engineer,Cloud Engineer,AI Researcher
28,Female,Bachelor,Computer Science,3.15,6,0,0,1,1,0,1,1,1,0,0,0,3,5,3,1,4,Cloud Engineer,Business Intelligence Analyst,Software Engineer
29,Female,Bachelor,AI,2.95,8,1,0,1,1,1,1,0,0,1,1,1,1,2,4,2,4,Machine Learning Engineer,Data Scientist,Business Intelligence Analyst
30,Male,Bachelor,Computer Science,3.62,1,1,1,0,0,1,1,0,0,1,0,0,1,5,4,2,5,Machine Learning Engineer,Software Engineer,Data Scientist
21,Female,Master,Data Science,3.62,4,0,1,1,1,0,0,0,1,0,0,1,4,2,3,5,5,Software Engineer,Cybersecurity Analyst,Backend Developer
24,Male,Bachelor,AI,2.54,2,0,0,0,1,1,1,1,1,1,1,1,1,2,1,2,3,Business Intelligence Analyst,Cloud Engineer,DevOps Engineer
25,Male,PhD,Software Engineering,3.78,2,1,1,0,1,0,1,1,0,0,1,1,1,2,3,1,1,Business Intelligence Analyst,Software Engineer,Cloud Engineer
35,Female,PhD,Cybersecurity,2.64,1,0,1,0,0,1,0,1,0,1,1,1,3,4,4,2,2,Software Engineer,Cloud Engineer,DevOps Engineer
21,Female,Bachelor,Data Science,2.93,5,1,0,0,1,0,0,0,0,1,0,0,2,4,1,4,2,Frontend Developer,Full Stack Developer,Machine Learning Engineer
34,Male,Master,Software Engineering,3.37,2,0,0,0,0,1,1,0,0,0,0,0,2,1,4,4,3,Machine Learning Engineer,Data Scientist,AI Researcher
33,Male,Bachelor,Data Science,2.93,2,0,0,1,0,0,1,0,0,0,0,0,5,1,1,1,3,Software Engineer,Backend Developer,Frontend Developer
33,Male,Bachelor,Cybersecurity,3.44,6,0,0,1,1,1,1,1,0,0,1,1,3,3,5,3,3,Business Intelligence Analyst,Software Engineer,Cloud Engineer
21,Male,Master,AI,2.75,4,0,0,0,1,0,1,1,0,1,0,0,3,4,2,3,5,Business Intelligence Analyst,Cloud Engineer,Data Analyst
25,Female,Bachelor,Software Engineering,3.53,4,0,1,1,0,0,1,1,1,1,0,1,5,3,5,5,5,Software Engineer,Cloud Engineer,Cybersecurity Analyst
24,Female,Bachelor,Computer Science,2.7,1,1,0,1,0,0,0,1,1,1,1,0,1,5,2,4,2,Software Engineer,Cloud Engineer,DevOps Engineer
34,Female,PhD,Software Engineering,3.28,6,0,1,1,0,0,1,0,1,0,0,1,2,1,1,5,4,Software Engineer,Cybersecurity Analyst,Backend Developer
24,Female,PhD,Cybersecurity,3.51,2,0,1,0,0,0,0,1,0,0,1,0,4,2,1,5,5,Backend Developer,Software Engineer,Cloud Engineer
34,Female,PhD,Software Engineering,2.66,8,1,1,1,0,0,0,0,1,1,1,1,5,4,2,3,1,Software Engineer,DevOps Engineer,Cybersecurity Analyst
29,Male,PhD,Software Engineering,3.88,4,0,0,1,0,0,0,1,1,1,1,1,2,1,5,3,3,Software Engineer,Cloud Engineer,DevOps Engineer
27,Male,Bachelor,Cybersecurity,2.56,5,1,0,1,1,1,0,0,1,0,0,1,4,4,2,1,1,Machine Learning Engineer,Software Engineer,Cybersecurity Analyst
27,Female,Master,Data Science,2.55,0,1,0,1,0,0,0,0,0,1,0,1,3,3,3,2,5,Software Engineer,Backend Developer,Frontend Developer
22,Female,Bachelor,Cybersecurity,3.22,5,0,0,0,1,0,1,1,0,1,1,1,5,1,3,5,5,Business Intelligence Analyst,Cloud Engineer,DevOps Engineer
31,Male,Bachelor,Cybersecurity,3.45,7,1,0,1,0,1,0,1,0,1,1,1,5,2,2,5,5,Machine Learning Engineer,Software Engineer,Cloud Engineer
23,Male,Bachelor,AI,3.01,7,1,1,0,1,0,1,1,0,0,0,0,5,4,3,4,3,Business Intelligence Analyst,Data Analyst,Software Engineer
24,Female,PhD,Computer Science,2.52,8,0,0,0,1,1,0,1,0,0,1,0,4,3,5,3,4,Cloud Engineer,DevOps Engineer,Business Intelligence Analyst
23,Male,Master,Software Engineering,3.47,0,0,1,0,1,0,0,0,0,1,1,1,4,3,1,2,5,Software Engineer,DevOps Engineer,Backend Developer
23,Male,PhD,Software Engineering,3.71,6,0,0,0,0,1,1,0,0,1,1,0,1,4,5,1,4,DevOps Engineer,AI Researcher,Frontend Developer
34,Female,Bachelor,Data Science,2.8,5,0,0,1,0,1,1,0,0,0,0,0,3,5,5,4,3,Software Engineer,Backend Developer,DevOps Engineer
31,Male,Bachelor,Software Engineering,2.94,4,0,1,1,1,0,0,0,0,1,0,0,5,5,5,4,5,Software Engineer,Backend Developer,Frontend Developer
23,Female,PhD,AI,2.7,0,1,1,0,0,0,0,0,0,1,0,0,1,4,1,4,2,Software Engineer,Backend Developer,Frontend Developer
25,Female,PhD,Computer Science,2.52,0,0,1,1,0,0,1,1,1,0,1,1,3,5,4,4,5,Software Engineer,Cloud Engineer,DevOps Engineer
32,Female,Master,Data Science,2.92,3,1,0,1,1,0,1,0,0,0,0,0,3,1,2,5,3,Business Intelligence Analyst,Software Engineer,Data Analyst
22,Male,PhD,Computer Science,3.47,6,0,0,1,1,0,0,1,0,0,1,0,4,2,5,3,4,Software Engineer,Cloud Engineer,DevOps Engineer
21,Male,Bachelor,AI,2.6,4,1,1,0,1,1,1,1,1,1,0,0,2,5,1,3,3,Machine Learning Engineer,Data Scientist,Business Intelligence Analyst
21,Male,Master,Cybersecurity,2.69,7,1,0,1,0,1,1,0,0,1,0,1,1,3,4,1,2,Machine Learning Engineer,Software Engineer,Data Scientist
35,Male,PhD,AI,3.04,3,1,1,0,0,0,1,1,1,1,1,0,5,2,2,3,1,Software Engineer,Cloud Engineer,DevOps Engineer
34,Male,PhD,Software Engineering,3.4,2,0,1,0,0,0,1,0,1,1,0,1,2,1,2,4,4,Software Engineer,Cybersecurity Analyst,Backend Developer
23,Male,Master,Data Science,3.75,1,1,1,0,1,0,1,0,0,1,0,0,5,5,3,3,5,Business Intelligence Analyst,Software Engineer,AI Researcher
21,Female,PhD,Computer Science,3.25,1,0,0,1,0,0,1,0,1,0,1,0,1,2,1,4,4,Software Engineer,DevOps Engineer,Cybersecurity Analyst
28,Female,Bachelor,Software Engineering,3.28,4,1,1,0,0,1,1,1,1,1,0,1,4,2,3,4,3,Cloud Engineer,Machine Learning Engineer,Software Engineer
29,Male,PhD,Computer Science,3.74,6,1,0,1,1,1,1,1,0,1,1,0,5,4,2,1,1,AI Researcher,Business Intelligence Analyst,Machine Learning Engineer
30,Male,Master,Data Science,3.65,7,1,1,1,0,0,0,1,0,1,1,1,3,5,2,3,1,Software Engineer,Cloud Engineer,DevOps Engineer
35,Female,PhD,Software Engineering,3.97,1,0,0,1,0,0,0,0,0,0,1,1,2,1,3,5,4,Software Engineer,DevOps Engineer,AI Researcher
32,Female,Bachelor,Data Science,3.76,7,0,0,0,1,0,0,0,0,1,1,1,2,4,3,4,2,DevOps Engineer,AI Researcher,Frontend Developer
33,Male,Bachelor,Computer Science,3.83,3,0,0,1,0,1,0,0,0,1,1,0,3,4,5,5,2,Software Engineer,DevOps Engineer,AI Researcher
24,Female,PhD,Data Science,3.17,4,0,1,0,1,1,1,0,1,1,1,1,3,5,3,1,2,Business Intelligence Analyst,Software Engineer,DevOps Engineer
34,Male,Bachelor,Computer Science,3.32,1,0,1,1,1,1,0,0,1,1,0,1,2,4,3,4,4,Software Engineer,Cybersecurity Analyst,Backend Developer
23,Male,PhD,AI,3.36,3,1,0,0,0,0,0,1,0,0,1,0,4,2,1,5,5,Cloud Engineer,DevOps Engineer,Business Intelligence Analyst
33,Female,PhD,Cybersecurity,3.12,1,0,0,1,0,1,0,0,1,1,1,1,1,1,2,2,5,Software Engineer,DevOps Engineer,Cybersecurity Analyst
34,Male,Bachelor,Data Science,3.53,3,0,1,0,0,1,0,0,1,0,0,0,4,2,2,2,5,Software Engineer,Cybersecurity Analyst,Backend Developer
30,Male,Bachelor,Software Engineering,2.64,1,0,1,1,1,0,0,1,0,1,0,0,1,2,2,5,3,Software Engineer,Cloud Engineer,Backend Developer
30,Female,Bachelor,Computer Science,2.76,2,0,0,1,0,1,1,1,1,1,0,1,1,5,5,3,3,Software Engineer,Cloud Engineer,Cybersecurity Analyst
26,Male,PhD,AI,2.6,1,1,0,1,0,0,0,0,1,1,0,0,4,5,5,5,5,Software Engineer,Cybersecurity Analyst,Backend Developer
31,Male,Master,Software Engineering,2.76,8,0,0,0,0,1,0,1,0,0,0,1,2,2,1,4,3,Cloud Engineer,Security Engineer,Machine Learning Engineer
34,Male,Master,Cybersecurity,2.52,1,0,1,0,1,1,1,1,0,0,1,0,5,1,1,4,5,Business Intelligence Analyst,Software Engineer,Cloud Engineer
28,Female,Bachelor,Software Engineering,3.09,6,1,0,0,1,0,0,1,1,1,0,1,2,3,1,5,3,Cloud Engineer,Cybersecurity Analyst,Frontend Developer
29,Male,PhD,Software Engineering,3.56,8,1,1,1,1,0,0,0,0,0,1,0,5,3,3,2,2,Software Engineer,DevOps Engineer,Backend Developer
31,Male,PhD,Data Science,2.76,0,1,0,0,0,1,1,1,0,1,0,0,5,5,4,1,2,Machine Learning Engineer,Cloud Engineer,Data Scientist
34,Male,Master,AI,3.77,0,1,0,0,1,0,0,0,0,1,1,1,3,2,1,5,2,DevOps Engineer,AI Researcher,Frontend Developer
23,Female,PhD,Software Engineering,2.96,8,0,0,0,0,1,0,0,0,1,1,1,3,1,3,1,1,Frontend Developer,DevOps Engineer,Security Engineer
21,Female,Bachelor,Data Science,3.49,5,0,1,1,1,0,1,1,1,0,0,1,2,3,3,1,4,Business Intelligence Analyst,Software Engineer,Cloud Engineer
32,Male,Master,Computer Science,3.63,3,1,0,0,1,0,1,0,1,1,1,0,1,4,5,5,4,Business Intelligence Analyst,DevOps Engineer,Cybersecurity Analyst
22,Female,PhD,Data Science,3.17,2,0,1,1,1,1,0,1,0,1,0,0,1,1,1,4,1,Software Engineer,Cloud Engineer,Backend Developer
34,Female,Master,Data Science,3.79,7,1,1,0,1,1,1,0,0,0,1,0,1,2,2,3,4,AI Researcher,Machine Learning Engineer,Data Scientist
28,Female,Master,AI,3.0,4,0,0,1,0,0,0,1,0,1,1,1,5,4,2,4,4,Software Engineer,Cloud Engineer,DevOps Engineer
22,Male,Bachelor,Software Engineering,3.94,1,1,0,0,1,0,1,1,0,0,0,1,5,2,3,2,1,Business Intelligence Analyst,Cloud Engineer,AI Researcher
22,Female,Master,AI,3.24,2,1,0,0,1,0,1,1,0,1,1,1,5,3,3,1,2,Business Intelligence Analyst,Cloud Engineer,DevOps Engineer
34,Male,Master,AI,3.87,5,0,1,1,0,1,0,0,0,0,0,0,3,5,5,1,2,Software Engineer,AI Researcher,Backend Developer
29,Male,PhD,AI,3.17,6,0,1,0,0,0,1,1,0,1,0,1,4,4,4,5,2,Software Engineer,Cloud Engineer,Backend Developer
31,Female,PhD,Data Science,2.67,4,1,1,0,1,1,0,0,1,1,1,1,4,5,2,2,5,Machine Learning Engineer,Software Engineer,DevOps Engineer
35,Female,PhD,Computer Science,2.94,8,0,1,0,0,1,1,1,1,0,1,1,5,1,4,1,1,Software Engineer,Cloud Engineer,DevOps Engineer
33,Male,Master,Cybersecurity,2.64,4,0,1,0,0,1,1,1,0,1,1,0,2,4,4,2,3,Software Engineer,Cloud Engineer,DevOps Engineer
29,Female,PhD,Cybersecurity,2.91,2,0,0,1,1,1,0,1,0,1,1,0,3,1,4,4,2,Software Engineer,Cloud Engineer,DevOps Engineer
24,Female,PhD,AI,3.17,2,1,1,0,0,0,0,1,1,1,0,0,2,1,2,3,4,Software Engineer,Cloud Engineer,Cybersecurity Analyst
35,Female,Master,Data Science,3.07,0,0,1,1,0,1,0,1,1,0,1,0,4,1,4,2,3,Software Engineer,Cloud Engineer,DevOps Engineer
29,Male,PhD,AI,3.15,2,1,1,1,1,0,1,1,1,0,0,0,1,4,4,2,1,Business Intelligence Analyst,Software Engineer,Cloud Engineer
31,Male,Bachelor,Cybersecurity,3.42,3,0,0,0,1,1,0,1,1,0,0,1,5,1,2,5,3,Cloud Engineer,Cybersecurity Analyst,Security Engineer
32,Female,PhD,Cybersecurity,3.57,4,0,1,0,1,0,1,0,0,1,0,0,3,3,1,2,1,Business Intelligence Analyst,Software Engineer,Data Analyst
21,Male,Bachelor,AI,3.92,3,0,0,0,0,1,0,1,0,0,0,1,1,3,4,5,4,Cloud Engineer,AI Researcher,Security Engineer
32,Female,Bachelor,Data Science,3.37,3,0,0,1,1,1,1,0,1,1,0,1,1,3,1,3,2,Full Stack Developer,Business Intelligence Analyst,Software Engineer
30,Male,PhD,AI,3.29,1,0,1,0,0,1,0,1,0,1,1,0,5,5,3,1,5,Software Engineer,Cloud Engineer,DevOps Engineer
27,Female,Bachelor,Computer Science,3.78,2,1,0,1,1,0,1,0,1,0,0,1,3,1,5,1,3,Business Intelligence Analyst,Software Engineer,Cybersecurity Analyst
27,Male,PhD,Computer Science,2.98,8,0,0,0,1,0,0,0,0,1,1,0,2,2,1,3,5,DevOps Engineer,Frontend Developer,Full Stack Developer
30,Female,PhD,Cybersecurity,3.3,3,1,0,1,1,1,1,1,1,1,0,0,2,3,2,2,1,Machine Learning Engineer,Data Scientist,Business Intelligence Analyst
21,Female,Bachelor,AI,3.23,2,1,0,0,0,0,1,0,1,0,1,0,1,5,4,3,4,DevOps Engineer,Cybersecurity Analyst,Machine Learning Engineer
32,Male,PhD,Data Science,2.84,7,1,1,0,0,1,0,1,0,0,0,1,4,2,5,3,5,Machine Learning Engineer,Software Engineer,Cloud Engineer
33,Female,Bachelor,AI,2.55,8,0,0,0,0,1,0,1,0,0,1,0,4,1,5,5,1,Cloud Engineer,DevOps Engineer,Business Intelligence Analyst
26,Male,Bachelor,Software Engineering,2.97,6,1,1,0,1,1,0,1,0,0,0,0,4,4,5,2,3,Machine Learning Engineer,Software Engineer,Cloud Engineer
26,Male,Bachelor,Cybersecurity,3.65,2,0,1,1,0,0,1,1,0,0,0,0,3,4,5,3,1,Software Engineer,Cloud Engineer,Backend Developer
34,Female,Bachelor,Cybersecurity,3.41,5,1,0,0,0,0,1,0,1,0,0,1,5,5,2,5,3,Cybersecurity Analyst,Security Engineer,Business Intelligence Analyst
26,Male,Bachelor,Software Engineering,2.9,6,1,1,1,0,0,1,1,1,1,0,1,5,4,3,5,2,Software Engineer,Cloud Engineer,Cybersecurity Analyst
30,Female,Master,Cybersecurity,3.71,5,1,0,1,0,0,0,1,0,1,0,1,2,2,3,4,1,Software Engineer,Cloud Engineer,AI Researcher
35,Female,Bachelor,Cybersecurity,2.62,6,0,0,1,1,1,1,1,1,0,1,1,3,3,3,5,4,Business Intelligence Analyst,Software Engineer,Cloud Engineer
29,Female,Master,Computer Science,2.64,2,1,1,0,0,0,0,1,1,0,1,0,1,1,2,2,1,Software Engineer,Cloud Engineer,DevOps Engineer
33,Male,Master,Data Science,3.13,6,0,1,1,1,1,1,0,0,1,0,1,2,5,4,2,1,Business Intelligence Analyst,Software Engineer,Data Analyst
28,Male,PhD,Data Science,3.72,6,1,1,0,0,0,0,1,1,1,1,1,5,5,5,5,3,Cloud Engineer,Software Engineer,DevOps Engineer
27,Male,PhD,AI,3.65,3,1,0,0,1,0,0,1,0,0,1,0,5,5,5,2,2,Cloud Engineer,DevOps Engineer,Business Intelligence Analyst
28,Female,Bachelor,AI,3.59,3,0,1,1,1,1,1,1,1,1,0,0,3,1,5,1,1,Business Intelligence Analyst,Software Engineer,Cloud Engineer
24,Female,Bachelor,Data Science,3.33,1,1,1,1,0,1,0,1,1,1,0,0,5,4,2,2,5,Machine Learning Engineer,Software Engineer,Cloud Engineer
35,Female,Bachelor,Software Engineering,2.74,2,0,0,1,1,1,0,1,0,0,0,0,2,4,3,2,4,Software Engineer,Cloud Engineer,Backend Developer
33,Female,PhD,Cybersecurity,3.22,7,1,0,1,0,1,0,0,0,0,1,0,5,3,1,4,1,Machine Learning Engineer,Software Engineer,DevOps Engineer
26,Male,PhD,Computer Science,2.77,7,0,0,0,0,1,1,1,0,0,0,0,1,4,1,1,4,Cloud Engineer,Machine Learning Engineer,Data Scientist
32,Female,PhD,Software Engineering,3.45,3,1,1,1,0,0,0,0,0,1,1,0,3,5,4,4,1,Software Engineer,DevOps Engineer,Backend Developer
27,Male,Master,Cybersecurity,3.24,7,0,0,1,1,0,0,0,1,1,1,1,2,2,4,5,2,Software Engineer,DevOps Engineer,Cybersecurity Analyst
22,Male,PhD,AI,3.54,0,0,0,1,1,0,1,1,0,1,1,0,4,3,4,1,1,Business Intelligence Analyst,Software Engineer,Cloud Engineer
27,Female,PhD,Software Engineering,3.08,0,1,0,1,1,0,1,1,0,1,0,1,2,5,4,1,3,Business Intelligence Analyst,Software Engineer,Cloud Engineer
25,Female,Bachelor,Cybersecurity,3.3,5,1,0,0,0,1,0,0,1,1,0,0,2,2,4,1,2,Machine Learning Engineer,Cybersecurity Analyst,Data Scientist
35,Female,Bachelor,AI,2.9,0,0,1,0,1,1,1,1,0,1,0,0,4,3,2,1,5,Business Intelligence Analyst,Software Engineer,Cloud Engineer
24,Female,Bachelor,Data Science,3.08,6,1,0,1,1,0,0,1,1,1,0,1,2,1,4,5,5,Software Engineer,Cloud Engineer,Cybersecurity Analyst
23,Female,PhD,Software Engineering,2.84,1,1,1,1,1,0,0,0,1,1,0,0,3,4,2,2,5,Software Engineer,Cybersecurity Analyst,Backend Developer
23,Female,PhD,Computer Science,3.96,3,0,1,0,0,1,0,0,0,0,0,1,3,5,5,5,5,Software Engineer,AI Researcher,Backend Developer
28,Female,PhD,Computer Science,3.86,1,1,1,0,1,1,0,0,0,1,1,0,3,4,1,1,1,AI Researcher,Machine Learning Engineer,Software Engineer
23,Female,PhD,Data Science,3.91,1,1,0,0,1,1,1,0,0,1,0,1,3,3,3,4,3,AI Researcher,Machine Learning Engineer,Data Scientist
32,Male,PhD,Data Science,2.53,0,0,1,1,1,0,0,1,0,1,0,1,2,5,1,4,2,Software Engineer,Cloud Engineer,Backend Developer
29,Male,Bachelor,Computer Science,3.33,7,0,1,0,0,1,0,1,1,1,0,0,2,5,1,4,3,Software Engineer,Cloud Engineer,Cybersecurity Analyst
32,Female,Bachelor,Cybersecurity,3.94,2,0,1,1,1,0,0,0,1,0,1,1,1,2,4,4,1,Software Engineer,DevOps Engineer,Cybersecurity Analyst
34,Female,Bachelor,AI,3.28,5,0,1,0,0,0,0,1,1,0,1,0,1,3,5,3,4,Software Engineer,Cloud Engineer,DevOps Engineer
28,Male,Master,Software Engineering,3.98,2,0,0,0,1,0,0,0,0,0,1,1,2,2,4,1,1,DevOps Engineer,AI Researcher,Security Engineer
34,Female,PhD,AI,2.79,8,0,0,0,1,1,1,1,0,1,1,0,5,4,2,3,5,Business Intelligence Analyst,Cloud Engineer,DevOps Engineer
22,Male,Master,AI,3.37,6,1,1,0,1,1,1,1,1,0,1,0,4,5,1,3,4,Business Intelligence Analyst,Machine Learning Engineer,Data Scientist
24,Female,Bachelor,Data Science,3.62,3,0,1,1,0,1,0,0,0,0,0,1,2,2,2,3,5,Software Engineer,Backend Developer,DevOps Engineer
31,Male,PhD,Cybersecurity,3.29,2,0,0,0,0,1,1,1,1,1,1,0,2,5,1,2,2,Cloud Engineer,DevOps Engineer,Cybersecurity Analyst
33,Female,Bachelor,Cybersecurity,2.52,8,1,1,1,0,1,1,1,1,0,1,0,4,4,3,2,2,Machine Learning Engineer,Software Engineer,Cloud Engineer
29,Female,Master,AI,3.56,7,0,0,0,0,0,0,0,1,1,1,0,5,4,2,3,2,DevOps Engineer,Cybersecurity Analyst,Frontend Developer
30,Male,Bachelor,Data Science,3.01,5,0,0,1,0,1,1,0,1,1,1,1,5,4,1,4,3,Software Engineer,DevOps Engineer,Cybersecurity Analyst
31,Male,Master,Computer Science,2.75,5,1,1,0,0,0,1,0,1,1,1,1,3,4,2,5,1,Software Engineer,DevOps Engineer,Cybersecurity Analyst
23,Female,PhD,Cybersecurity,3.85,1,0,0,0,1,0,0,1,1,1,0,0,4,2,2,1,1,Cloud Engineer,Cybersecurity Analyst,AI Researcher
25,Female,Master,Software Engineering,3.92,6,0,0,0,1,1,1,1,0,0,0,0,4,5,3,3,4,Business Intelligence Analyst,Cloud Engineer,AI Researcher
22,Male,Bachelor,Software Engineering,3.25,8,1,1,0,1,0,1,0,1,0,0,0,5,2,1,3,1,Business Intelligence Analyst,Software Engineer,Cybersecurity Analyst
30,Male,PhD,Computer Science,3.26,5,0,0,0,0,0,0,0,0,1,0,0,1,1,1,1,2,Frontend Developer,Full Stack Developer,Machine Learning Engineer
22,Male,PhD,Cybersecurity,3.93,7,0,1,1,1,1,0,1,0,0,0,0,4,4,5,4,4,Software Engineer,Cloud Engineer,AI Researcher
30,Female,Bachelor,Software Engineering,2.75,8,0,0,1,0,0,1,0,0,1,0,0,2,5,4,3,4,Software Engineer,Backend Developer,Frontend Developer
30,Female,Bachelor,Software Engineering,3.93,0,0,1,1,0,0,0,1,1,1,0,0,4,3,4,3,2,Software Engineer,Cloud Engineer,Cybersecurity Analyst
34,Male,PhD,AI,3.09,3,0,0,1,1,0,1,1,1,0,1,1,2,2,2,4,1,Business Intelligence Analyst,Software Engineer,Cloud Engineer
33,Female,Bachelor,Software Engineering,3.53,8,0,0,1,0,1,1,0,0,0,1,1,2,3,2,2,5,Software Engineer,DevOps Engineer,Backend Developer
26,Female,Master,Software Engineering,3.74,7,0,0,1,1,0,0,0,0,1,1,0,2,3,1,4,3,Software Engineer,DevOps Engineer,AI Researcher
33,Male,Bachelor,Computer Science,2.74,7,1,0,0,0,1,1,0,0,0,1,0,1,5,2,2,5,Machine Learning Engineer,DevOps Engineer,Data Scientist
26,Female,PhD,Cybersecurity,3.75,8,0,1,1,1,0,1,1,0,1,0,0,3,1,3,2,3,Business Intelligence Analyst,Software Engineer,Cloud Engineer
32,Female,PhD,Data Science,3.8,5,0,1,1,1,1,0,0,0,0,1,1,2,5,3,2,5,Software Engineer,DevOps Engineer,AI Researcher
35,Female,Master,Software Engineering,3.69,7,1,0,0,0,1,1,1,1,0,0,1,4,5,3,1,4,Machine Learning Engineer,Cloud Engineer,Cybersecurity Analyst
29,Female,Master,Computer Science,2.83,8,0,1,1,1,1,1,1,0,1,0,1,3,2,1,2,2,Data Scientist,Business Intelligence Analyst,Software Engineer
28,Female,Master,Computer Science,3.37,6,1,0,0,1,1,1,1,1,0,1,1,1,1,1,3,4,Machine Learning Engineer,Data Scientist,Business Intelligence Analyst
27,Female,Master,Cybersecurity,3.65,6,1,0,1,0,0,0,0,0,0,0,1,4,1,2,4,5,Software Engineer,Backend Developer,Security Engineer
28,Male,Master,Software Engineering,3.27,5,0,1,0,1,0,0,0,0,1,0,1,1,3,5,4,2,Software Engineer,Backend Developer,Frontend Developer
32,Male,Bachelor,Computer Science,3.75,4,0,0,0,1,0,0,0,1,0,1,0,5,1,5,4,5,DevOps Engineer,Cybersecurity Analyst,AI Researcher
35,Female,Master,Data Science,3.42,7,1,1,0,1,1,0,0,1,0,1,0,4,3,5,4,3,Machine Learning Engineer,Software Engineer,DevOps Engineer
33,Female,PhD,Software Engineering,2.5,6,0,1,0,1,0,1,0,1,0,1,1,3,1,3,4,2,Business Intelligence Analyst,Software Engineer,DevOps Engineer
34,Female,Master,Computer Science,3.03,6,0,0,0,1,0,0,0,0,0,1,0,2,1,1,2,4,DevOps Engineer,Machine Learning Engineer,Data Scientist
28,Female,Bachelor,Data Science,3.86,4,0,1,1,0,1,1,0,0,0,1,0,3,3,4,1,2,Software Engineer,DevOps Engineer,AI Researcher
24,Male,Master,Data Science,3.56,1,1,1,1,1,0,1,0,1,1,0,1,5,5,5,3,4,Business Intelligence Analyst,Software Engineer,Cybersecurity Analyst
23,Male,Bachelor,Cybersecurity,2.89,5,0,1,1,1,1,1,0,0,1,1,0,5,2,4,3,4,Business Intelligence Analyst,Software Engineer,DevOps Engineer
25,Female,PhD,Computer Science,3.25,8,0,0,0,0,0,1,1,0,0,0,0,4,4,3,4,3,Cloud Engineer,Business Intelligence Analyst,Machine Learning Engineer
21,Female,Bachelor,Data Science,2.87,0,1,0,1,0,0,0,1,1,1,0,0,2,5,2,4,1,Software Engineer,Cloud Engineer,Cybersecurity Analyst
28,Female,Master,Cybersecurity,3.52,0,0,0,1,1,0,1,0,1,1,1,0,1,2,5,2,2,Business Intelligence Analyst,Software Engineer,DevOps Engineer
31,Female,Bachelor,Cybersecurity,3.17,6,0,0,1,1,1,1,1,1,1,0,1,2,2,4,4,2,Business Intelligence Analyst,Software Engineer,Cloud Engineer
23,Male,Bachelor,Software Engineering,3.67,0,0,1,0,1,1,1,0,0,1,1,1,3,1,1,5,1,Business Intelligence Analyst,Software Engineer,DevOps Engineer
34,Male,Master,AI,3.61,4,0,1,1,1,0,1,0,1,0,1,1,4,2,3,4,1,Business Intelligence Analyst,Software Engineer,DevOps Engineer
29,Male,PhD,AI,3.29,5,0,1,0,1,1,1,1,1,1,0,0,4,4,3,3,3,Business Intelligence Analyst,Software Engineer,Cloud Engineer
24,Male,PhD,Software Engineering,3.54,2,0,1,1,1,0,0,0,0,1,0,0,3,2,5,4,3,Software Engineer,Backend Developer,Frontend Developer
28,Female,Bachelor,Computer Science,3.12,4,1,0,1,0,1,1,1,1,1,1,0,4,3,4,5,3,Machine Learning Engineer,Software Engineer,Cloud Engineer
23,Female,Bachelor,Computer Science,3.79,7,1,1,0,0,0,1,1,0,0,0,1,2,1,3,5,2,Software Engineer,Cloud Engineer,Data Scientist
23,Female,Bachelor,AI,2.96,8,1,1,1,0,0,0,0,1,0,1,1,3,2,5,4,4,Software Engineer,DevOps Engineer,Cybersecurity Analyst
28,Female,Master,Software Engineering,2.87,5,0,0,1,0,1,0,1,0,1,0,1,1,5,5,3,4,Software Engineer,Cloud Engineer,Backend Developer
30,Female,Master,AI,3.92,1,1,0,0,0,1,0,1,0,0,1,1,4,2,2,1,2,AI Researcher,Machine Learning Engineer,Cloud Engineer
32,Male,PhD,Computer Science,3.84,5,0,0,1,0,1,0,0,0,1,1,0,5,3,2,1,5,Software Engineer,DevOps Engineer,AI Researcher
27,Male,Bachelor,Data Science,3.45,7,0,0,0,0,1,1,0,1,1,0,0,4,4,3,3,2,Cybersecurity Analyst,Frontend Developer,Full Stack Developer
29,Female,Master,Computer Science,3.9,5,0,0,1,0,1,0,1,0,0,0,1,1,1,1,3,1,Software Engineer,Cloud Engineer,AI Researcher
24,Female,Bachelor,Cybersecurity,3.51,0,1,1,0,0,1,1,1,1,0,0,0,5,1,5,4,2,Machine Learning Engineer,Software Engineer,Cloud Engineer
32,Male,PhD,Data Science,2.82,5,0,0,1,1,1,0,1,1,1,1,0,2,5,1,1,4,Software Engineer,Cloud Engineer,DevOps Engineer
25,Male,PhD,Computer Science,2.68,2,0,0,1,1,1,0,0,0,1,1,0,5,5,5,1,4,Software Engineer,DevOps Engineer,Backend Developer
23,Female,PhD,Software Engineering,3.65,4,0,0,0,0,0,1,0,1,1,0,1,3,2,4,2,4,Cybersecurity Analyst,Frontend Developer,Security Engineer
33,Female,Master,AI,2.86,4,0,1,1,0,0,0,1,0,1,1,0,3,4,5,4,1,Software Engineer,Cloud Engineer,DevOps Engineer
33,Female,Master,Cybersecurity,3.0,2,0,0,1,1,0,1,0,0,0,0,0,1,5,5,3,5,Business Intelligence Analyst,Software Engineer,Data Analyst
28,Female,Master,Data Science,3.4,2,1,0,1,1,0,0,0,0,1,1,1,5,3,2,1,1,Software Engineer,DevOps Engineer,Backend Developer
22,Male,PhD,Software Engineering,2.75,6,0,0,0,1,1,1,1,0,0,1,1,1,4,2,1,3,Business Intelligence Analyst,Cloud Engineer,DevOps Engineer
21,Female,PhD,Data Science,2.92,0,1,1,0,1,1,0,1,0,0,1,0,2,5,3,4,3,Machine Learning Engineer,Software Engineer,Cloud Engineer
32,Female,PhD,AI,2.63,2,0,1,1,1,1,0,1,0,0,1,1,5,1,5,5,3,Software Engineer,Cloud Engineer,DevOps Engineer
29,Female,PhD,Data Science,3.43,6,0,1,1,0,0,1,0,1,0,1,0,2,4,4,3,5,Software Engineer,DevOps Engineer,Cybersecurity Analyst
21,Female,PhD,Cybersecurity,3.93,1,0,0,1,0,1,1,0,0,0,1,1,3,4,3,2,4,Software Engineer,DevOps Engineer,AI Researcher
25,Female,Master,Cybersecurity,3.72,0,1,1,0,1,0,0,0,0,1,0,0,4,2,4,1,4,Software Engineer,AI Researcher,Backend Developer
23,Female,Master,Computer Science,2.61,7,1,1,1,1,0,1,1,1,1,1,1,4,2,2,5,4,Business Intelligence Analyst,Software Engineer,Cloud Engineer
32,Male,PhD,Software Engineering,3.36,3,0,1,1,0,1,0,0,0,0,0,0,4,2,2,1,4,Software Engineer,Backend Developer,Business Intelligence Analyst
27,Male,Master,Cybersecurity,2.85,7,0,0,1,1,0,0,1,1,0,1,1,2,2,1,2,2,Software Engineer,Cloud Engineer,DevOps Engineer
34,Male,Master,Cybersecurity,3.66,8,0,1,0,1,1,1,1,0,0,0,1,3,3,4,5,1,Business Intelligence Analyst,Software Engineer,Cloud Engineer
22,Male,Bachelor,Cybersecurity,3.58,5,1,1,1,1,1,1,1,1,1,1,1,3,5,3,3,4,Machine Learning Engineer,Data Scientist,Business Intelligence Analyst
25,Male,PhD,Cybersecurity,3.31,4,1,0,0,1,1,1,1,0,0,0,1,3,3,3,5,2,Machine Learning Engineer,Data Scientist,Business Intelligence Analyst
25,Male,Master,Software Engineering,3.19,0,1,0,1,1,1,0,1,1,1,1,0,3,1,3,2,2,Machine Learning Engineer,Software Engineer,Cloud Engineer
26,Male,PhD,Computer Science,3.73,1,0,1,1,1,0,1,1,0,1,0,1,1,4,1,4,3,Business Intelligence Analyst,Software Engineer,Cloud Engineer
28,Female,Bachelor,Data Science,2.98,0,0,0,1,1,1,1,0,1,0,0,0,1,1,2,4,5,Business Intelligence Analyst,Software Engineer,Cybersecurity Analyst
25,Male,Bachelor,Cybersecurity,3.0,5,0,1,1,1,0,1,0,0,1,1,0,3,4,5,1,2,Backend Developer,Business Intelligence Analyst,Software Engineer
31,Male,Master,Computer Science,3.38,8,0,1,1,1,1,1,0,0,0,0,0,2,5,3,1,4,Business Intelligence Analyst,Software Engineer,Data Analyst
24,Female,Master,Cybersecurity,2.65,2,1,0,1,1,0,0,1,1,0,1,1,1,2,5,4,3,Software Engineer,Cloud Engineer,DevOps Engineer
30,Female,Master,Computer Science,3.39,0,1,1,1,1,1,1,1,0,1,0,1,2,5,1,5,3,Machine Learning Engineer,Data Scientist,Business Intelligence Analyst
23,Male,Master,Software Engineering,3.74,4,0,1,0,0,1,0,0,1,1,1,0,5,3,3,1,3,Software Engineer,DevOps Engineer,Cybersecurity Analyst
23,Female,PhD,Cybersecurity,2.73,2,0,1,1,1,0,0,1,0,0,1,0,2,5,3,2,5,Software Engineer,Cloud Engineer,DevOps Engineer
35,Female,Bachelor,Computer Science,2.61,7,0,0,0,1,1,0,1,1,1,0,1,1,4,4,4,3,Cloud Engineer,Cybersecurity Analyst,Frontend Developer
25,Male,Bachelor,Data Science,3.48,2,0,0,0,1,1,1,1,0,1,0,1,5,3,5,2,2,Business Intelligence Analyst,Cloud Engineer,Data Analyst
28,Male,Master,Data Science,2.69,4,1,0,1,1,0,1,0,0,1,1,0,2,3,2,3,5,Business Intelligence Analyst,Software Engineer,DevOps Engineer
27,Male,Master,Data Science,3.91,1,0,1,1,1,0,0,1,1,1,1,1,2,5,4,2,2,Software Engineer,Cloud Engineer,DevOps Engineer
25,Female,PhD,Cybersecurity,3.93,7,0,0,0,1,1,0,0,0,0,1,0,5,5,1,3,5,DevOps Engineer,AI Researcher,Business Intelligence Analyst
32,Male,Master,Computer Science,3.38,2,1,1,1,0,1,1,1,0,0,1,1,2,2,1,2,2,Machine Learning Engineer,Software Engineer,Cloud Engineer
31,Female,PhD,Computer Science,3.79,6,1,0,1,0,0,1,0,1,1,0,1,2,1,2,4,2,Software Engineer,Cybersecurity Analyst,AI Researcher
24,Male,Bachelor,Software Engineering,3.6,5,1,0,1,1,1,1,0,0,1,0,1,1,2,2,4,5,Frontend Developer,Machine Learning Engineer,Data Scientist
29,Male,Master,AI,3.67,5,0,0,1,0,1,0,0,0,0,0,0,3,1,3,1,1,Software Engineer,Backend Developer,Machine Learning Engineer
27,Male,PhD,Data Science,3.4,4,1,0,0,0,1,0,0,1,0,0,0,4,1,1,2,3,Machine Learning Engineer,Cybersecurity Analyst,Data Scientist
29,Male,Bachelor,Data Science,3.18,0,0,1,0,0,1,0,1,1,0,0,1,1,1,4,1,1,Software Engineer,Cloud Engineer,Cybersecurity Analyst
31,Female,Master,Data Science,2.78,3,1,0,0,0,1,1,0,1,1,0,0,5,4,4,4,1,Machine Learning Engineer,Cybersecurity Analyst,Data Scientist
26,Female,Master,AI,3.63,1,0,1,1,1,1,0,0,1,0,0,0,5,4,5,3,1,Software Engineer,Cybersecurity Analyst,Backend Developer
29,Female,Bachelor,Software Engineering,2.63,1,1,1,1,1,1,0,0,0,1,0,1,4,4,1,2,5,Machine Learning Engineer,Software Engineer,Data Scientist
29,Male,PhD,Computer Science,2.87,5,1,0,0,1,1,1,1,1,0,1,1,5,5,5,2,1,Business Intelligence Analyst,Machine Learning Engineer,Data Scientist
22,Female,Master,Computer Science,3.0,7,1,0,1,0,0,1,1,0,0,1,0,3,2,1,2,5,Software Engineer,Cloud Engineer,DevOps Engineer
24,Female,Bachelor,AI,3.24,8,1,0,0,1,1,0,1,0,0,1,1,5,2,3,5,3,Machine Learning Engineer,Cloud Engineer,DevOps Engineer
22,Male,Master,Cybersecurity,3.5,8,1,1,1,0,1,0,0,1,1,1,1,4,1,4,3,4,Machine Learning Engineer,Software Engineer,DevOps Engineer
26,Male,Bachelor,Cybersecurity,2.74,5,0,0,0,0,0,1,1,0,0,1,0,1,4,3,4,3,Cloud Engineer,DevOps Engineer,Machine Learning Engineer
29,Female,Bachelor,Computer Science,3.92,3,0,1,1,0,1,0,0,0,1,1,1,1,3,3,2,2,Software Engineer,DevOps Engineer,AI Researcher
28,Female,Master,Cybersecurity,2.93,5,1,0,1,1,0,0,0,1,0,0,0,2,2,4,4,2,Software Engineer,Cybersecurity Analyst,Backend Developer
23,Male,Bachelor,Software Engineering,2.6,4,1,1,0,1,0,0,1,1,1,1,0,4,5,3,5,3,Software Engineer,Cloud Engineer,DevOps Engineer
31,Male,Master,Computer Science,3.17,8,0,0,0,0,1,0,0,1,1,0,0,1,3,4,5,3,Cybersecurity Analyst,Frontend Developer,Full Stack Developer
31,Female,Master,Data Science,3.06,0,1,0,1,0,1,1,0,0,1,1,0,2,2,5,1,4,Machine Learning Engineer,Software Engineer,DevOps Engineer
27,Female,PhD,AI,2.77,6,1,1,1,0,0,1,1,1,1,1,0,3,5,3,4,4,Software Engineer,Cloud Engineer,DevOps Engineer
29,Male,Bachelor,Software Engineering,3.59,6,0,0,1,1,0,0,1,0,1,1,1,5,4,5,4,1,Software Engineer,Cloud Engineer,DevOps Engineer
23,Male,PhD,AI,3.12,0,1,1,0,0,0,0,0,1,1,0,1,2,2,4,2,2,Software Engineer,Cybersecurity Analyst,Backend Developer
24,Male,Bachelor,Software Engineering,3.34,8,1,0,0,0,0,0,0,0,0,1,0,5,1,4,4,5,DevOps Engineer,Business Intelligence Analyst,Machine Learning Engineer
31,Male,Master,Cybersecurity,2.7,0,0,0,1,0,0,0,1,1,0,0,0,5,1,5,4,1,Software Engineer,Cloud Engineer,Cybersecurity Analyst
24,Female,PhD,Cybersecurity,2.76,4,0,1,1,1,1,1,1,1,1,0,1,5,2,3,4,3,Business Intelligence Analyst,Software Engineer,Cloud Engineer
26,Female,PhD,Cybersecurity,3.52,4,0,0,0,0,1,0,1,1,1,0,1,3,1,5,4,4,Cybersecurity Analyst,Cloud Engineer,Frontend Developer
26,Female,Master,AI,3.8,8,1,1,1,1,1,1,1,1,1,0,0,3,5,4,1,4,AI Researcher,Machine Learning Engineer,Data Scientist
34,Female,Master,Cybersecurity,3.39,5,1,1,0,0,1,1,0,0,1,0,1,3,3,4,1,1,Machine Learning Engineer,Software Engineer,Data Scientist
24,Male,Master,Computer Science,3.21,1,0,1,0,1,0,0,1,1,0,0,1,1,3,2,2,4,Software Engineer,Cloud Engineer,Cybersecurity Analyst
22,Female,PhD,Cybersecurity,3.86,3,1,1,1,1,0,1,0,0,1,0,0,4,1,2,5,3,Business Intelligence Analyst,Software Engineer,AI Researcher
25,Male,Master,Computer Science,3.24,5,1,0,1,0,1,1,0,1,1,1,1,1,5,2,3,5,Machine Learning Engineer,Software Engineer,DevOps Engineer
32,Male,PhD,Software Engineering,2.97,7,0,1,0,0,0,1,0,0,0,0,0,2,5,1,4,4,Software Engineer,Backend Developer,Machine Learning Engineer
